-- Insert statements for table: categories
INSERT INTO categories (categoryID, categoryName, description, picture) VALUES
    (1, 'Beverages', 'Soft drinks coffees teas beers and ales', '0x151C2F00020000000D000E0014002100FFFFFFFF4269746D617020496D616765005061696E742E5069637475726500010500000200000007000000504272757368000000000000000000A0290000424D98290000000000005600000028000000AC00000078000000010004000000000000000000880B0000880B0000080000'),
    (2, 'Condiments', 'Sweet and savory sauces relishes spreads and seasonings', '0x151C2F00020000000D000E0014002100FFFFFFFF4269746D617020496D616765005061696E742E5069637475726500010500000200000007000000504272757368000000000000000000A0290000424D98290000000000005600000028000000AC00000078000000010004000000000000000000880B0000880B0000080000'),
    (3, 'Confections', 'Desserts candies and sweet breads', '0x151C2F00020000000D000E0014002100FFFFFFFF4269746D617020496D616765005061696E742E5069637475726500010500000200000007000000504272757368000000000000000000A0290000424D98290000000000005600000028000000AC00000078000000010004000000000000000000880B0000880B0000080000'),
    (4, 'Dairy Products', 'Cheeses', '0x151C2F00020000000D000E0014002100FFFFFFFF4269746D617020496D616765005061696E742E5069637475726500010500000200000007000000504272757368000000000000000000A0290000424D98290000000000005600000028000000AC00000078000000010004000000000000000000880B0000880B0000080000'),
    (5, 'Grains/Cereals', 'Breads crackers pasta and cereal', '0x151C2F00020000000D000E0014002100FFFFFFFF4269746D617020496D616765005061696E742E5069637475726500010500000200000007000000504272757368000000000000000000A0290000424D98290000000000005600000028000000AC00000078000000010004000000000000000000880B0000880B0000080000'),
    (6, 'Meat/Poultry', 'Prepared meats', '0x151C2F00020000000D000E0014002100FFFFFFFF4269746D617020496D616765005061696E742E5069637475726500010500000200000007000000504272757368000000000000000000A0290000424D98290000000000005600000028000000AC00000078000000010004000000000000000000880B0000880B0000080000'),
    (7, 'Produce', 'Dried fruit and bean curd', '0x151C2F00020000000D000E0014002100FFFFFFFF4269746D617020496D616765005061696E742E5069637475726500010500000200000007000000504272757368000000000000000000A0290000424D98290000000000005600000028000000AC00000078000000010004000000000000000000880B0000880B0000080000'),
    (8, 'Seafood', 'Seaweed and fish', '0x151C2F00020000000D000E0014002100FFFFFFFF4269746D617020496D616765005061696E742E5069637475726500010500000200000007000000504272757368000000000000000000A0290000424D98290000000000005600000028000000AC00000078000000010004000000000000000000880B0000880B0000080000');

-- Insert statements for table: customers
INSERT INTO customers (customerID, companyName, contactName, contactTitle, address, city, region, postalCode, country, phone, fax) VALUES
    ('ALFKI', 'Alfreds Futterkiste', 'Maria Anders', 'Sales Representative', 'Obere Str. 57', 'Berlin', NULL, '12209', 'Germany', '030-0074321', '030-0076545'),
    ('ANATR', 'Ana Trujillo Emparedados y helados', 'Ana Trujillo', 'Owner', 'Avda. de la Constitución 2222', 'México D.F.', NULL, '05021', 'Mexico', '(5) 555-4729', '(5) 555-3745'),
    ('ANTON', 'Antonio Moreno Taquería', 'Antonio Moreno', 'Owner', 'Mataderos  2312', 'México D.F.', NULL, '05023', 'Mexico', '(5) 555-3932', NULL),
    ('AROUT', 'Around the Horn', 'Thomas Hardy', 'Sales Representative', '120 Hanover Sq.', 'London', NULL, 'WA1 1DP', 'UK', '(171) 555-7788', '(171) 555-6750'),
    ('BERGS', 'Berglunds snabbköp', 'Christina Berglund', 'Order Administrator', 'Berguvsvägen  8', 'Luleå', NULL, 'S-958 22', 'Sweden', '0921-12 34 65', '0921-12 34 67'),
    ('BLAUS', 'Blauer See Delikatessen', 'Hanna Moos', 'Sales Representative', 'Forsterstr. 57', 'Mannheim', NULL, '68306', 'Germany', '0621-08460', '0621-08924'),
    ('BLONP', 'Blondesddsl père et fils', 'Frédérique Citeaux', 'Marketing Manager', '24 place Kléber', 'Strasbourg', NULL, '67000', 'France', '88.60.15.31', '88.60.15.32'),
    ('BOLID', 'Bólido Comidas preparadas', 'Martín Sommer', 'Owner', '67C Araquil', 'Madrid', NULL, '28023', 'Spain', '(91) 555 22 82', '(91) 555 91 99'),
    ('BONAP', 'Bon app''', 'Laurence Lebihan', 'Owner', '12 rue des Bouchers', 'Marseille', NULL, '13008', 'France', '91.24.45.40', '91.24.45.41'),
    ('BOTTM', 'Bottom-Dollar Markets', 'Elizabeth Lincoln', 'Accounting Manager', '23 Tsawassen Blvd.', 'Tsawassen', 'BC', 'T2F 8M4', 'Canada', '(604) 555-4729', '(604) 555-3745'),
    ('BSBEV', 'B''s Beverages', 'Victoria Ashworth', 'Sales Representative', 'Fauntleroy Circus', 'London', NULL, 'EC2 5NT', 'UK', '(171) 555-1212', NULL),
    ('CACTU', 'Cactus Comidas para llevar', 'Patricio Simpson', 'Sales Agent', 'Cerrito 333', 'Buenos Aires', NULL, '1010', 'Argentina', '(1) 135-5555', '(1) 135-4892'),
    ('CENTC', 'Centro comercial Moctezuma', 'Francisco Chang', 'Marketing Manager', 'Sierras de Granada 9993', 'México D.F.', NULL, '05022', 'Mexico', '(5) 555-3392', '(5) 555-7293'),
    ('CHOPS', 'Chop-suey Chinese', 'Yang Wang', 'Owner', 'Hauptstr. 29', 'Bern', NULL, '3012', 'Switzerland', '0452-076545', NULL),
    ('COMMI', 'Comércio Mineiro', 'Pedro Afonso', 'Sales Associate', '23 Av. dos Lusíadas', 'Sao Paulo', 'SP', '05432-043', 'Brazil', '(11) 555-7647', NULL),
    ('CONSH', 'Consolidated Holdings', 'Elizabeth Brown', 'Sales Representative', 'Berkeley Gardens 12  Brewery', 'London', NULL, 'WX1 6LT', 'UK', '(171) 555-2282', '(171) 555-9199'),
    ('DRACD', 'Drachenblut Delikatessen', 'Sven Ottlieb', 'Order Administrator', 'Walserweg 21', 'Aachen', NULL, '52066', 'Germany', '0241-039123', '0241-059428'),
    ('DUMON', 'Du monde entier', 'Janine Labrune', 'Owner', '67 rue des Cinquante Otages', 'Nantes', NULL, '44000', 'France', '40.67.88.88', '40.67.89.89'),
    ('EASTC', 'Eastern Connection', 'Ann Devon', 'Sales Agent', '35 King George', 'London', NULL, 'WX3 6FW', 'UK', '(171) 555-0297', '(171) 555-3373'),
    ('ERNSH', 'Ernst Handel', 'Roland Mendel', 'Sales Manager', 'Kirchgasse 6', 'Graz', NULL, '8010', 'Austria', '7675-3425', '7675-3426'),
    ('FAMIA', 'Familia Arquibaldo', 'Aria Cruz', 'Marketing Assistant', 'Rua Orós 92', 'Sao Paulo', 'SP', '05442-030', 'Brazil', '(11) 555-9857', NULL),
    ('FISSA', 'FISSA Fabrica Inter. Salchichas S.A.', 'Diego Roel', 'Accounting Manager', 'C/ Moralzarzal 86', 'Madrid', NULL, '28034', 'Spain', '(91) 555 94 44', '(91) 555 55 93'),
    ('FOLIG', 'Folies gourmandes', 'Martine Rancé', 'Assistant Sales Agent', '184 chaussée de Tournai', 'Lille', NULL, '59000', 'France', '20.16.10.16', '20.16.10.17'),
    ('FOLKO', 'Folk och fä HB', 'Maria Larsson', 'Owner', 'Åkergatan 24', 'Bräcke', NULL, 'S-844 67', 'Sweden', '0695-34 67 21', NULL),
    ('FRANK', 'Frankenversand', 'Peter Franken', 'Marketing Manager', 'Berliner Platz 43', 'München', NULL, '80805', 'Germany', '089-0877310', '089-0877451'),
    ('FRANR', 'France restauration', 'Carine Schmitt', 'Marketing Manager', '54 rue Royale', 'Nantes', NULL, '44000', 'France', '40.32.21.21', '40.32.21.20'),
    ('FRANS', 'Franchi S.p.A.', 'Paolo Accorti', 'Sales Representative', 'Via Monte Bianco 34', 'Torino', NULL, '10100', 'Italy', '011-4988260', '011-4988261'),
    ('FURIB', 'Furia Bacalhau e Frutos do Mar', 'Lino Rodriguez', 'Sales Manager', 'Jardim das rosas n. 32', 'Lisboa', NULL, '1675', 'Portugal', '(1) 354-2534', '(1) 354-2535'),
    ('GALED', 'Galería del gastrónomo', 'Eduardo Saavedra', 'Marketing Manager', 'Rambla de Cataluña 23', 'Barcelona', NULL, '08022', 'Spain', '(93) 203 4560', '(93) 203 4561'),
    ('GODOS', 'Godos Cocina Típica', 'José Pedro Freyre', 'Sales Manager', 'C/ Romero 33', 'Sevilla', NULL, '41101', 'Spain', '(95) 555 82 82', NULL),
    ('GOURL', 'Gourmet Lanchonetes', 'André Fonseca', 'Sales Associate', 'Av. Brasil 442', 'Campinas', 'SP', '04876-786', 'Brazil', '(11) 555-9482', NULL),
    ('GREAL', 'Great Lakes Food Market', 'Howard Snyder', 'Marketing Manager', '2732 Baker Blvd.', 'Eugene', 'OR', '97403', 'USA', '(503) 555-7555', NULL),
    ('GROSR', 'GROSELLA-Restaurante', 'Manuel Pereira', 'Owner', '5ª Ave. Los Palos Grandes', 'Caracas', 'DF', '1081', 'Venezuela', '(2) 283-2951', '(2) 283-3397'),
    ('HANAR', 'Hanari Carnes', 'Mario Pontes', 'Accounting Manager', 'Rua do Paço 67', 'Rio de Janeiro', 'RJ', '05454-876', 'Brazil', '(21) 555-0091', '(21) 555-8765'),
    ('HILAA', 'HILARION-Abastos', 'Carlos Hernández', 'Sales Representative', 'Carrera 22 con Ave. Carlos Soublette #8-35', 'San Cristóbal', 'Táchira', '5022', 'Venezuela', '(5) 555-1340', '(5) 555-1948'),
    ('HUNGC', 'Hungry Coyote Import Store', 'Yoshi Latimer', 'Sales Representative', 'City Center Plaza 516 Main St.', 'Elgin', 'OR', '97827', 'USA', '(503) 555-6874', '(503) 555-2376'),
    ('HUNGO', 'Hungry Owl All-Night Grocers', 'Patricia McKenna', 'Sales Associate', '8 Johnstown Road', 'Cork', 'Co. Cork', NULL, 'Ireland', '2967 542', '2967 3333'),
    ('ISLAT', 'Island Trading', 'Helen Bennett', 'Marketing Manager', 'Garden House Crowther Way', 'Cowes', 'Isle of Wight', 'PO31 7PJ', 'UK', '(198) 555-8888', NULL),
    ('KOENE', 'Königlich Essen', 'Philip Cramer', 'Sales Associate', 'Maubelstr. 90', 'Brandenburg', NULL, '14776', 'Germany', '0555-09876', NULL),
    ('LACOR', 'La corne d''abondance', 'Daniel Tonini', 'Sales Representative', '67 avenue de l''Europe', 'Versailles', NULL, '78000', 'France', '30.59.84.10', '30.59.85.11'),
    ('LAMAI', 'La maison d''Asie', 'Annette Roulet', 'Sales Manager', '1 rue Alsace-Lorraine', 'Toulouse', NULL, '31000', 'France', '61.77.61.10', '61.77.61.11'),
    ('LAUGB', 'Laughing Bacchus Wine Cellars', 'Yoshi Tannamuri', 'Marketing Assistant', '1900 Oak St.', 'Vancouver', 'BC', 'V3F 2K1', 'Canada', '(604) 555-3392', '(604) 555-7293'),
    ('LAZYK', 'Lazy K Kountry Store', 'John Steel', 'Marketing Manager', '12 Orchestra Terrace', 'Walla Walla', 'WA', '99362', 'USA', '(509) 555-7969', '(509) 555-6221'),
    ('LEHMS', 'Lehmanns Marktstand', 'Renate Messner', 'Sales Representative', 'Magazinweg 7', 'Frankfurt a.M.', NULL, '60528', 'Germany', '069-0245984', '069-0245874'),
    ('LETSS', 'Let''s Stop N Shop', 'Jaime Yorres', 'Owner', '87 Polk St. Suite 5', 'San Francisco', 'CA', '94117', 'USA', '(415) 555-5938', NULL),
    ('LILAS', 'LILA-Supermercado', 'Carlos González', 'Accounting Manager', 'Carrera 52 con Ave. Bolívar #65-98 Llano Largo', 'Barquisimeto', 'Lara', '3508', 'Venezuela', '(9) 331-6954', '(9) 331-7256'),
    ('LINOD', 'LINO-Delicateses', 'Felipe Izquierdo', 'Owner', 'Ave. 5 de Mayo Porlamar', 'I. de Margarita', 'Nueva Esparta', '4980', 'Venezuela', '(8) 34-56-12', '(8) 34-93-93'),
    ('LONEP', 'Lonesome Pine Restaurant', 'Fran Wilson', 'Sales Manager', '89 Chiaroscuro Rd.', 'Portland', 'OR', '97219', 'USA', '(503) 555-9573', '(503) 555-9646'),
    ('MAGAA', 'Magazzini Alimentari Riuniti', 'Giovanni Rovelli', 'Marketing Manager', 'Via Ludovico il Moro 22', 'Bergamo', NULL, '24100', 'Italy', '035-640230', '035-640231'),
    ('MAISD', 'Maison Dewey', 'Catherine Dewey', 'Sales Agent', 'Rue Joseph-Bens 532', 'Bruxelles', NULL, 'B-1180', 'Belgium', '(02) 201 24 67', '(02) 201 24 68'),
    ('MEREP', 'Mère Paillarde', 'Jean Fresnière', 'Marketing Assistant', '43 rue St. Laurent', 'Montréal', 'Québec', 'H1J 1C3', 'Canada', '(514) 555-8054', '(514) 555-8055'),
    ('MORGK', 'Morgenstern Gesundkost', 'Alexander Feuer', 'Marketing Assistant', 'Heerstr. 22', 'Leipzig', NULL, '04179', 'Germany', '0342-023176', NULL),
    ('NORTS', 'North/South', 'Simon Crowther', 'Sales Associate', 'South House 300 Queensbridge', 'London', NULL, 'SW7 1RZ', 'UK', '(171) 555-7733', '(171) 555-2530'),
    ('OCEAN', 'Océano Atlántico Ltda.', 'Yvonne Moncada', 'Sales Agent', 'Ing. Gustavo Moncada 8585 Piso 20-A', 'Buenos Aires', NULL, '1010', 'Argentina', '(1) 135-5333', '(1) 135-5535'),
    ('OLDWO', 'Old World Delicatessen', 'Rene Phillips', 'Sales Representative', '2743 Bering St.', 'Anchorage', 'AK', '99508', 'USA', '(907) 555-7584', '(907) 555-2880'),
    ('OTTIK', 'Ottilies Käseladen', 'Henriette Pfalzheim', 'Owner', 'Mehrheimerstr. 369', 'Köln', NULL, '50739', 'Germany', '0221-0644327', '0221-0765721'),
    ('PARIS', 'Paris spécialités', 'Marie Bertrand', 'Owner', '265 boulevard Charonne', 'Paris', NULL, '75012', 'France', '(1) 42.34.22.66', '(1) 42.34.22.77'),
    ('PERIC', 'Pericles Comidas clásicas', 'Guillermo Fernández', 'Sales Representative', 'Calle Dr. Jorge Cash 321', 'México D.F.', NULL, '05033', 'Mexico', '(5) 552-3745', '(5) 545-3745'),
    ('PICCO', 'Piccolo und mehr', 'Georg Pipps', 'Sales Manager', 'Geislweg 14', 'Salzburg', NULL, '5020', 'Austria', '6562-9722', '6562-9723'),
    ('PRINI', 'Princesa Isabel Vinhos', 'Isabel de Castro', 'Sales Representative', 'Estrada da saúde n. 58', 'Lisboa', NULL, '1756', 'Portugal', '(1) 356-5634', NULL),
    ('QUEDE', 'Que Delícia', 'Bernardo Batista', 'Accounting Manager', 'Rua da Panificadora', ' 12Rio de Janeiro', 'RJ', '02389-673', 'Brazil', '(21) 555-4252', '(21) 555-4545'),
    ('QUEEN', 'Queen Cozinha', 'Lúcia Carvalho', 'Marketing Assistant', 'Alameda dos Canàrios 891', 'Sao Paulo', 'SP', '05487-020', 'Brazil', '(11) 555-1189', NULL),
    ('QUICK', 'QUICK-Stop', 'Horst Kloss', 'Accounting Manager', 'Taucherstraße 10', 'Cunewalde', NULL, '01307', 'Germany', '0372-035188', NULL),
    ('RANCH', 'Rancho grande', 'Sergio Gutiérrez', 'Sales Representative', 'Av. del Libertador 900', 'Buenos Aires', NULL, '1010', 'Argentina', '(1) 123-5555', '(1) 123-5556'),
    ('RATTC', 'Rattlesnake Canyon Grocery', 'Paula Wilson', 'Assistant Sales Representative', '2817 Milton Dr.', 'Albuquerque', 'NM', '87110', 'USA', '(505) 555-5939', '(505) 555-3620'),
    ('REGGC', 'Reggiani Caseifici', 'Maurizio Moroni', 'Sales Associate', 'Strada Provinciale 124', 'Reggio Emilia', NULL, '42100', 'Italy', '0522-556721', '0522-556722'),
    ('RICAR', 'Ricardo Adocicados', 'Janete Limeira', 'Assistant Sales Agent', 'Av. Copacabana 267', 'Rio de Janeiro', 'RJ', '02389-890', 'Brazil', '(21) 555-3412', NULL),
    ('RICSU', 'Richter Supermarkt', 'Michael Holz', 'Sales Manager', 'Grenzacherweg 237', 'Genève', NULL, '1203', 'Switzerland', '0897-034214', NULL),
    ('ROMEY', 'Romero y tomillo', 'Alejandra Camino', 'Accounting Manager', 'Gran Vía 1', 'Madrid', NULL, '28001', 'Spain', '(91) 745 6200', '(91) 745 6210'),
    ('SANTG', 'Santé Gourmet', 'Jonas Bergulfsen', 'Owner', 'Erling Skakkes gate 78', 'Stavern', NULL, '4110', 'Norway', '07-98 92 35', '07-98 92 47'),
    ('SAVEA', 'Save-a-lot Markets', 'Jose Pavarotti', 'Sales Representative', '187 Suffolk Ln.', 'Boise', 'ID', '83720', 'USA', '(208) 555-8097', NULL),
    ('SEVES', 'Seven Seas Imports', 'Hari Kumar', 'Sales Manager', '90 Wadhurst Rd.', 'London', NULL, 'OX15 4NB', 'UK', '(171) 555-1717', '(171) 555-5646'),
    ('SIMOB', 'Simons bistro', 'Jytte Petersen', 'Owner', 'Vinbæltet 34', 'Kobenhavn', NULL, '1734', 'Denmark', '31 12 34 56', '31 13 35 57'),
    ('SPECD', 'Spécialités du monde', 'Dominique Perrier', 'Marketing Manager', '25 rue Lauriston', 'Paris', NULL, '75016', 'France', '(1) 47.55.60.10', '(1) 47.55.60.20'),
    ('SPLIR', 'Split Rail Beer & Ale', 'Art Braunschweiger', 'Sales Manager', 'P.O. Box 555', 'Lander', 'WY', '82520', 'USA', '(307) 555-4680', '(307) 555-6525'),
    ('SUPRD', 'Suprêmes délices', 'Pascale Cartrain', 'Accounting Manager', 'Boulevard Tirou 255', 'Charleroi', NULL, 'B-6000', 'Belgium', '(071) 23 67 22 20', '(071) 23 67 22 21'),
    ('THEBI', 'The Big Cheese', 'Liz Nixon', 'Marketing Manager', '89 Jefferson Way Suite 2', 'Portland', 'OR', '97201', 'USA', '(503) 555-3612', NULL),
    ('THECR', 'The Cracker Box', 'Liu Wong', 'Marketing Assistant', '55 Grizzly Peak Rd.', 'Butte', 'MT', '59801', 'USA', '(406) 555-5834', '(406) 555-8083'),
    ('TOMSP', 'Toms Spezialitäten', 'Karin Josephs', 'Marketing Manager', 'Luisenstr. 48', 'Münster', NULL, '44087', 'Germany', '0251-031259', '0251-035695'),
    ('TORTU', 'Tortuga Restaurante', 'Miguel Angel Paolino', 'Owner', 'Avda. Azteca 123', 'México D.F.', NULL, '05033', 'Mexico', '(5) 555-2933', NULL),
    ('TRADH', 'Tradição Hipermercados', 'Anabela Domingues', 'Sales Representative', 'Av. Inês de Castro 414', 'Sao Paulo', 'SP', '05634-030', 'Brazil', '(11) 555-2167', '(11) 555-2168'),
    ('TRAIH', 'Trail''s Head Gourmet Provisioners', 'Helvetius Nagy', 'Sales Associate', '722 DaVinci Blvd.', 'Kirkland', 'WA', '98034', 'USA', '(206) 555-8257', '(206) 555-2174'),
    ('VAFFE', 'Vaffeljernet', 'Palle Ibsen', 'Sales Manager', 'Smagsloget 45', 'Århus', NULL, '8200', 'Denmark', '86 21 32 43', '86 22 33 44'),
    ('VICTE', 'Victuailles en stock', 'Mary Saveley', 'Sales Agent', '2 rue du Commerce', 'Lyon', NULL, '69004', 'France', '78.32.54.86', '78.32.54.87'),
    ('VINET', 'Vins et alcools Chevalier', 'Paul Henriot', 'Accounting Manager', '59 rue de l''Abbaye', 'Reims', NULL, '51100', 'France', '26.47.15.10', '26.47.15.11'),
    ('WANDK', 'Die Wandernde Kuh', 'Rita Müller', 'Sales Representative', 'Adenauerallee 900', 'Stuttgart', NULL, '70563', 'Germany', '0711-020361', '0711-035428'),
    ('WARTH', 'Wartian Herkku', 'Pirkko Koskitalo', 'Accounting Manager', 'Torikatu 38', 'Oulu', NULL, '90110', 'Finland', '981-443655', '981-443655'),
    ('WELLI', 'Wellington Importadora', 'Paula Parente', 'Sales Manager', 'Rua do Mercado 12', 'Resende', 'SP', '08737-363', 'Brazil', '(14) 555-8122', NULL),
    ('WHITC', 'White Clover Markets', 'Karl Jablonski', 'Owner', '305 - 14th Ave. S. Suite 3B', 'Seattle', 'WA', '98128', 'USA', '(206) 555-4112', '(206) 555-4115'),
    ('WILMK', 'Wilman Kala', 'Matti Karttunen', 'Owner/Marketing Assistant', 'Keskuskatu 45', 'Helsinki', NULL, '21240', 'Finland', '90-224 8858', '90-224 8858'),
    ('WOLZA', 'Wolski  Zajazd', 'Zbyszek Piestrzeniewicz', 'Owner', 'ul. Filtrowa 68', 'Warszawa', NULL, '01-012', 'Poland', '(26) 642-7012', '(26) 642-7012');

-- Insert statements for table: employee_territories
INSERT INTO employee_territories (employeeID, territoryID) VALUES
    (1, 6897),
    (1, 19713),
    (2, 1581),
    (2, 1730),
    (2, 1833),
    (2, 2116),
    (2, 2139),
    (2, 2184),
    (2, 40222),
    (3, 30346),
    (3, 31406),
    (3, 32859),
    (3, 33607),
    (4, 20852),
    (4, 27403),
    (4, 27511),
    (5, 2903),
    (5, 7960),
    (5, 8837),
    (5, 10019),
    (5, 10038),
    (5, 11747),
    (5, 14450),
    (6, 85014),
    (6, 85251),
    (6, 98004),
    (6, 98052),
    (6, 98104),
    (7, 60179),
    (7, 60601),
    (7, 80202),
    (7, 80909),
    (7, 90405),
    (7, 94025),
    (7, 94105),
    (7, 95008),
    (7, 95054),
    (7, 95060),
    (8, 19428),
    (8, 44122),
    (8, 45839),
    (8, 53404),
    (9, 3049),
    (9, 3801),
    (9, 48075),
    (9, 48084),
    (9, 48304),
    (9, 55113),
    (9, 55439);

-- Insert statements for table: employees
INSERT INTO employees (employeeID, lastName, firstName, title, titleOfCourtesy, birthDate, hireDate, address, city, region, postalCode, country, homePhone, extension, photo, notes, reportsTo, photoPath) VALUES
    (1, 'Davolio', 'Nancy', 'Sales Representative', 'Ms.', '1948-12-08 00:00:00.000', '1992-05-01 00:00:00.000', '507 20th Ave. E. Apt. 2A', 'Seattle', 'WA', '98122', 'USA', '(206) 555-9857', 5467, '0x151C2F00020000000D000E0014002100FFFFFFFF4269746D617020496D616765005061696E742E506963747572650001050000020000000700000050427275736800000000000000000020540000424D20540000000000007600000028000000C0000000DF0000000100040000000000A0530000CE0E0000D80E0000000000', 'Education includes a BA in psychology from Colorado State University in 1970.  She also completed The Art of the Cold Call.  Nancy is a member of Toastmasters International.', 2.0, 'http://accweb/emmployees/davolio.bmp'),
    (2, 'Fuller', 'Andrew', 'Vice President Sales', 'Dr.', '1952-02-19 00:00:00.000', '1992-08-14 00:00:00.000', '908 W. Capital Way', 'Tacoma', 'WA', '98401', 'USA', '(206) 555-9482', 3457, '0x151C2F00020000000D000E0014002100FFFFFFFF4269746D617020496D616765005061696E742E506963747572650001050000020000000700000050427275736800000000000000000020540000424D20540000000000007600000028000000C0000000DF0000000100040000000000A0530000CE0E0000D80E0000000000', 'Andrew received his BTS commercial in 1974 and a Ph.D. in international marketing from the University of Dallas in 1981.  He is fluent in French and Italian and reads German.  He joined the company as a sales representative was promoted to sales manager', NULL, 'http://accweb/emmployees/fuller.bmp'),
    (3, 'Leverling', 'Janet', 'Sales Representative', 'Ms.', '1963-08-30 00:00:00.000', '1992-04-01 00:00:00.000', '722 Moss Bay Blvd.', 'Kirkland', 'WA', '98033', 'USA', '(206) 555-3412', 3355, '0x151C2F00020000000D000E0014002100FFFFFFFF4269746D617020496D616765005061696E742E506963747572650001050000020000000700000050427275736800000000000000000080540000424D80540000000000007600000028000000C0000000E0000000010004000000000000540000CE0E0000D80E0000000000', 'Janet has a BS degree in chemistry from Boston College (1984). She has also completed a certificate program in food retailing management.  Janet was hired as a sales associate in 1991 and promoted to sales representative in February 1992.', 2.0, 'http://accweb/emmployees/leverling.bmp'),
    (4, 'Peacock', 'Margaret', 'Sales Representative', 'Mrs.', '1937-09-19 00:00:00.000', '1993-05-03 00:00:00.000', '4110 Old Redmond Rd.', 'Redmond', 'WA', '98052', 'USA', '(206) 555-8122', 5176, '0x151C2F00020000000D000E0014002100FFFFFFFF4269746D617020496D616765005061696E742E506963747572650001050000020000000700000050427275736800000000000000000020540000424D20540000000000007600000028000000C0000000DF0000000100040000000000A0530000CE0E0000D80E0000000000', 'Margaret holds a BA in English literature from Concordia College (1958) and an MA from the American Institute of Culinary Arts (1966).  She was assigned to the London office temporarily from July through November 1992.', 2.0, 'http://accweb/emmployees/peacock.bmp'),
    (5, 'Buchanan', 'Steven', 'Sales Manager', 'Mr.', '1955-03-04 00:00:00.000', '1993-10-17 00:00:00.000', '14 Garrett Hill', 'London', NULL, 'SW1 8JR', 'UK', '(71) 555-4848', 3453, '0x151C2F00020000000D000E0014002100FFFFFFFF4269746D617020496D616765005061696E742E506963747572650001050000020000000700000050427275736800000000000000000020540000424D20540000000000007600000028000000C0000000DF0000000100040000000000A0530000CE0E0000D80E0000000000', 'Steven Buchanan graduated from St. Andrews University in Scotland with a BSC degree in 1976.  Upon joining the company as a sales representative in 1992 he spent 6 months in an orientation program at the Seattle office.', 2.0, 'http://accweb/emmployees/buchanan.bmp'),
    (6, 'Suyama', 'Michael', 'Sales Representative', 'Mr.', '1963-07-02 00:00:00.000', '1993-10-17 00:00:00.000', 'Coventry House Miner Rd.', 'London', NULL, 'EC2 7JR', 'UK', '(71) 555-7773', 428, '0x151C2F00020000000D000E0014002100FFFFFFFF4269746D617020496D616765005061696E742E506963747572650001050000020000000700000050427275736800000000000000000020540000424D16540000000000007600000028000000C0000000DF0000000100040000000000A0530000CE0E0000D80E0000000000', 'Michael is a graduate of Sussex University (MA Economics 1983) and the University of California at Los Angeles (MBA marketing 1986).  He has also taken the courses Multi-Cultural Selling and Time Management for the Sales Professional.', 5.0, 'http://accweb/emmployees/davolio.bmp'),
    (7, 'King', 'Robert', 'Sales Representative', 'Mr.', '1960-05-29 00:00:00.000', '1994-01-02 00:00:00.000', 'Edgeham Hollow Winchester Way', 'London', NULL, 'RG1 9SP', 'UK', '(71) 555-5598', 465, '0x151C2F00020000000D000E0014002100FFFFFFFF4269746D617020496D616765005061696E742E506963747572650001050000020000000700000050427275736800000000000000000020540000424D16540000000000007600000028000000C0000000DF0000000100040000000000A0530000CE0E0000D80E0000000000', 'Robert King served in the Peace Corps and traveled extensively before completing his degree in English at the University of Michigan in 1992 the year he joined the company.', 5.0, 'http://accweb/emmployees/davolio.bmp'),
    (8, 'Callahan', 'Laura', 'Inside Sales Coordinator', 'Ms.', '1958-01-09 00:00:00.000', '1994-03-05 00:00:00.000', '4726 11th Ave. N.E.', 'Seattle', 'WA', '98105', 'USA', '(206) 555-1189', 2344, '0x151C2F00020000000D000E0014002100FFFFFFFF4269746D617020496D616765005061696E742E506963747572650001050000020000000700000050427275736800000000000000000020540000424D16540000000000007600000028000000C0000000DF0000000100040000000000A0530000CE0E0000D80E0000000000', 'Laura received a BA in psychology from the University of Washington.  She has also completed a course in business French.  She reads and writes French.', 2.0, 'http://accweb/emmployees/davolio.bmp'),
    (9, 'Dodsworth', 'Anne', 'Sales Representative', 'Ms.', '1966-01-27 00:00:00.000', '1994-11-15 00:00:00.000', '7 Houndstooth Rd.', 'London', NULL, 'WG2 7LT', 'UK', '(71) 555-4444', 452, '0x151C2F00020000000D000E0014002100FFFFFFFF4269746D617020496D616765005061696E742E506963747572650001050000020000000700000050427275736800000000000000000020540000424D16540000000000007600000028000000C0000000DF0000000100040000000000A0530000CE0E0000D80E0000000000', 'Anne has a BA degree in English from St. Lawrence College.  She is fluent in French and German.', 5.0, 'http://accweb/emmployees/davolio.bmp');

-- Insert statements for table: order_details
INSERT INTO order_details (orderID, productID, unitPrice, quantity, discount) VALUES
    (10248.0, 11.0, 14.0, 12.0, 0.0),
    (10248.0, 42.0, 9.8, 10.0, 0.0),
    (10248.0, 72.0, 34.8, 5.0, 0.0),
    (10249.0, 14.0, 18.6, 9.0, 0.0),
    (10249.0, 51.0, 42.4, 40.0, 0.0),
    (10250.0, 41.0, 7.7, 10.0, 0.0),
    (10250.0, 51.0, 42.4, 35.0, 0.15),
    (10250.0, 65.0, 16.8, 15.0, 0.15),
    (10251.0, 22.0, 16.8, 6.0, 0.05),
    (10251.0, 57.0, 15.6, 15.0, 0.05),
    (10251.0, 65.0, 16.8, 20.0, 0.0),
    (10252.0, 20.0, 64.8, 40.0, 0.05),
    (10252.0, 33.0, 2.0, 25.0, 0.05),
    (10252.0, 60.0, 27.2, 40.0, 0.0),
    (10253.0, 31.0, 10.0, 20.0, 0.0),
    (10253.0, 39.0, 14.4, 42.0, 0.0),
    (10253.0, 49.0, 16.0, 40.0, 0.0),
    (10254.0, 24.0, 3.6, 15.0, 0.15),
    (10254.0, 55.0, 19.2, 21.0, 0.15),
    (10254.0, 74.0, 8.0, 21.0, 0.0),
    (10255.0, 2.0, 15.2, 20.0, 0.0),
    (10255.0, 16.0, 13.9, 35.0, 0.0),
    (10255.0, 36.0, 15.2, 25.0, 0.0),
    (10255.0, 59.0, 44.0, 30.0, 0.0),
    (10256.0, 53.0, 26.2, 15.0, 0.0),
    (10256.0, 77.0, 10.4, 12.0, 0.0),
    (10257.0, 27.0, 35.1, 25.0, 0.0),
    (10257.0, 39.0, 14.4, 6.0, 0.0),
    (10257.0, 77.0, 10.4, 15.0, 0.0),
    (10258.0, 2.0, 15.2, 50.0, 0.2),
    (10258.0, 5.0, 17.0, 65.0, 0.2),
    (10258.0, 32.0, 25.6, 6.0, 0.2),
    (10259.0, 21.0, 8.0, 10.0, 0.0),
    (10259.0, 37.0, 20.8, 1.0, 0.0),
    (10260.0, 41.0, 7.7, 16.0, 0.25),
    (10260.0, 57.0, 15.6, 50.0, 0.0),
    (10260.0, 62.0, 39.4, 15.0, 0.25),
    (10260.0, 70.0, 12.0, 21.0, 0.25),
    (10261.0, 21.0, 8.0, 20.0, 0.0),
    (10261.0, 35.0, 14.4, 20.0, 0.0),
    (10262.0, 5.0, 17.0, 12.0, 0.2),
    (10262.0, 7.0, 24.0, 15.0, 0.0),
    (10262.0, 56.0, 30.4, 2.0, 0.0),
    (10263.0, 16.0, 13.9, 60.0, 0.25),
    (10263.0, 24.0, 3.6, 28.0, 0.0),
    (10263.0, 30.0, 20.7, 60.0, 0.25),
    (10263.0, 74.0, 8.0, 36.0, 0.25),
    (10264.0, 2.0, 15.2, 35.0, 0.0),
    (10264.0, 41.0, 7.7, 25.0, 0.15),
    (10265.0, 17.0, 31.2, 30.0, 0.0),
    (10265.0, 70.0, 12.0, 20.0, 0.0),
    (10266.0, 12.0, 30.4, 12.0, 0.05),
    (10267.0, 40.0, 14.7, 50.0, 0.0),
    (10267.0, 59.0, 44.0, 70.0, 0.15),
    (10267.0, 76.0, 14.4, 15.0, 0.15),
    (10268.0, 29.0, 99.0, 10.0, 0.0),
    (10268.0, 72.0, 27.8, 4.0, 0.0),
    (10269.0, 33.0, 2.0, 60.0, 0.05),
    (10269.0, 72.0, 27.8, 20.0, 0.05),
    (10270.0, 36.0, 15.2, 30.0, 0.0),
    (10270.0, 43.0, 36.8, 25.0, 0.0),
    (10271.0, 33.0, 2.0, 24.0, 0.0),
    (10272.0, 20.0, 64.8, 6.0, 0.0),
    (10272.0, 31.0, 10.0, 40.0, 0.0),
    (10272.0, 72.0, 27.8, 24.0, 0.0),
    (10273.0, 10.0, 24.8, 24.0, 0.05),
    (10273.0, 31.0, 10.0, 15.0, 0.05),
    (10273.0, 33.0, 2.0, 20.0, 0.0),
    (10273.0, 40.0, 14.7, 60.0, 0.05),
    (10273.0, 76.0, 14.4, 33.0, 0.05),
    (10274.0, 71.0, 17.2, 20.0, 0.0),
    (10274.0, 72.0, 27.8, 7.0, 0.0),
    (10275.0, 24.0, 3.6, 12.0, 0.05),
    (10275.0, 59.0, 44.0, 6.0, 0.05),
    (10276.0, 10.0, 24.8, 15.0, 0.0),
    (10276.0, 13.0, 4.8, 10.0, 0.0),
    (10277.0, 28.0, 36.4, 20.0, 0.0),
    (10277.0, 62.0, 39.4, 12.0, 0.0),
    (10278.0, 44.0, 15.5, 16.0, 0.0),
    (10278.0, 59.0, 44.0, 15.0, 0.0),
    (10278.0, 63.0, 35.1, 8.0, 0.0),
    (10278.0, 73.0, 12.0, 25.0, 0.0),
    (10279.0, 17.0, 31.2, 15.0, 0.25),
    (10280.0, 24.0, 3.6, 12.0, 0.0),
    (10280.0, 55.0, 19.2, 20.0, 0.0),
    (10280.0, 75.0, 6.2, 30.0, 0.0),
    (10281.0, 19.0, 7.3, 1.0, 0.0),
    (10281.0, 24.0, 3.6, 6.0, 0.0),
    (10281.0, 35.0, 14.4, 4.0, 0.0),
    (10282.0, 30.0, 20.7, 6.0, 0.0),
    (10282.0, 57.0, 15.6, 2.0, 0.0),
    (10283.0, 15.0, 12.4, 20.0, 0.0),
    (10283.0, 19.0, 7.3, 18.0, 0.0),
    (10283.0, 60.0, 27.2, 35.0, 0.0),
    (10283.0, 72.0, 27.8, 3.0, 0.0),
    (10284.0, 27.0, 35.1, 15.0, 0.25),
    (10284.0, 44.0, 15.5, 21.0, 0.0),
    (10284.0, 60.0, 27.2, 20.0, 0.25),
    (10284.0, 67.0, 11.2, 5.0, 0.25),
    (10285.0, 1.0, 14.4, 45.0, 0.2),
    (10285.0, 40.0, 14.7, 40.0, 0.2),
    (10285.0, 53.0, 26.2, 36.0, 0.2),
    (10286.0, 35.0, 14.4, 100.0, 0.0),
    (10286.0, 62.0, 39.4, 40.0, 0.0),
    (10287.0, 16.0, 13.9, 40.0, 0.15),
    (10287.0, 34.0, 11.2, 20.0, 0.0),
    (10287.0, 46.0, 9.6, 15.0, 0.15),
    (10288.0, 54.0, 5.9, 10.0, 0.1),
    (10288.0, 68.0, 10.0, 3.0, 0.1),
    (10289.0, 3.0, 8.0, 30.0, 0.0),
    (10289.0, 64.0, 26.6, 9.0, 0.0),
    (10290.0, 5.0, 17.0, 20.0, 0.0),
    (10290.0, 29.0, 99.0, 15.0, 0.0),
    (10290.0, 49.0, 16.0, 15.0, 0.0),
    (10290.0, 77.0, 10.4, 10.0, 0.0),
    (10291.0, 13.0, 4.8, 20.0, 0.1),
    (10291.0, 44.0, 15.5, 24.0, 0.1),
    (10291.0, 51.0, 42.4, 2.0, 0.1),
    (10292.0, 20.0, 64.8, 20.0, 0.0),
    (10293.0, 18.0, 50.0, 12.0, 0.0),
    (10293.0, 24.0, 3.6, 10.0, 0.0),
    (10293.0, 63.0, 35.1, 5.0, 0.0),
    (10293.0, 75.0, 6.2, 6.0, 0.0),
    (10294.0, 1.0, 14.4, 18.0, 0.0),
    (10294.0, 17.0, 31.2, 15.0, 0.0),
    (10294.0, 43.0, 36.8, 15.0, 0.0),
    (10294.0, 60.0, 27.2, 21.0, 0.0),
    (10294.0, 75.0, 6.2, 6.0, 0.0),
    (10295.0, 56.0, 30.4, 4.0, 0.0),
    (10296.0, 11.0, 16.8, 12.0, 0.0),
    (10296.0, 16.0, 13.9, 30.0, 0.0),
    (10296.0, 69.0, 28.8, 15.0, 0.0),
    (10297.0, 39.0, 14.4, 60.0, 0.0),
    (10297.0, 72.0, 27.8, 20.0, 0.0),
    (10298.0, 2.0, 15.2, 40.0, 0.0),
    (10298.0, 36.0, 15.2, 40.0, 0.25),
    (10298.0, 59.0, 44.0, 30.0, 0.25),
    (10298.0, 62.0, 39.4, 15.0, 0.0),
    (10299.0, 19.0, 7.3, 15.0, 0.0),
    (10299.0, 70.0, 12.0, 20.0, 0.0),
    (10300.0, 66.0, 13.6, 30.0, 0.0),
    (10300.0, 68.0, 10.0, 20.0, 0.0),
    (10301.0, 40.0, 14.7, 10.0, 0.0),
    (10301.0, 56.0, 30.4, 20.0, 0.0),
    (10302.0, 17.0, 31.2, 40.0, 0.0),
    (10302.0, 28.0, 36.4, 28.0, 0.0),
    (10302.0, 43.0, 36.8, 12.0, 0.0),
    (10303.0, 40.0, 14.7, 40.0, 0.1),
    (10303.0, 65.0, 16.8, 30.0, 0.1),
    (10303.0, 68.0, 10.0, 15.0, 0.1),
    (10304.0, 49.0, 16.0, 30.0, 0.0),
    (10304.0, 59.0, 44.0, 10.0, 0.0),
    (10304.0, 71.0, 17.2, 2.0, 0.0),
    (10305.0, 18.0, 50.0, 25.0, 0.1),
    (10305.0, 29.0, 99.0, 25.0, 0.1),
    (10305.0, 39.0, 14.4, 30.0, 0.1),
    (10306.0, 30.0, 20.7, 10.0, 0.0),
    (10306.0, 53.0, 26.2, 10.0, 0.0),
    (10306.0, 54.0, 5.9, 5.0, 0.0),
    (10307.0, 62.0, 39.4, 10.0, 0.0),
    (10307.0, 68.0, 10.0, 3.0, 0.0),
    (10308.0, 69.0, 28.8, 1.0, 0.0),
    (10308.0, 70.0, 12.0, 5.0, 0.0),
    (10309.0, 4.0, 17.6, 20.0, 0.0),
    (10309.0, 6.0, 20.0, 30.0, 0.0),
    (10309.0, 42.0, 11.2, 2.0, 0.0),
    (10309.0, 43.0, 36.8, 20.0, 0.0),
    (10309.0, 71.0, 17.2, 3.0, 0.0),
    (10310.0, 16.0, 13.9, 10.0, 0.0),
    (10310.0, 62.0, 39.4, 5.0, 0.0),
    (10311.0, 42.0, 11.2, 6.0, 0.0),
    (10311.0, 69.0, 28.8, 7.0, 0.0),
    (10312.0, 28.0, 36.4, 4.0, 0.0),
    (10312.0, 43.0, 36.8, 24.0, 0.0),
    (10312.0, 53.0, 26.2, 20.0, 0.0),
    (10312.0, 75.0, 6.2, 10.0, 0.0),
    (10313.0, 36.0, 15.2, 12.0, 0.0),
    (10314.0, 32.0, 25.6, 40.0, 0.1),
    (10314.0, 58.0, 10.6, 30.0, 0.1),
    (10314.0, 62.0, 39.4, 25.0, 0.1),
    (10315.0, 34.0, 11.2, 14.0, 0.0),
    (10315.0, 70.0, 12.0, 30.0, 0.0),
    (10316.0, 41.0, 7.7, 10.0, 0.0),
    (10316.0, 62.0, 39.4, 70.0, 0.0),
    (10317.0, 1.0, 14.4, 20.0, 0.0),
    (10318.0, 41.0, 7.7, 20.0, 0.0),
    (10318.0, 76.0, 14.4, 6.0, 0.0),
    (10319.0, 17.0, 31.2, 8.0, 0.0),
    (10319.0, 28.0, 36.4, 14.0, 0.0),
    (10319.0, 76.0, 14.4, 30.0, 0.0),
    (10320.0, 71.0, 17.2, 30.0, 0.0),
    (10321.0, 35.0, 14.4, 10.0, 0.0),
    (10322.0, 52.0, 5.6, 20.0, 0.0),
    (10323.0, 15.0, 12.4, 5.0, 0.0),
    (10323.0, 25.0, 11.2, 4.0, 0.0),
    (10323.0, 39.0, 14.4, 4.0, 0.0),
    (10324.0, 16.0, 13.9, 21.0, 0.15),
    (10324.0, 35.0, 14.4, 70.0, 0.15),
    (10324.0, 46.0, 9.6, 30.0, 0.0),
    (10324.0, 59.0, 44.0, 40.0, 0.15),
    (10324.0, 63.0, 35.1, 80.0, 0.15),
    (10325.0, 6.0, 20.0, 6.0, 0.0),
    (10325.0, 13.0, 4.8, 12.0, 0.0),
    (10325.0, 14.0, 18.6, 9.0, 0.0),
    (10325.0, 31.0, 10.0, 4.0, 0.0),
    (10325.0, 72.0, 27.8, 40.0, 0.0),
    (10326.0, 4.0, 17.6, 24.0, 0.0),
    (10326.0, 57.0, 15.6, 16.0, 0.0),
    (10326.0, 75.0, 6.2, 50.0, 0.0),
    (10327.0, 2.0, 15.2, 25.0, 0.2),
    (10327.0, 11.0, 16.8, 50.0, 0.2),
    (10327.0, 30.0, 20.7, 35.0, 0.2),
    (10327.0, 58.0, 10.6, 30.0, 0.2),
    (10328.0, 59.0, 44.0, 9.0, 0.0),
    (10328.0, 65.0, 16.8, 40.0, 0.0),
    (10328.0, 68.0, 10.0, 10.0, 0.0),
    (10329.0, 19.0, 7.3, 10.0, 0.05),
    (10329.0, 30.0, 20.7, 8.0, 0.05),
    (10329.0, 38.0, 210.8, 20.0, 0.05),
    (10329.0, 56.0, 30.4, 12.0, 0.05),
    (10330.0, 26.0, 24.9, 50.0, 0.15),
    (10330.0, 72.0, 27.8, 25.0, 0.15),
    (10331.0, 54.0, 5.9, 15.0, 0.0),
    (10332.0, 18.0, 50.0, 40.0, 0.2),
    (10332.0, 42.0, 11.2, 10.0, 0.2),
    (10332.0, 47.0, 7.6, 16.0, 0.2),
    (10333.0, 14.0, 18.6, 10.0, 0.0),
    (10333.0, 21.0, 8.0, 10.0, 0.1),
    (10333.0, 71.0, 17.2, 40.0, 0.1),
    (10334.0, 52.0, 5.6, 8.0, 0.0),
    (10334.0, 68.0, 10.0, 10.0, 0.0),
    (10335.0, 2.0, 15.2, 7.0, 0.2),
    (10335.0, 31.0, 10.0, 25.0, 0.2),
    (10335.0, 32.0, 25.6, 6.0, 0.2),
    (10335.0, 51.0, 42.4, 48.0, 0.2),
    (10336.0, 4.0, 17.6, 18.0, 0.1),
    (10337.0, 23.0, 7.2, 40.0, 0.0),
    (10337.0, 26.0, 24.9, 24.0, 0.0),
    (10337.0, 36.0, 15.2, 20.0, 0.0),
    (10337.0, 37.0, 20.8, 28.0, 0.0),
    (10337.0, 72.0, 27.8, 25.0, 0.0),
    (10338.0, 17.0, 31.2, 20.0, 0.0),
    (10338.0, 30.0, 20.7, 15.0, 0.0),
    (10339.0, 4.0, 17.6, 10.0, 0.0),
    (10339.0, 17.0, 31.2, 70.0, 0.05),
    (10339.0, 62.0, 39.4, 28.0, 0.0),
    (10340.0, 18.0, 50.0, 20.0, 0.05),
    (10340.0, 41.0, 7.7, 12.0, 0.05),
    (10340.0, 43.0, 36.8, 40.0, 0.05),
    (10341.0, 33.0, 2.0, 8.0, 0.0),
    (10341.0, 59.0, 44.0, 9.0, 0.15),
    (10342.0, 2.0, 15.2, 24.0, 0.2),
    (10342.0, 31.0, 10.0, 56.0, 0.2),
    (10342.0, 36.0, 15.2, 40.0, 0.2),
    (10342.0, 55.0, 19.2, 40.0, 0.2),
    (10343.0, 64.0, 26.6, 50.0, 0.0),
    (10343.0, 68.0, 10.0, 4.0, 0.05),
    (10343.0, 76.0, 14.4, 15.0, 0.0),
    (10344.0, 4.0, 17.6, 35.0, 0.0),
    (10344.0, 8.0, 32.0, 70.0, 0.25),
    (10345.0, 8.0, 32.0, 70.0, 0.0),
    (10345.0, 19.0, 7.3, 80.0, 0.0),
    (10345.0, 42.0, 11.2, 9.0, 0.0),
    (10346.0, 17.0, 31.2, 36.0, 0.1),
    (10346.0, 56.0, 30.4, 20.0, 0.0),
    (10347.0, 25.0, 11.2, 10.0, 0.0),
    (10347.0, 39.0, 14.4, 50.0, 0.15),
    (10347.0, 40.0, 14.7, 4.0, 0.0),
    (10347.0, 75.0, 6.2, 6.0, 0.15),
    (10348.0, 1.0, 14.4, 15.0, 0.15),
    (10348.0, 23.0, 7.2, 25.0, 0.0),
    (10349.0, 54.0, 5.9, 24.0, 0.0),
    (10350.0, 50.0, 13.0, 15.0, 0.1),
    (10350.0, 69.0, 28.8, 18.0, 0.1),
    (10351.0, 38.0, 210.8, 20.0, 0.05),
    (10351.0, 41.0, 7.7, 13.0, 0.0),
    (10351.0, 44.0, 15.5, 77.0, 0.05),
    (10351.0, 65.0, 16.8, 10.0, 0.05),
    (10352.0, 24.0, 3.6, 10.0, 0.0),
    (10352.0, 54.0, 5.9, 20.0, 0.15),
    (10353.0, 11.0, 16.8, 12.0, 0.2),
    (10353.0, 38.0, 210.8, 50.0, 0.2),
    (10354.0, 1.0, 14.4, 12.0, 0.0),
    (10354.0, 29.0, 99.0, 4.0, 0.0),
    (10355.0, 24.0, 3.6, 25.0, 0.0),
    (10355.0, 57.0, 15.6, 25.0, 0.0),
    (10356.0, 31.0, 10.0, 30.0, 0.0),
    (10356.0, 55.0, 19.2, 12.0, 0.0),
    (10356.0, 69.0, 28.8, 20.0, 0.0),
    (10357.0, 10.0, 24.8, 30.0, 0.2),
    (10357.0, 26.0, 24.9, 16.0, 0.0),
    (10357.0, 60.0, 27.2, 8.0, 0.2),
    (10358.0, 24.0, 3.6, 10.0, 0.05),
    (10358.0, 34.0, 11.2, 10.0, 0.05),
    (10358.0, 36.0, 15.2, 20.0, 0.05),
    (10359.0, 16.0, 13.9, 56.0, 0.05),
    (10359.0, 31.0, 10.0, 70.0, 0.05),
    (10359.0, 60.0, 27.2, 80.0, 0.05),
    (10360.0, 28.0, 36.4, 30.0, 0.0),
    (10360.0, 29.0, 99.0, 35.0, 0.0),
    (10360.0, 38.0, 210.8, 10.0, 0.0),
    (10360.0, 49.0, 16.0, 35.0, 0.0),
    (10360.0, 54.0, 5.9, 28.0, 0.0),
    (10361.0, 39.0, 14.4, 54.0, 0.1),
    (10361.0, 60.0, 27.2, 55.0, 0.1),
    (10362.0, 25.0, 11.2, 50.0, 0.0),
    (10362.0, 51.0, 42.4, 20.0, 0.0),
    (10362.0, 54.0, 5.9, 24.0, 0.0),
    (10363.0, 31.0, 10.0, 20.0, 0.0),
    (10363.0, 75.0, 6.2, 12.0, 0.0),
    (10363.0, 76.0, 14.4, 12.0, 0.0),
    (10364.0, 69.0, 28.8, 30.0, 0.0),
    (10364.0, 71.0, 17.2, 5.0, 0.0),
    (10365.0, 11.0, 16.8, 24.0, 0.0),
    (10366.0, 65.0, 16.8, 5.0, 0.0),
    (10366.0, 77.0, 10.4, 5.0, 0.0),
    (10367.0, 34.0, 11.2, 36.0, 0.0),
    (10367.0, 54.0, 5.9, 18.0, 0.0),
    (10367.0, 65.0, 16.8, 15.0, 0.0),
    (10367.0, 77.0, 10.4, 7.0, 0.0),
    (10368.0, 21.0, 8.0, 5.0, 0.1),
    (10368.0, 28.0, 36.4, 13.0, 0.1),
    (10368.0, 57.0, 15.6, 25.0, 0.0),
    (10368.0, 64.0, 26.6, 35.0, 0.1),
    (10369.0, 29.0, 99.0, 20.0, 0.0),
    (10369.0, 56.0, 30.4, 18.0, 0.25),
    (10370.0, 1.0, 14.4, 15.0, 0.15),
    (10370.0, 64.0, 26.6, 30.0, 0.0),
    (10370.0, 74.0, 8.0, 20.0, 0.15),
    (10371.0, 36.0, 15.2, 6.0, 0.2),
    (10372.0, 20.0, 64.8, 12.0, 0.25),
    (10372.0, 38.0, 210.8, 40.0, 0.25),
    (10372.0, 60.0, 27.2, 70.0, 0.25),
    (10372.0, 72.0, 27.8, 42.0, 0.25),
    (10373.0, 58.0, 10.6, 80.0, 0.2),
    (10373.0, 71.0, 17.2, 50.0, 0.2),
    (10374.0, 31.0, 10.0, 30.0, 0.0),
    (10374.0, 58.0, 10.6, 15.0, 0.0),
    (10375.0, 14.0, 18.6, 15.0, 0.0),
    (10375.0, 54.0, 5.9, 10.0, 0.0),
    (10376.0, 31.0, 10.0, 42.0, 0.05),
    (10377.0, 28.0, 36.4, 20.0, 0.15),
    (10377.0, 39.0, 14.4, 20.0, 0.15),
    (10378.0, 71.0, 17.2, 6.0, 0.0),
    (10379.0, 41.0, 7.7, 8.0, 0.1),
    (10379.0, 63.0, 35.1, 16.0, 0.1),
    (10379.0, 65.0, 16.8, 20.0, 0.1),
    (10380.0, 30.0, 20.7, 18.0, 0.1),
    (10380.0, 53.0, 26.2, 20.0, 0.1),
    (10380.0, 60.0, 27.2, 6.0, 0.1),
    (10380.0, 70.0, 12.0, 30.0, 0.0),
    (10381.0, 74.0, 8.0, 14.0, 0.0),
    (10382.0, 5.0, 17.0, 32.0, 0.0),
    (10382.0, 18.0, 50.0, 9.0, 0.0),
    (10382.0, 29.0, 99.0, 14.0, 0.0),
    (10382.0, 33.0, 2.0, 60.0, 0.0),
    (10382.0, 74.0, 8.0, 50.0, 0.0),
    (10383.0, 13.0, 4.8, 20.0, 0.0),
    (10383.0, 50.0, 13.0, 15.0, 0.0),
    (10383.0, 56.0, 30.4, 20.0, 0.0),
    (10384.0, 20.0, 64.8, 28.0, 0.0),
    (10384.0, 60.0, 27.2, 15.0, 0.0),
    (10385.0, 7.0, 24.0, 10.0, 0.2),
    (10385.0, 60.0, 27.2, 20.0, 0.2),
    (10385.0, 68.0, 10.0, 8.0, 0.2),
    (10386.0, 24.0, 3.6, 15.0, 0.0),
    (10386.0, 34.0, 11.2, 10.0, 0.0),
    (10387.0, 24.0, 3.6, 15.0, 0.0),
    (10387.0, 28.0, 36.4, 6.0, 0.0),
    (10387.0, 59.0, 44.0, 12.0, 0.0),
    (10387.0, 71.0, 17.2, 15.0, 0.0),
    (10388.0, 45.0, 7.6, 15.0, 0.2),
    (10388.0, 52.0, 5.6, 20.0, 0.2),
    (10388.0, 53.0, 26.2, 40.0, 0.0),
    (10389.0, 10.0, 24.8, 16.0, 0.0),
    (10389.0, 55.0, 19.2, 15.0, 0.0),
    (10389.0, 62.0, 39.4, 20.0, 0.0),
    (10389.0, 70.0, 12.0, 30.0, 0.0),
    (10390.0, 31.0, 10.0, 60.0, 0.1),
    (10390.0, 35.0, 14.4, 40.0, 0.1),
    (10390.0, 46.0, 9.6, 45.0, 0.0),
    (10390.0, 72.0, 27.8, 24.0, 0.1),
    (10391.0, 13.0, 4.8, 18.0, 0.0),
    (10392.0, 69.0, 28.8, 50.0, 0.0),
    (10393.0, 2.0, 15.2, 25.0, 0.25),
    (10393.0, 14.0, 18.6, 42.0, 0.25),
    (10393.0, 25.0, 11.2, 7.0, 0.25),
    (10393.0, 26.0, 24.9, 70.0, 0.25),
    (10393.0, 31.0, 10.0, 32.0, 0.0),
    (10394.0, 13.0, 4.8, 10.0, 0.0),
    (10394.0, 62.0, 39.4, 10.0, 0.0),
    (10395.0, 46.0, 9.6, 28.0, 0.1),
    (10395.0, 53.0, 26.2, 70.0, 0.1),
    (10395.0, 69.0, 28.8, 8.0, 0.0),
    (10396.0, 23.0, 7.2, 40.0, 0.0),
    (10396.0, 71.0, 17.2, 60.0, 0.0),
    (10396.0, 72.0, 27.8, 21.0, 0.0),
    (10397.0, 21.0, 8.0, 10.0, 0.15),
    (10397.0, 51.0, 42.4, 18.0, 0.15),
    (10398.0, 35.0, 14.4, 30.0, 0.0),
    (10398.0, 55.0, 19.2, 120.0, 0.1),
    (10399.0, 68.0, 10.0, 60.0, 0.0),
    (10399.0, 71.0, 17.2, 30.0, 0.0),
    (10399.0, 76.0, 14.4, 35.0, 0.0),
    (10399.0, 77.0, 10.4, 14.0, 0.0),
    (10400.0, 29.0, 99.0, 21.0, 0.0),
    (10400.0, 35.0, 14.4, 35.0, 0.0),
    (10400.0, 49.0, 16.0, 30.0, 0.0),
    (10401.0, 30.0, 20.7, 18.0, 0.0),
    (10401.0, 56.0, 30.4, 70.0, 0.0),
    (10401.0, 65.0, 16.8, 20.0, 0.0),
    (10401.0, 71.0, 17.2, 60.0, 0.0),
    (10402.0, 23.0, 7.2, 60.0, 0.0),
    (10402.0, 63.0, 35.1, 65.0, 0.0),
    (10403.0, 16.0, 13.9, 21.0, 0.15),
    (10403.0, 48.0, 10.2, 70.0, 0.15),
    (10404.0, 26.0, 24.9, 30.0, 0.05),
    (10404.0, 42.0, 11.2, 40.0, 0.05),
    (10404.0, 49.0, 16.0, 30.0, 0.05),
    (10405.0, 3.0, 8.0, 50.0, 0.0),
    (10406.0, 1.0, 14.4, 10.0, 0.0),
    (10406.0, 21.0, 8.0, 30.0, 0.1),
    (10406.0, 28.0, 36.4, 42.0, 0.1),
    (10406.0, 36.0, 15.2, 5.0, 0.1),
    (10406.0, 40.0, 14.7, 2.0, 0.1),
    (10407.0, 11.0, 16.8, 30.0, 0.0),
    (10407.0, 69.0, 28.8, 15.0, 0.0),
    (10407.0, 71.0, 17.2, 15.0, 0.0),
    (10408.0, 37.0, 20.8, 10.0, 0.0),
    (10408.0, 54.0, 5.9, 6.0, 0.0),
    (10408.0, 62.0, 39.4, 35.0, 0.0),
    (10409.0, 14.0, 18.6, 12.0, 0.0),
    (10409.0, 21.0, 8.0, 12.0, 0.0),
    (10410.0, 33.0, 2.0, 49.0, 0.0),
    (10410.0, 59.0, 44.0, 16.0, 0.0),
    (10411.0, 41.0, 7.7, 25.0, 0.2),
    (10411.0, 44.0, 15.5, 40.0, 0.2),
    (10411.0, 59.0, 44.0, 9.0, 0.2),
    (10412.0, 14.0, 18.6, 20.0, 0.1),
    (10413.0, 1.0, 14.4, 24.0, 0.0),
    (10413.0, 62.0, 39.4, 40.0, 0.0),
    (10413.0, 76.0, 14.4, 14.0, 0.0),
    (10414.0, 19.0, 7.3, 18.0, 0.05),
    (10414.0, 33.0, 2.0, 50.0, 0.0),
    (10415.0, 17.0, 31.2, 2.0, 0.0),
    (10415.0, 33.0, 2.0, 20.0, 0.0),
    (10416.0, 19.0, 7.3, 20.0, 0.0),
    (10416.0, 53.0, 26.2, 10.0, 0.0),
    (10416.0, 57.0, 15.6, 20.0, 0.0),
    (10417.0, 38.0, 210.8, 50.0, 0.0),
    (10417.0, 46.0, 9.6, 2.0, 0.25),
    (10417.0, 68.0, 10.0, 36.0, 0.25),
    (10417.0, 77.0, 10.4, 35.0, 0.0),
    (10418.0, 2.0, 15.2, 60.0, 0.0),
    (10418.0, 47.0, 7.6, 55.0, 0.0),
    (10418.0, 61.0, 22.8, 16.0, 0.0),
    (10418.0, 74.0, 8.0, 15.0, 0.0),
    (10419.0, 60.0, 27.2, 60.0, 0.05),
    (10419.0, 69.0, 28.8, 20.0, 0.05),
    (10420.0, 9.0, 77.6, 20.0, 0.1),
    (10420.0, 13.0, 4.8, 2.0, 0.1),
    (10420.0, 70.0, 12.0, 8.0, 0.1),
    (10420.0, 73.0, 12.0, 20.0, 0.1),
    (10421.0, 19.0, 7.3, 4.0, 0.15),
    (10421.0, 26.0, 24.9, 30.0, 0.0),
    (10421.0, 53.0, 26.2, 15.0, 0.15),
    (10421.0, 77.0, 10.4, 10.0, 0.15),
    (10422.0, 26.0, 24.9, 2.0, 0.0),
    (10423.0, 31.0, 10.0, 14.0, 0.0),
    (10423.0, 59.0, 44.0, 20.0, 0.0),
    (10424.0, 35.0, 14.4, 60.0, 0.2),
    (10424.0, 38.0, 210.8, 49.0, 0.2),
    (10424.0, 68.0, 10.0, 30.0, 0.2),
    (10425.0, 55.0, 19.2, 10.0, 0.25),
    (10425.0, 76.0, 14.4, 20.0, 0.25),
    (10426.0, 56.0, 30.4, 5.0, 0.0),
    (10426.0, 64.0, 26.6, 7.0, 0.0),
    (10427.0, 14.0, 18.6, 35.0, 0.0),
    (10428.0, 46.0, 9.6, 20.0, 0.0),
    (10429.0, 50.0, 13.0, 40.0, 0.0),
    (10429.0, 63.0, 35.1, 35.0, 0.25),
    (10430.0, 17.0, 31.2, 45.0, 0.2),
    (10430.0, 21.0, 8.0, 50.0, 0.0),
    (10430.0, 56.0, 30.4, 30.0, 0.0),
    (10430.0, 59.0, 44.0, 70.0, 0.2),
    (10431.0, 17.0, 31.2, 50.0, 0.25),
    (10431.0, 40.0, 14.7, 50.0, 0.25),
    (10431.0, 47.0, 7.6, 30.0, 0.25),
    (10432.0, 26.0, 24.9, 10.0, 0.0),
    (10432.0, 54.0, 5.9, 40.0, 0.0),
    (10433.0, 56.0, 30.4, 28.0, 0.0),
    (10434.0, 11.0, 16.8, 6.0, 0.0),
    (10434.0, 76.0, 14.4, 18.0, 0.15),
    (10435.0, 2.0, 15.2, 10.0, 0.0),
    (10435.0, 22.0, 16.8, 12.0, 0.0),
    (10435.0, 72.0, 27.8, 10.0, 0.0),
    (10436.0, 46.0, 9.6, 5.0, 0.0),
    (10436.0, 56.0, 30.4, 40.0, 0.1),
    (10436.0, 64.0, 26.6, 30.0, 0.1),
    (10436.0, 75.0, 6.2, 24.0, 0.1),
    (10437.0, 53.0, 26.2, 15.0, 0.0),
    (10438.0, 19.0, 7.3, 15.0, 0.2),
    (10438.0, 34.0, 11.2, 20.0, 0.2),
    (10438.0, 57.0, 15.6, 15.0, 0.2),
    (10439.0, 12.0, 30.4, 15.0, 0.0),
    (10439.0, 16.0, 13.9, 16.0, 0.0),
    (10439.0, 64.0, 26.6, 6.0, 0.0),
    (10439.0, 74.0, 8.0, 30.0, 0.0),
    (10440.0, 2.0, 15.2, 45.0, 0.15),
    (10440.0, 16.0, 13.9, 49.0, 0.15),
    (10440.0, 29.0, 99.0, 24.0, 0.15),
    (10440.0, 61.0, 22.8, 90.0, 0.15),
    (10441.0, 27.0, 35.1, 50.0, 0.0),
    (10442.0, 11.0, 16.8, 30.0, 0.0),
    (10442.0, 54.0, 5.9, 80.0, 0.0),
    (10442.0, 66.0, 13.6, 60.0, 0.0),
    (10443.0, 11.0, 16.8, 6.0, 0.2),
    (10443.0, 28.0, 36.4, 12.0, 0.0),
    (10444.0, 17.0, 31.2, 10.0, 0.0),
    (10444.0, 26.0, 24.9, 15.0, 0.0),
    (10444.0, 35.0, 14.4, 8.0, 0.0),
    (10444.0, 41.0, 7.7, 30.0, 0.0),
    (10445.0, 39.0, 14.4, 6.0, 0.0),
    (10445.0, 54.0, 5.9, 15.0, 0.0),
    (10446.0, 19.0, 7.3, 12.0, 0.1),
    (10446.0, 24.0, 3.6, 20.0, 0.1),
    (10446.0, 31.0, 10.0, 3.0, 0.1),
    (10446.0, 52.0, 5.6, 15.0, 0.1),
    (10447.0, 19.0, 7.3, 40.0, 0.0),
    (10447.0, 65.0, 16.8, 35.0, 0.0),
    (10447.0, 71.0, 17.2, 2.0, 0.0),
    (10448.0, 26.0, 24.9, 6.0, 0.0),
    (10448.0, 40.0, 14.7, 20.0, 0.0),
    (10449.0, 10.0, 24.8, 14.0, 0.0),
    (10449.0, 52.0, 5.6, 20.0, 0.0),
    (10449.0, 62.0, 39.4, 35.0, 0.0),
    (10450.0, 10.0, 24.8, 20.0, 0.2),
    (10450.0, 54.0, 5.9, 6.0, 0.2),
    (10451.0, 55.0, 19.2, 120.0, 0.1),
    (10451.0, 64.0, 26.6, 35.0, 0.1),
    (10451.0, 65.0, 16.8, 28.0, 0.1),
    (10451.0, 77.0, 10.4, 55.0, 0.1),
    (10452.0, 28.0, 36.4, 15.0, 0.0),
    (10452.0, 44.0, 15.5, 100.0, 0.05),
    (10453.0, 48.0, 10.2, 15.0, 0.1),
    (10453.0, 70.0, 12.0, 25.0, 0.1),
    (10454.0, 16.0, 13.9, 20.0, 0.2),
    (10454.0, 33.0, 2.0, 20.0, 0.2),
    (10454.0, 46.0, 9.6, 10.0, 0.2),
    (10455.0, 39.0, 14.4, 20.0, 0.0),
    (10455.0, 53.0, 26.2, 50.0, 0.0),
    (10455.0, 61.0, 22.8, 25.0, 0.0),
    (10455.0, 71.0, 17.2, 30.0, 0.0),
    (10456.0, 21.0, 8.0, 40.0, 0.15),
    (10456.0, 49.0, 16.0, 21.0, 0.15),
    (10457.0, 59.0, 44.0, 36.0, 0.0),
    (10458.0, 26.0, 24.9, 30.0, 0.0),
    (10458.0, 28.0, 36.4, 30.0, 0.0),
    (10458.0, 43.0, 36.8, 20.0, 0.0),
    (10458.0, 56.0, 30.4, 15.0, 0.0),
    (10458.0, 71.0, 17.2, 50.0, 0.0),
    (10459.0, 7.0, 24.0, 16.0, 0.05),
    (10459.0, 46.0, 9.6, 20.0, 0.05),
    (10459.0, 72.0, 27.8, 40.0, 0.0),
    (10460.0, 68.0, 10.0, 21.0, 0.25),
    (10460.0, 75.0, 6.2, 4.0, 0.25),
    (10461.0, 21.0, 8.0, 40.0, 0.25),
    (10461.0, 30.0, 20.7, 28.0, 0.25),
    (10461.0, 55.0, 19.2, 60.0, 0.25),
    (10462.0, 13.0, 4.8, 1.0, 0.0),
    (10462.0, 23.0, 7.2, 21.0, 0.0),
    (10463.0, 19.0, 7.3, 21.0, 0.0),
    (10463.0, 42.0, 11.2, 50.0, 0.0),
    (10464.0, 4.0, 17.6, 16.0, 0.2),
    (10464.0, 43.0, 36.8, 3.0, 0.0),
    (10464.0, 56.0, 30.4, 30.0, 0.2),
    (10464.0, 60.0, 27.2, 20.0, 0.0),
    (10465.0, 24.0, 3.6, 25.0, 0.0),
    (10465.0, 29.0, 99.0, 18.0, 0.1),
    (10465.0, 40.0, 14.7, 20.0, 0.0),
    (10465.0, 45.0, 7.6, 30.0, 0.1),
    (10465.0, 50.0, 13.0, 25.0, 0.0),
    (10466.0, 11.0, 16.8, 10.0, 0.0),
    (10466.0, 46.0, 9.6, 5.0, 0.0),
    (10467.0, 24.0, 3.6, 28.0, 0.0),
    (10467.0, 25.0, 11.2, 12.0, 0.0),
    (10468.0, 30.0, 20.7, 8.0, 0.0),
    (10468.0, 43.0, 36.8, 15.0, 0.0),
    (10469.0, 2.0, 15.2, 40.0, 0.15),
    (10469.0, 16.0, 13.9, 35.0, 0.15),
    (10469.0, 44.0, 15.5, 2.0, 0.15),
    (10470.0, 18.0, 50.0, 30.0, 0.0),
    (10470.0, 23.0, 7.2, 15.0, 0.0),
    (10470.0, 64.0, 26.6, 8.0, 0.0),
    (10471.0, 7.0, 24.0, 30.0, 0.0),
    (10471.0, 56.0, 30.4, 20.0, 0.0),
    (10472.0, 24.0, 3.6, 80.0, 0.05),
    (10472.0, 51.0, 42.4, 18.0, 0.0),
    (10473.0, 33.0, 2.0, 12.0, 0.0),
    (10473.0, 71.0, 17.2, 12.0, 0.0),
    (10474.0, 14.0, 18.6, 12.0, 0.0),
    (10474.0, 28.0, 36.4, 18.0, 0.0),
    (10474.0, 40.0, 14.7, 21.0, 0.0),
    (10474.0, 75.0, 6.2, 10.0, 0.0),
    (10475.0, 31.0, 10.0, 35.0, 0.15),
    (10475.0, 66.0, 13.6, 60.0, 0.15),
    (10475.0, 76.0, 14.4, 42.0, 0.15),
    (10476.0, 55.0, 19.2, 2.0, 0.05),
    (10476.0, 70.0, 12.0, 12.0, 0.0),
    (10477.0, 1.0, 14.4, 15.0, 0.0),
    (10477.0, 21.0, 8.0, 21.0, 0.25),
    (10477.0, 39.0, 14.4, 20.0, 0.25),
    (10478.0, 10.0, 24.8, 20.0, 0.05),
    (10479.0, 38.0, 210.8, 30.0, 0.0),
    (10479.0, 53.0, 26.2, 28.0, 0.0),
    (10479.0, 59.0, 44.0, 60.0, 0.0),
    (10479.0, 64.0, 26.6, 30.0, 0.0),
    (10480.0, 47.0, 7.6, 30.0, 0.0),
    (10480.0, 59.0, 44.0, 12.0, 0.0),
    (10481.0, 49.0, 16.0, 24.0, 0.0),
    (10481.0, 60.0, 27.2, 40.0, 0.0),
    (10482.0, 40.0, 14.7, 10.0, 0.0),
    (10483.0, 34.0, 11.2, 35.0, 0.05),
    (10483.0, 77.0, 10.4, 30.0, 0.05),
    (10484.0, 21.0, 8.0, 14.0, 0.0),
    (10484.0, 40.0, 14.7, 10.0, 0.0),
    (10484.0, 51.0, 42.4, 3.0, 0.0),
    (10485.0, 2.0, 15.2, 20.0, 0.1),
    (10485.0, 3.0, 8.0, 20.0, 0.1),
    (10485.0, 55.0, 19.2, 30.0, 0.1),
    (10485.0, 70.0, 12.0, 60.0, 0.1),
    (10486.0, 11.0, 16.8, 5.0, 0.0),
    (10486.0, 51.0, 42.4, 25.0, 0.0),
    (10486.0, 74.0, 8.0, 16.0, 0.0),
    (10487.0, 19.0, 7.3, 5.0, 0.0),
    (10487.0, 26.0, 24.9, 30.0, 0.0),
    (10487.0, 54.0, 5.9, 24.0, 0.25),
    (10488.0, 59.0, 44.0, 30.0, 0.0),
    (10488.0, 73.0, 12.0, 20.0, 0.2),
    (10489.0, 11.0, 16.8, 15.0, 0.25),
    (10489.0, 16.0, 13.9, 18.0, 0.0),
    (10490.0, 59.0, 44.0, 60.0, 0.0),
    (10490.0, 68.0, 10.0, 30.0, 0.0),
    (10490.0, 75.0, 6.2, 36.0, 0.0),
    (10491.0, 44.0, 15.5, 15.0, 0.15),
    (10491.0, 77.0, 10.4, 7.0, 0.15),
    (10492.0, 25.0, 11.2, 60.0, 0.05),
    (10492.0, 42.0, 11.2, 20.0, 0.05),
    (10493.0, 65.0, 16.8, 15.0, 0.1),
    (10493.0, 66.0, 13.6, 10.0, 0.1),
    (10493.0, 69.0, 28.8, 10.0, 0.1),
    (10494.0, 56.0, 30.4, 30.0, 0.0),
    (10495.0, 23.0, 7.2, 10.0, 0.0),
    (10495.0, 41.0, 7.7, 20.0, 0.0),
    (10495.0, 77.0, 10.4, 5.0, 0.0),
    (10496.0, 31.0, 10.0, 20.0, 0.05),
    (10497.0, 56.0, 30.4, 14.0, 0.0),
    (10497.0, 72.0, 27.8, 25.0, 0.0),
    (10497.0, 77.0, 10.4, 25.0, 0.0),
    (10498.0, 24.0, 4.5, 14.0, 0.0),
    (10498.0, 40.0, 18.4, 5.0, 0.0),
    (10498.0, 42.0, 14.0, 30.0, 0.0),
    (10499.0, 28.0, 45.6, 20.0, 0.0),
    (10499.0, 49.0, 20.0, 25.0, 0.0),
    (10500.0, 15.0, 15.5, 12.0, 0.05),
    (10500.0, 28.0, 45.6, 8.0, 0.05),
    (10501.0, 54.0, 7.45, 20.0, 0.0),
    (10502.0, 45.0, 9.5, 21.0, 0.0),
    (10502.0, 53.0, 32.8, 6.0, 0.0),
    (10502.0, 67.0, 14.0, 30.0, 0.0),
    (10503.0, 14.0, 23.25, 70.0, 0.0),
    (10503.0, 65.0, 21.05, 20.0, 0.0),
    (10504.0, 2.0, 19.0, 12.0, 0.0),
    (10504.0, 21.0, 10.0, 12.0, 0.0),
    (10504.0, 53.0, 32.8, 10.0, 0.0),
    (10504.0, 61.0, 28.5, 25.0, 0.0),
    (10505.0, 62.0, 49.3, 3.0, 0.0),
    (10506.0, 25.0, 14.0, 18.0, 0.1),
    (10506.0, 70.0, 15.0, 14.0, 0.1),
    (10507.0, 43.0, 46.0, 15.0, 0.15),
    (10507.0, 48.0, 12.75, 15.0, 0.15),
    (10508.0, 13.0, 6.0, 10.0, 0.0),
    (10508.0, 39.0, 18.0, 10.0, 0.0),
    (10509.0, 28.0, 45.6, 3.0, 0.0),
    (10510.0, 29.0, 123.79, 36.0, 0.0),
    (10510.0, 75.0, 7.75, 36.0, 0.1),
    (10511.0, 4.0, 22.0, 50.0, 0.15),
    (10511.0, 7.0, 30.0, 50.0, 0.15),
    (10511.0, 8.0, 40.0, 10.0, 0.15),
    (10512.0, 24.0, 4.5, 10.0, 0.15),
    (10512.0, 46.0, 12.0, 9.0, 0.15),
    (10512.0, 47.0, 9.5, 6.0, 0.15),
    (10512.0, 60.0, 34.0, 12.0, 0.15),
    (10513.0, 21.0, 10.0, 40.0, 0.2),
    (10513.0, 32.0, 32.0, 50.0, 0.2),
    (10513.0, 61.0, 28.5, 15.0, 0.2),
    (10514.0, 20.0, 81.0, 39.0, 0.0),
    (10514.0, 28.0, 45.6, 35.0, 0.0),
    (10514.0, 56.0, 38.0, 70.0, 0.0),
    (10514.0, 65.0, 21.05, 39.0, 0.0),
    (10514.0, 75.0, 7.75, 50.0, 0.0),
    (10515.0, 9.0, 97.0, 16.0, 0.15),
    (10515.0, 16.0, 17.45, 50.0, 0.0),
    (10515.0, 27.0, 43.9, 120.0, 0.0),
    (10515.0, 33.0, 2.5, 16.0, 0.15),
    (10515.0, 60.0, 34.0, 84.0, 0.15),
    (10516.0, 18.0, 62.5, 25.0, 0.1),
    (10516.0, 41.0, 9.65, 80.0, 0.1),
    (10516.0, 42.0, 14.0, 20.0, 0.0),
    (10517.0, 52.0, 7.0, 6.0, 0.0),
    (10517.0, 59.0, 55.0, 4.0, 0.0),
    (10517.0, 70.0, 15.0, 6.0, 0.0),
    (10518.0, 24.0, 4.5, 5.0, 0.0),
    (10518.0, 38.0, 263.5, 15.0, 0.0),
    (10518.0, 44.0, 19.45, 9.0, 0.0),
    (10519.0, 10.0, 31.0, 16.0, 0.05),
    (10519.0, 56.0, 38.0, 40.0, 0.0),
    (10519.0, 60.0, 34.0, 10.0, 0.05),
    (10520.0, 24.0, 4.5, 8.0, 0.0),
    (10520.0, 53.0, 32.8, 5.0, 0.0),
    (10521.0, 35.0, 18.0, 3.0, 0.0),
    (10521.0, 41.0, 9.65, 10.0, 0.0),
    (10521.0, 68.0, 12.5, 6.0, 0.0),
    (10522.0, 1.0, 18.0, 40.0, 0.2),
    (10522.0, 8.0, 40.0, 24.0, 0.0),
    (10522.0, 30.0, 25.89, 20.0, 0.2),
    (10522.0, 40.0, 18.4, 25.0, 0.2),
    (10523.0, 17.0, 39.0, 25.0, 0.1),
    (10523.0, 20.0, 81.0, 15.0, 0.1),
    (10523.0, 37.0, 26.0, 18.0, 0.1),
    (10523.0, 41.0, 9.65, 6.0, 0.1),
    (10524.0, 10.0, 31.0, 2.0, 0.0),
    (10524.0, 30.0, 25.89, 10.0, 0.0),
    (10524.0, 43.0, 46.0, 60.0, 0.0),
    (10524.0, 54.0, 7.45, 15.0, 0.0),
    (10525.0, 36.0, 19.0, 30.0, 0.0),
    (10525.0, 40.0, 18.4, 15.0, 0.1),
    (10526.0, 1.0, 18.0, 8.0, 0.15),
    (10526.0, 13.0, 6.0, 10.0, 0.0),
    (10526.0, 56.0, 38.0, 30.0, 0.15),
    (10527.0, 4.0, 22.0, 50.0, 0.1),
    (10527.0, 36.0, 19.0, 30.0, 0.1),
    (10528.0, 11.0, 21.0, 3.0, 0.0),
    (10528.0, 33.0, 2.5, 8.0, 0.2),
    (10528.0, 72.0, 34.8, 9.0, 0.0),
    (10529.0, 55.0, 24.0, 14.0, 0.0),
    (10529.0, 68.0, 12.5, 20.0, 0.0),
    (10529.0, 69.0, 36.0, 10.0, 0.0),
    (10530.0, 17.0, 39.0, 40.0, 0.0),
    (10530.0, 43.0, 46.0, 25.0, 0.0),
    (10530.0, 61.0, 28.5, 20.0, 0.0),
    (10530.0, 76.0, 18.0, 50.0, 0.0),
    (10531.0, 59.0, 55.0, 2.0, 0.0),
    (10532.0, 30.0, 25.89, 15.0, 0.0),
    (10532.0, 66.0, 17.0, 24.0, 0.0),
    (10533.0, 4.0, 22.0, 50.0, 0.05),
    (10533.0, 72.0, 34.8, 24.0, 0.0),
    (10533.0, 73.0, 15.0, 24.0, 0.05),
    (10534.0, 30.0, 25.89, 10.0, 0.0),
    (10534.0, 40.0, 18.4, 10.0, 0.2),
    (10534.0, 54.0, 7.45, 10.0, 0.2),
    (10535.0, 11.0, 21.0, 50.0, 0.1),
    (10535.0, 40.0, 18.4, 10.0, 0.1),
    (10535.0, 57.0, 19.5, 5.0, 0.1),
    (10535.0, 59.0, 55.0, 15.0, 0.1),
    (10536.0, 12.0, 38.0, 15.0, 0.25),
    (10536.0, 31.0, 12.5, 20.0, 0.0),
    (10536.0, 33.0, 2.5, 30.0, 0.0),
    (10536.0, 60.0, 34.0, 35.0, 0.25),
    (10537.0, 31.0, 12.5, 30.0, 0.0),
    (10537.0, 51.0, 53.0, 6.0, 0.0),
    (10537.0, 58.0, 13.25, 20.0, 0.0),
    (10537.0, 72.0, 34.8, 21.0, 0.0),
    (10537.0, 73.0, 15.0, 9.0, 0.0),
    (10538.0, 70.0, 15.0, 7.0, 0.0),
    (10538.0, 72.0, 34.8, 1.0, 0.0),
    (10539.0, 13.0, 6.0, 8.0, 0.0),
    (10539.0, 21.0, 10.0, 15.0, 0.0),
    (10539.0, 33.0, 2.5, 15.0, 0.0),
    (10539.0, 49.0, 20.0, 6.0, 0.0),
    (10540.0, 3.0, 10.0, 60.0, 0.0),
    (10540.0, 26.0, 31.23, 40.0, 0.0),
    (10540.0, 38.0, 263.5, 30.0, 0.0),
    (10540.0, 68.0, 12.5, 35.0, 0.0),
    (10541.0, 24.0, 4.5, 35.0, 0.1),
    (10541.0, 38.0, 263.5, 4.0, 0.1),
    (10541.0, 65.0, 21.05, 36.0, 0.1),
    (10541.0, 71.0, 21.5, 9.0, 0.1),
    (10542.0, 11.0, 21.0, 15.0, 0.05),
    (10542.0, 54.0, 7.45, 24.0, 0.05),
    (10543.0, 12.0, 38.0, 30.0, 0.15),
    (10543.0, 23.0, 9.0, 70.0, 0.15),
    (10544.0, 28.0, 45.6, 7.0, 0.0),
    (10544.0, 67.0, 14.0, 7.0, 0.0),
    (10545.0, 11.0, 21.0, 10.0, 0.0),
    (10546.0, 7.0, 30.0, 10.0, 0.0),
    (10546.0, 35.0, 18.0, 30.0, 0.0),
    (10546.0, 62.0, 49.3, 40.0, 0.0),
    (10547.0, 32.0, 32.0, 24.0, 0.15),
    (10547.0, 36.0, 19.0, 60.0, 0.0),
    (10548.0, 34.0, 14.0, 10.0, 0.25),
    (10548.0, 41.0, 9.65, 14.0, 0.0),
    (10549.0, 31.0, 12.5, 55.0, 0.15),
    (10549.0, 45.0, 9.5, 100.0, 0.15),
    (10549.0, 51.0, 53.0, 48.0, 0.15),
    (10550.0, 17.0, 39.0, 8.0, 0.1),
    (10550.0, 19.0, 9.2, 10.0, 0.0),
    (10550.0, 21.0, 10.0, 6.0, 0.1),
    (10550.0, 61.0, 28.5, 10.0, 0.1),
    (10551.0, 16.0, 17.45, 40.0, 0.15),
    (10551.0, 35.0, 18.0, 20.0, 0.15),
    (10551.0, 44.0, 19.45, 40.0, 0.0),
    (10552.0, 69.0, 36.0, 18.0, 0.0),
    (10552.0, 75.0, 7.75, 30.0, 0.0),
    (10553.0, 11.0, 21.0, 15.0, 0.0),
    (10553.0, 16.0, 17.45, 14.0, 0.0),
    (10553.0, 22.0, 21.0, 24.0, 0.0),
    (10553.0, 31.0, 12.5, 30.0, 0.0),
    (10553.0, 35.0, 18.0, 6.0, 0.0),
    (10554.0, 16.0, 17.45, 30.0, 0.05),
    (10554.0, 23.0, 9.0, 20.0, 0.05),
    (10554.0, 62.0, 49.3, 20.0, 0.05),
    (10554.0, 77.0, 13.0, 10.0, 0.05),
    (10555.0, 14.0, 23.25, 30.0, 0.2),
    (10555.0, 19.0, 9.2, 35.0, 0.2),
    (10555.0, 24.0, 4.5, 18.0, 0.2),
    (10555.0, 51.0, 53.0, 20.0, 0.2),
    (10555.0, 56.0, 38.0, 40.0, 0.2),
    (10556.0, 72.0, 34.8, 24.0, 0.0),
    (10557.0, 64.0, 33.25, 30.0, 0.0),
    (10557.0, 75.0, 7.75, 20.0, 0.0),
    (10558.0, 47.0, 9.5, 25.0, 0.0),
    (10558.0, 51.0, 53.0, 20.0, 0.0),
    (10558.0, 52.0, 7.0, 30.0, 0.0),
    (10558.0, 53.0, 32.8, 18.0, 0.0),
    (10558.0, 73.0, 15.0, 3.0, 0.0),
    (10559.0, 41.0, 9.65, 12.0, 0.05),
    (10559.0, 55.0, 24.0, 18.0, 0.05),
    (10560.0, 30.0, 25.89, 20.0, 0.0),
    (10560.0, 62.0, 49.3, 15.0, 0.25),
    (10561.0, 44.0, 19.45, 10.0, 0.0),
    (10561.0, 51.0, 53.0, 50.0, 0.0),
    (10562.0, 33.0, 2.5, 20.0, 0.1),
    (10562.0, 62.0, 49.3, 10.0, 0.1),
    (10563.0, 36.0, 19.0, 25.0, 0.0),
    (10563.0, 52.0, 7.0, 70.0, 0.0),
    (10564.0, 17.0, 39.0, 16.0, 0.05),
    (10564.0, 31.0, 12.5, 6.0, 0.05),
    (10564.0, 55.0, 24.0, 25.0, 0.05),
    (10565.0, 24.0, 4.5, 25.0, 0.1),
    (10565.0, 64.0, 33.25, 18.0, 0.1),
    (10566.0, 11.0, 21.0, 35.0, 0.15),
    (10566.0, 18.0, 62.5, 18.0, 0.15),
    (10566.0, 76.0, 18.0, 10.0, 0.0),
    (10567.0, 31.0, 12.5, 60.0, 0.2),
    (10567.0, 51.0, 53.0, 3.0, 0.0),
    (10567.0, 59.0, 55.0, 40.0, 0.2),
    (10568.0, 10.0, 31.0, 5.0, 0.0),
    (10569.0, 31.0, 12.5, 35.0, 0.2),
    (10569.0, 76.0, 18.0, 30.0, 0.0),
    (10570.0, 11.0, 21.0, 15.0, 0.05),
    (10570.0, 56.0, 38.0, 60.0, 0.05),
    (10571.0, 14.0, 23.25, 11.0, 0.15),
    (10571.0, 42.0, 14.0, 28.0, 0.15),
    (10572.0, 16.0, 17.45, 12.0, 0.1),
    (10572.0, 32.0, 32.0, 10.0, 0.1),
    (10572.0, 40.0, 18.4, 50.0, 0.0),
    (10572.0, 75.0, 7.75, 15.0, 0.1),
    (10573.0, 17.0, 39.0, 18.0, 0.0),
    (10573.0, 34.0, 14.0, 40.0, 0.0),
    (10573.0, 53.0, 32.8, 25.0, 0.0),
    (10574.0, 33.0, 2.5, 14.0, 0.0),
    (10574.0, 40.0, 18.4, 2.0, 0.0),
    (10574.0, 62.0, 49.3, 10.0, 0.0),
    (10574.0, 64.0, 33.25, 6.0, 0.0),
    (10575.0, 59.0, 55.0, 12.0, 0.0),
    (10575.0, 63.0, 43.9, 6.0, 0.0),
    (10575.0, 72.0, 34.8, 30.0, 0.0),
    (10575.0, 76.0, 18.0, 10.0, 0.0),
    (10576.0, 1.0, 18.0, 10.0, 0.0),
    (10576.0, 31.0, 12.5, 20.0, 0.0),
    (10576.0, 44.0, 19.45, 21.0, 0.0),
    (10577.0, 39.0, 18.0, 10.0, 0.0),
    (10577.0, 75.0, 7.75, 20.0, 0.0),
    (10577.0, 77.0, 13.0, 18.0, 0.0),
    (10578.0, 35.0, 18.0, 20.0, 0.0),
    (10578.0, 57.0, 19.5, 6.0, 0.0),
    (10579.0, 15.0, 15.5, 10.0, 0.0),
    (10579.0, 75.0, 7.75, 21.0, 0.0),
    (10580.0, 14.0, 23.25, 15.0, 0.05),
    (10580.0, 41.0, 9.65, 9.0, 0.05),
    (10580.0, 65.0, 21.05, 30.0, 0.05),
    (10581.0, 75.0, 7.75, 50.0, 0.2),
    (10582.0, 57.0, 19.5, 4.0, 0.0),
    (10582.0, 76.0, 18.0, 14.0, 0.0),
    (10583.0, 29.0, 123.79, 10.0, 0.0),
    (10583.0, 60.0, 34.0, 24.0, 0.15),
    (10583.0, 69.0, 36.0, 10.0, 0.15),
    (10584.0, 31.0, 12.5, 50.0, 0.05),
    (10585.0, 47.0, 9.5, 15.0, 0.0),
    (10586.0, 52.0, 7.0, 4.0, 0.15),
    (10587.0, 26.0, 31.23, 6.0, 0.0),
    (10587.0, 35.0, 18.0, 20.0, 0.0),
    (10587.0, 77.0, 13.0, 20.0, 0.0),
    (10588.0, 18.0, 62.5, 40.0, 0.2),
    (10588.0, 42.0, 14.0, 100.0, 0.2),
    (10589.0, 35.0, 18.0, 4.0, 0.0),
    (10590.0, 1.0, 18.0, 20.0, 0.0),
    (10590.0, 77.0, 13.0, 60.0, 0.05),
    (10591.0, 3.0, 10.0, 14.0, 0.0),
    (10591.0, 7.0, 30.0, 10.0, 0.0),
    (10591.0, 54.0, 7.45, 50.0, 0.0),
    (10592.0, 15.0, 15.5, 25.0, 0.05),
    (10592.0, 26.0, 31.23, 5.0, 0.05),
    (10593.0, 20.0, 81.0, 21.0, 0.2),
    (10593.0, 69.0, 36.0, 20.0, 0.2),
    (10593.0, 76.0, 18.0, 4.0, 0.2),
    (10594.0, 52.0, 7.0, 24.0, 0.0),
    (10594.0, 58.0, 13.25, 30.0, 0.0),
    (10595.0, 35.0, 18.0, 30.0, 0.25),
    (10595.0, 61.0, 28.5, 120.0, 0.25),
    (10595.0, 69.0, 36.0, 65.0, 0.25),
    (10596.0, 56.0, 38.0, 5.0, 0.2),
    (10596.0, 63.0, 43.9, 24.0, 0.2),
    (10596.0, 75.0, 7.75, 30.0, 0.2),
    (10597.0, 24.0, 4.5, 35.0, 0.2),
    (10597.0, 57.0, 19.5, 20.0, 0.0),
    (10597.0, 65.0, 21.05, 12.0, 0.2),
    (10598.0, 27.0, 43.9, 50.0, 0.0),
    (10598.0, 71.0, 21.5, 9.0, 0.0),
    (10599.0, 62.0, 49.3, 10.0, 0.0),
    (10600.0, 54.0, 7.45, 4.0, 0.0),
    (10600.0, 73.0, 15.0, 30.0, 0.0),
    (10601.0, 13.0, 6.0, 60.0, 0.0),
    (10601.0, 59.0, 55.0, 35.0, 0.0),
    (10602.0, 77.0, 13.0, 5.0, 0.25),
    (10603.0, 22.0, 21.0, 48.0, 0.0),
    (10603.0, 49.0, 20.0, 25.0, 0.05),
    (10604.0, 48.0, 12.75, 6.0, 0.1),
    (10604.0, 76.0, 18.0, 10.0, 0.1),
    (10605.0, 16.0, 17.45, 30.0, 0.05),
    (10605.0, 59.0, 55.0, 20.0, 0.05),
    (10605.0, 60.0, 34.0, 70.0, 0.05),
    (10605.0, 71.0, 21.5, 15.0, 0.05),
    (10606.0, 4.0, 22.0, 20.0, 0.2),
    (10606.0, 55.0, 24.0, 20.0, 0.2),
    (10606.0, 62.0, 49.3, 10.0, 0.2),
    (10607.0, 7.0, 30.0, 45.0, 0.0),
    (10607.0, 17.0, 39.0, 100.0, 0.0),
    (10607.0, 33.0, 2.5, 14.0, 0.0),
    (10607.0, 40.0, 18.4, 42.0, 0.0),
    (10607.0, 72.0, 34.8, 12.0, 0.0),
    (10608.0, 56.0, 38.0, 28.0, 0.0),
    (10609.0, 1.0, 18.0, 3.0, 0.0),
    (10609.0, 10.0, 31.0, 10.0, 0.0),
    (10609.0, 21.0, 10.0, 6.0, 0.0),
    (10610.0, 36.0, 19.0, 21.0, 0.25),
    (10611.0, 1.0, 18.0, 6.0, 0.0),
    (10611.0, 2.0, 19.0, 10.0, 0.0),
    (10611.0, 60.0, 34.0, 15.0, 0.0),
    (10612.0, 10.0, 31.0, 70.0, 0.0),
    (10612.0, 36.0, 19.0, 55.0, 0.0),
    (10612.0, 49.0, 20.0, 18.0, 0.0),
    (10612.0, 60.0, 34.0, 40.0, 0.0),
    (10612.0, 76.0, 18.0, 80.0, 0.0),
    (10613.0, 13.0, 6.0, 8.0, 0.1),
    (10613.0, 75.0, 7.75, 40.0, 0.0),
    (10614.0, 11.0, 21.0, 14.0, 0.0),
    (10614.0, 21.0, 10.0, 8.0, 0.0),
    (10614.0, 39.0, 18.0, 5.0, 0.0),
    (10615.0, 55.0, 24.0, 5.0, 0.0),
    (10616.0, 38.0, 263.5, 15.0, 0.05),
    (10616.0, 56.0, 38.0, 14.0, 0.0),
    (10616.0, 70.0, 15.0, 15.0, 0.05),
    (10616.0, 71.0, 21.5, 15.0, 0.05),
    (10617.0, 59.0, 55.0, 30.0, 0.15),
    (10618.0, 6.0, 25.0, 70.0, 0.0),
    (10618.0, 56.0, 38.0, 20.0, 0.0),
    (10618.0, 68.0, 12.5, 15.0, 0.0),
    (10619.0, 21.0, 10.0, 42.0, 0.0),
    (10619.0, 22.0, 21.0, 40.0, 0.0),
    (10620.0, 24.0, 4.5, 5.0, 0.0),
    (10620.0, 52.0, 7.0, 5.0, 0.0),
    (10621.0, 19.0, 9.2, 5.0, 0.0),
    (10621.0, 23.0, 9.0, 10.0, 0.0),
    (10621.0, 70.0, 15.0, 20.0, 0.0),
    (10621.0, 71.0, 21.5, 15.0, 0.0),
    (10622.0, 2.0, 19.0, 20.0, 0.0),
    (10622.0, 68.0, 12.5, 18.0, 0.2),
    (10623.0, 14.0, 23.25, 21.0, 0.0),
    (10623.0, 19.0, 9.2, 15.0, 0.1),
    (10623.0, 21.0, 10.0, 25.0, 0.1),
    (10623.0, 24.0, 4.5, 3.0, 0.0),
    (10623.0, 35.0, 18.0, 30.0, 0.1),
    (10624.0, 28.0, 45.6, 10.0, 0.0),
    (10624.0, 29.0, 123.79, 6.0, 0.0),
    (10624.0, 44.0, 19.45, 10.0, 0.0),
    (10625.0, 14.0, 23.25, 3.0, 0.0),
    (10625.0, 42.0, 14.0, 5.0, 0.0),
    (10625.0, 60.0, 34.0, 10.0, 0.0),
    (10626.0, 53.0, 32.8, 12.0, 0.0),
    (10626.0, 60.0, 34.0, 20.0, 0.0),
    (10626.0, 71.0, 21.5, 20.0, 0.0),
    (10627.0, 62.0, 49.3, 15.0, 0.0),
    (10627.0, 73.0, 15.0, 35.0, 0.15),
    (10628.0, 1.0, 18.0, 25.0, 0.0),
    (10629.0, 29.0, 123.79, 20.0, 0.0),
    (10629.0, 64.0, 33.25, 9.0, 0.0),
    (10630.0, 55.0, 24.0, 12.0, 0.05),
    (10630.0, 76.0, 18.0, 35.0, 0.0),
    (10631.0, 75.0, 7.75, 8.0, 0.1),
    (10632.0, 2.0, 19.0, 30.0, 0.05),
    (10632.0, 33.0, 2.5, 20.0, 0.05),
    (10633.0, 12.0, 38.0, 36.0, 0.15),
    (10633.0, 13.0, 6.0, 13.0, 0.15),
    (10633.0, 26.0, 31.23, 35.0, 0.15),
    (10633.0, 62.0, 49.3, 80.0, 0.15),
    (10634.0, 7.0, 30.0, 35.0, 0.0),
    (10634.0, 18.0, 62.5, 50.0, 0.0),
    (10634.0, 51.0, 53.0, 15.0, 0.0),
    (10634.0, 75.0, 7.75, 2.0, 0.0),
    (10635.0, 4.0, 22.0, 10.0, 0.1),
    (10635.0, 5.0, 21.35, 15.0, 0.1),
    (10635.0, 22.0, 21.0, 40.0, 0.0),
    (10636.0, 4.0, 22.0, 25.0, 0.0),
    (10636.0, 58.0, 13.25, 6.0, 0.0),
    (10637.0, 11.0, 21.0, 10.0, 0.0),
    (10637.0, 50.0, 16.25, 25.0, 0.05),
    (10637.0, 56.0, 38.0, 60.0, 0.05),
    (10638.0, 45.0, 9.5, 20.0, 0.0),
    (10638.0, 65.0, 21.05, 21.0, 0.0),
    (10638.0, 72.0, 34.8, 60.0, 0.0),
    (10639.0, 18.0, 62.5, 8.0, 0.0),
    (10640.0, 69.0, 36.0, 20.0, 0.25),
    (10640.0, 70.0, 15.0, 15.0, 0.25),
    (10641.0, 2.0, 19.0, 50.0, 0.0),
    (10641.0, 40.0, 18.4, 60.0, 0.0),
    (10642.0, 21.0, 10.0, 30.0, 0.2),
    (10642.0, 61.0, 28.5, 20.0, 0.2),
    (10643.0, 28.0, 45.6, 15.0, 0.25),
    (10643.0, 39.0, 18.0, 21.0, 0.25),
    (10643.0, 46.0, 12.0, 2.0, 0.25),
    (10644.0, 18.0, 62.5, 4.0, 0.1),
    (10644.0, 43.0, 46.0, 20.0, 0.0),
    (10644.0, 46.0, 12.0, 21.0, 0.1),
    (10645.0, 18.0, 62.5, 20.0, 0.0),
    (10645.0, 36.0, 19.0, 15.0, 0.0),
    (10646.0, 1.0, 18.0, 15.0, 0.25),
    (10646.0, 10.0, 31.0, 18.0, 0.25),
    (10646.0, 71.0, 21.5, 30.0, 0.25),
    (10646.0, 77.0, 13.0, 35.0, 0.25),
    (10647.0, 19.0, 9.2, 30.0, 0.0),
    (10647.0, 39.0, 18.0, 20.0, 0.0),
    (10648.0, 22.0, 21.0, 15.0, 0.0),
    (10648.0, 24.0, 4.5, 15.0, 0.15),
    (10649.0, 28.0, 45.6, 20.0, 0.0),
    (10649.0, 72.0, 34.8, 15.0, 0.0),
    (10650.0, 30.0, 25.89, 30.0, 0.0),
    (10650.0, 53.0, 32.8, 25.0, 0.05),
    (10650.0, 54.0, 7.45, 30.0, 0.0),
    (10651.0, 19.0, 9.2, 12.0, 0.25),
    (10651.0, 22.0, 21.0, 20.0, 0.25),
    (10652.0, 30.0, 25.89, 2.0, 0.25),
    (10652.0, 42.0, 14.0, 20.0, 0.0),
    (10653.0, 16.0, 17.45, 30.0, 0.1),
    (10653.0, 60.0, 34.0, 20.0, 0.1),
    (10654.0, 4.0, 22.0, 12.0, 0.1),
    (10654.0, 39.0, 18.0, 20.0, 0.1),
    (10654.0, 54.0, 7.45, 6.0, 0.1),
    (10655.0, 41.0, 9.65, 20.0, 0.2),
    (10656.0, 14.0, 23.25, 3.0, 0.1),
    (10656.0, 44.0, 19.45, 28.0, 0.1),
    (10656.0, 47.0, 9.5, 6.0, 0.1),
    (10657.0, 15.0, 15.5, 50.0, 0.0),
    (10657.0, 41.0, 9.65, 24.0, 0.0),
    (10657.0, 46.0, 12.0, 45.0, 0.0),
    (10657.0, 47.0, 9.5, 10.0, 0.0),
    (10657.0, 56.0, 38.0, 45.0, 0.0),
    (10657.0, 60.0, 34.0, 30.0, 0.0),
    (10658.0, 21.0, 10.0, 60.0, 0.0),
    (10658.0, 40.0, 18.4, 70.0, 0.05),
    (10658.0, 60.0, 34.0, 55.0, 0.05),
    (10658.0, 77.0, 13.0, 70.0, 0.05),
    (10659.0, 31.0, 12.5, 20.0, 0.05),
    (10659.0, 40.0, 18.4, 24.0, 0.05),
    (10659.0, 70.0, 15.0, 40.0, 0.05),
    (10660.0, 20.0, 81.0, 21.0, 0.0),
    (10661.0, 39.0, 18.0, 3.0, 0.2),
    (10661.0, 58.0, 13.25, 49.0, 0.2),
    (10662.0, 68.0, 12.5, 10.0, 0.0),
    (10663.0, 40.0, 18.4, 30.0, 0.05),
    (10663.0, 42.0, 14.0, 30.0, 0.05),
    (10663.0, 51.0, 53.0, 20.0, 0.05),
    (10664.0, 10.0, 31.0, 24.0, 0.15),
    (10664.0, 56.0, 38.0, 12.0, 0.15),
    (10664.0, 65.0, 21.05, 15.0, 0.15),
    (10665.0, 51.0, 53.0, 20.0, 0.0),
    (10665.0, 59.0, 55.0, 1.0, 0.0),
    (10665.0, 76.0, 18.0, 10.0, 0.0),
    (10666.0, 29.0, 123.79, 36.0, 0.0),
    (10666.0, 65.0, 21.05, 10.0, 0.0),
    (10667.0, 69.0, 36.0, 45.0, 0.2),
    (10667.0, 71.0, 21.5, 14.0, 0.2),
    (10668.0, 31.0, 12.5, 8.0, 0.1),
    (10668.0, 55.0, 24.0, 4.0, 0.1),
    (10668.0, 64.0, 33.25, 15.0, 0.1),
    (10669.0, 36.0, 19.0, 30.0, 0.0),
    (10670.0, 23.0, 9.0, 32.0, 0.0),
    (10670.0, 46.0, 12.0, 60.0, 0.0),
    (10670.0, 67.0, 14.0, 25.0, 0.0),
    (10670.0, 73.0, 15.0, 50.0, 0.0),
    (10670.0, 75.0, 7.75, 25.0, 0.0),
    (10671.0, 16.0, 17.45, 10.0, 0.0),
    (10671.0, 62.0, 49.3, 10.0, 0.0),
    (10671.0, 65.0, 21.05, 12.0, 0.0),
    (10672.0, 38.0, 263.5, 15.0, 0.1),
    (10672.0, 71.0, 21.5, 12.0, 0.0),
    (10673.0, 16.0, 17.45, 3.0, 0.0),
    (10673.0, 42.0, 14.0, 6.0, 0.0),
    (10673.0, 43.0, 46.0, 6.0, 0.0),
    (10674.0, 23.0, 9.0, 5.0, 0.0),
    (10675.0, 14.0, 23.25, 30.0, 0.0),
    (10675.0, 53.0, 32.8, 10.0, 0.0),
    (10675.0, 58.0, 13.25, 30.0, 0.0),
    (10676.0, 10.0, 31.0, 2.0, 0.0),
    (10676.0, 19.0, 9.2, 7.0, 0.0),
    (10676.0, 44.0, 19.45, 21.0, 0.0),
    (10677.0, 26.0, 31.23, 30.0, 0.15),
    (10677.0, 33.0, 2.5, 8.0, 0.15),
    (10678.0, 12.0, 38.0, 100.0, 0.0),
    (10678.0, 33.0, 2.5, 30.0, 0.0),
    (10678.0, 41.0, 9.65, 120.0, 0.0),
    (10678.0, 54.0, 7.45, 30.0, 0.0),
    (10679.0, 59.0, 55.0, 12.0, 0.0),
    (10680.0, 16.0, 17.45, 50.0, 0.25),
    (10680.0, 31.0, 12.5, 20.0, 0.25),
    (10680.0, 42.0, 14.0, 40.0, 0.25),
    (10681.0, 19.0, 9.2, 30.0, 0.1),
    (10681.0, 21.0, 10.0, 12.0, 0.1),
    (10681.0, 64.0, 33.25, 28.0, 0.0),
    (10682.0, 33.0, 2.5, 30.0, 0.0),
    (10682.0, 66.0, 17.0, 4.0, 0.0),
    (10682.0, 75.0, 7.75, 30.0, 0.0),
    (10683.0, 52.0, 7.0, 9.0, 0.0),
    (10684.0, 40.0, 18.4, 20.0, 0.0),
    (10684.0, 47.0, 9.5, 40.0, 0.0),
    (10684.0, 60.0, 34.0, 30.0, 0.0),
    (10685.0, 10.0, 31.0, 20.0, 0.0),
    (10685.0, 41.0, 9.65, 4.0, 0.0),
    (10685.0, 47.0, 9.5, 15.0, 0.0),
    (10686.0, 17.0, 39.0, 30.0, 0.2),
    (10686.0, 26.0, 31.23, 15.0, 0.0),
    (10687.0, 9.0, 97.0, 50.0, 0.25),
    (10687.0, 29.0, 123.79, 10.0, 0.0),
    (10687.0, 36.0, 19.0, 6.0, 0.25),
    (10688.0, 10.0, 31.0, 18.0, 0.1),
    (10688.0, 28.0, 45.6, 60.0, 0.1),
    (10688.0, 34.0, 14.0, 14.0, 0.0),
    (10689.0, 1.0, 18.0, 35.0, 0.25),
    (10690.0, 56.0, 38.0, 20.0, 0.25),
    (10690.0, 77.0, 13.0, 30.0, 0.25),
    (10691.0, 1.0, 18.0, 30.0, 0.0),
    (10691.0, 29.0, 123.79, 40.0, 0.0),
    (10691.0, 43.0, 46.0, 40.0, 0.0),
    (10691.0, 44.0, 19.45, 24.0, 0.0),
    (10691.0, 62.0, 49.3, 48.0, 0.0),
    (10692.0, 63.0, 43.9, 20.0, 0.0),
    (10693.0, 9.0, 97.0, 6.0, 0.0),
    (10693.0, 54.0, 7.45, 60.0, 0.15),
    (10693.0, 69.0, 36.0, 30.0, 0.15),
    (10693.0, 73.0, 15.0, 15.0, 0.15),
    (10694.0, 7.0, 30.0, 90.0, 0.0),
    (10694.0, 59.0, 55.0, 25.0, 0.0),
    (10694.0, 70.0, 15.0, 50.0, 0.0),
    (10695.0, 8.0, 40.0, 10.0, 0.0),
    (10695.0, 12.0, 38.0, 4.0, 0.0),
    (10695.0, 24.0, 4.5, 20.0, 0.0),
    (10696.0, 17.0, 39.0, 20.0, 0.0),
    (10696.0, 46.0, 12.0, 18.0, 0.0),
    (10697.0, 19.0, 9.2, 7.0, 0.25),
    (10697.0, 35.0, 18.0, 9.0, 0.25),
    (10697.0, 58.0, 13.25, 30.0, 0.25),
    (10697.0, 70.0, 15.0, 30.0, 0.25),
    (10698.0, 11.0, 21.0, 15.0, 0.0),
    (10698.0, 17.0, 39.0, 8.0, 0.05),
    (10698.0, 29.0, 123.79, 12.0, 0.05),
    (10698.0, 65.0, 21.05, 65.0, 0.05),
    (10698.0, 70.0, 15.0, 8.0, 0.05),
    (10699.0, 47.0, 9.5, 12.0, 0.0),
    (10700.0, 1.0, 18.0, 5.0, 0.2),
    (10700.0, 34.0, 14.0, 12.0, 0.2),
    (10700.0, 68.0, 12.5, 40.0, 0.2),
    (10700.0, 71.0, 21.5, 60.0, 0.2),
    (10701.0, 59.0, 55.0, 42.0, 0.15),
    (10701.0, 71.0, 21.5, 20.0, 0.15),
    (10701.0, 76.0, 18.0, 35.0, 0.15),
    (10702.0, 3.0, 10.0, 6.0, 0.0),
    (10702.0, 76.0, 18.0, 15.0, 0.0),
    (10703.0, 2.0, 19.0, 5.0, 0.0),
    (10703.0, 59.0, 55.0, 35.0, 0.0),
    (10703.0, 73.0, 15.0, 35.0, 0.0),
    (10704.0, 4.0, 22.0, 6.0, 0.0),
    (10704.0, 24.0, 4.5, 35.0, 0.0),
    (10704.0, 48.0, 12.75, 24.0, 0.0),
    (10705.0, 31.0, 12.5, 20.0, 0.0),
    (10705.0, 32.0, 32.0, 4.0, 0.0),
    (10706.0, 16.0, 17.45, 20.0, 0.0),
    (10706.0, 43.0, 46.0, 24.0, 0.0),
    (10706.0, 59.0, 55.0, 8.0, 0.0),
    (10707.0, 55.0, 24.0, 21.0, 0.0),
    (10707.0, 57.0, 19.5, 40.0, 0.0),
    (10707.0, 70.0, 15.0, 28.0, 0.15),
    (10708.0, 5.0, 21.35, 4.0, 0.0),
    (10708.0, 36.0, 19.0, 5.0, 0.0),
    (10709.0, 8.0, 40.0, 40.0, 0.0),
    (10709.0, 51.0, 53.0, 28.0, 0.0),
    (10709.0, 60.0, 34.0, 10.0, 0.0),
    (10710.0, 19.0, 9.2, 5.0, 0.0),
    (10710.0, 47.0, 9.5, 5.0, 0.0),
    (10711.0, 19.0, 9.2, 12.0, 0.0),
    (10711.0, 41.0, 9.65, 42.0, 0.0),
    (10711.0, 53.0, 32.8, 120.0, 0.0),
    (10712.0, 53.0, 32.8, 3.0, 0.05),
    (10712.0, 56.0, 38.0, 30.0, 0.0),
    (10713.0, 10.0, 31.0, 18.0, 0.0),
    (10713.0, 26.0, 31.23, 30.0, 0.0),
    (10713.0, 45.0, 9.5, 110.0, 0.0),
    (10713.0, 46.0, 12.0, 24.0, 0.0),
    (10714.0, 2.0, 19.0, 30.0, 0.25),
    (10714.0, 17.0, 39.0, 27.0, 0.25),
    (10714.0, 47.0, 9.5, 50.0, 0.25),
    (10714.0, 56.0, 38.0, 18.0, 0.25),
    (10714.0, 58.0, 13.25, 12.0, 0.25),
    (10715.0, 10.0, 31.0, 21.0, 0.0),
    (10715.0, 71.0, 21.5, 30.0, 0.0),
    (10716.0, 21.0, 10.0, 5.0, 0.0),
    (10716.0, 51.0, 53.0, 7.0, 0.0),
    (10716.0, 61.0, 28.5, 10.0, 0.0),
    (10717.0, 21.0, 10.0, 32.0, 0.05),
    (10717.0, 54.0, 7.45, 15.0, 0.0),
    (10717.0, 69.0, 36.0, 25.0, 0.05),
    (10718.0, 12.0, 38.0, 36.0, 0.0),
    (10718.0, 16.0, 17.45, 20.0, 0.0),
    (10718.0, 36.0, 19.0, 40.0, 0.0),
    (10718.0, 62.0, 49.3, 20.0, 0.0),
    (10719.0, 18.0, 62.5, 12.0, 0.25),
    (10719.0, 30.0, 25.89, 3.0, 0.25),
    (10719.0, 54.0, 7.45, 40.0, 0.25),
    (10720.0, 35.0, 18.0, 21.0, 0.0),
    (10720.0, 71.0, 21.5, 8.0, 0.0),
    (10721.0, 44.0, 19.45, 50.0, 0.05),
    (10722.0, 2.0, 19.0, 3.0, 0.0),
    (10722.0, 31.0, 12.5, 50.0, 0.0),
    (10722.0, 68.0, 12.5, 45.0, 0.0),
    (10722.0, 75.0, 7.75, 42.0, 0.0),
    (10723.0, 26.0, 31.23, 15.0, 0.0),
    (10724.0, 10.0, 31.0, 16.0, 0.0),
    (10724.0, 61.0, 28.5, 5.0, 0.0),
    (10725.0, 41.0, 9.65, 12.0, 0.0),
    (10725.0, 52.0, 7.0, 4.0, 0.0),
    (10725.0, 55.0, 24.0, 6.0, 0.0),
    (10726.0, 4.0, 22.0, 25.0, 0.0),
    (10726.0, 11.0, 21.0, 5.0, 0.0),
    (10727.0, 17.0, 39.0, 20.0, 0.05),
    (10727.0, 56.0, 38.0, 10.0, 0.05),
    (10727.0, 59.0, 55.0, 10.0, 0.05),
    (10728.0, 30.0, 25.89, 15.0, 0.0),
    (10728.0, 40.0, 18.4, 6.0, 0.0),
    (10728.0, 55.0, 24.0, 12.0, 0.0),
    (10728.0, 60.0, 34.0, 15.0, 0.0),
    (10729.0, 1.0, 18.0, 50.0, 0.0),
    (10729.0, 21.0, 10.0, 30.0, 0.0),
    (10729.0, 50.0, 16.25, 40.0, 0.0),
    (10730.0, 16.0, 17.45, 15.0, 0.05),
    (10730.0, 31.0, 12.5, 3.0, 0.05),
    (10730.0, 65.0, 21.05, 10.0, 0.05),
    (10731.0, 21.0, 10.0, 40.0, 0.05),
    (10731.0, 51.0, 53.0, 30.0, 0.05),
    (10732.0, 76.0, 18.0, 20.0, 0.0),
    (10733.0, 14.0, 23.25, 16.0, 0.0),
    (10733.0, 28.0, 45.6, 20.0, 0.0),
    (10733.0, 52.0, 7.0, 25.0, 0.0),
    (10734.0, 6.0, 25.0, 30.0, 0.0),
    (10734.0, 30.0, 25.89, 15.0, 0.0),
    (10734.0, 76.0, 18.0, 20.0, 0.0),
    (10735.0, 61.0, 28.5, 20.0, 0.1),
    (10735.0, 77.0, 13.0, 2.0, 0.1),
    (10736.0, 65.0, 21.05, 40.0, 0.0),
    (10736.0, 75.0, 7.75, 20.0, 0.0),
    (10737.0, 13.0, 6.0, 4.0, 0.0),
    (10737.0, 41.0, 9.65, 12.0, 0.0),
    (10738.0, 16.0, 17.45, 3.0, 0.0),
    (10739.0, 36.0, 19.0, 6.0, 0.0),
    (10739.0, 52.0, 7.0, 18.0, 0.0),
    (10740.0, 28.0, 45.6, 5.0, 0.2),
    (10740.0, 35.0, 18.0, 35.0, 0.2),
    (10740.0, 45.0, 9.5, 40.0, 0.2),
    (10740.0, 56.0, 38.0, 14.0, 0.2),
    (10741.0, 2.0, 19.0, 15.0, 0.2),
    (10742.0, 3.0, 10.0, 20.0, 0.0),
    (10742.0, 60.0, 34.0, 50.0, 0.0),
    (10742.0, 72.0, 34.8, 35.0, 0.0),
    (10743.0, 46.0, 12.0, 28.0, 0.05),
    (10744.0, 40.0, 18.4, 50.0, 0.2),
    (10745.0, 18.0, 62.5, 24.0, 0.0),
    (10745.0, 44.0, 19.45, 16.0, 0.0),
    (10745.0, 59.0, 55.0, 45.0, 0.0),
    (10745.0, 72.0, 34.8, 7.0, 0.0),
    (10746.0, 13.0, 6.0, 6.0, 0.0),
    (10746.0, 42.0, 14.0, 28.0, 0.0),
    (10746.0, 62.0, 49.3, 9.0, 0.0),
    (10746.0, 69.0, 36.0, 40.0, 0.0),
    (10747.0, 31.0, 12.5, 8.0, 0.0),
    (10747.0, 41.0, 9.65, 35.0, 0.0),
    (10747.0, 63.0, 43.9, 9.0, 0.0),
    (10747.0, 69.0, 36.0, 30.0, 0.0),
    (10748.0, 23.0, 9.0, 44.0, 0.0),
    (10748.0, 40.0, 18.4, 40.0, 0.0),
    (10748.0, 56.0, 38.0, 28.0, 0.0),
    (10749.0, 56.0, 38.0, 15.0, 0.0),
    (10749.0, 59.0, 55.0, 6.0, 0.0),
    (10749.0, 76.0, 18.0, 10.0, 0.0),
    (10750.0, 14.0, 23.25, 5.0, 0.15),
    (10750.0, 45.0, 9.5, 40.0, 0.15),
    (10750.0, 59.0, 55.0, 25.0, 0.15),
    (10751.0, 26.0, 31.23, 12.0, 0.1),
    (10751.0, 30.0, 25.89, 30.0, 0.0),
    (10751.0, 50.0, 16.25, 20.0, 0.1),
    (10751.0, 73.0, 15.0, 15.0, 0.0),
    (10752.0, 1.0, 18.0, 8.0, 0.0),
    (10752.0, 69.0, 36.0, 3.0, 0.0),
    (10753.0, 45.0, 9.5, 4.0, 0.0),
    (10753.0, 74.0, 10.0, 5.0, 0.0),
    (10754.0, 40.0, 18.4, 3.0, 0.0),
    (10755.0, 47.0, 9.5, 30.0, 0.25),
    (10755.0, 56.0, 38.0, 30.0, 0.25),
    (10755.0, 57.0, 19.5, 14.0, 0.25),
    (10755.0, 69.0, 36.0, 25.0, 0.25),
    (10756.0, 18.0, 62.5, 21.0, 0.2),
    (10756.0, 36.0, 19.0, 20.0, 0.2),
    (10756.0, 68.0, 12.5, 6.0, 0.2),
    (10756.0, 69.0, 36.0, 20.0, 0.2),
    (10757.0, 34.0, 14.0, 30.0, 0.0),
    (10757.0, 59.0, 55.0, 7.0, 0.0),
    (10757.0, 62.0, 49.3, 30.0, 0.0),
    (10757.0, 64.0, 33.25, 24.0, 0.0),
    (10758.0, 26.0, 31.23, 20.0, 0.0),
    (10758.0, 52.0, 7.0, 60.0, 0.0),
    (10758.0, 70.0, 15.0, 40.0, 0.0),
    (10759.0, 32.0, 32.0, 10.0, 0.0),
    (10760.0, 25.0, 14.0, 12.0, 0.25),
    (10760.0, 27.0, 43.9, 40.0, 0.0),
    (10760.0, 43.0, 46.0, 30.0, 0.25),
    (10761.0, 25.0, 14.0, 35.0, 0.25),
    (10761.0, 75.0, 7.75, 18.0, 0.0),
    (10762.0, 39.0, 18.0, 16.0, 0.0),
    (10762.0, 47.0, 9.5, 30.0, 0.0),
    (10762.0, 51.0, 53.0, 28.0, 0.0),
    (10762.0, 56.0, 38.0, 60.0, 0.0),
    (10763.0, 21.0, 10.0, 40.0, 0.0),
    (10763.0, 22.0, 21.0, 6.0, 0.0),
    (10763.0, 24.0, 4.5, 20.0, 0.0),
    (10764.0, 3.0, 10.0, 20.0, 0.1),
    (10764.0, 39.0, 18.0, 130.0, 0.1),
    (10765.0, 65.0, 21.05, 80.0, 0.1),
    (10766.0, 2.0, 19.0, 40.0, 0.0),
    (10766.0, 7.0, 30.0, 35.0, 0.0),
    (10766.0, 68.0, 12.5, 40.0, 0.0),
    (10767.0, 42.0, 14.0, 2.0, 0.0),
    (10768.0, 22.0, 21.0, 4.0, 0.0),
    (10768.0, 31.0, 12.5, 50.0, 0.0),
    (10768.0, 60.0, 34.0, 15.0, 0.0),
    (10768.0, 71.0, 21.5, 12.0, 0.0),
    (10769.0, 41.0, 9.65, 30.0, 0.05),
    (10769.0, 52.0, 7.0, 15.0, 0.05),
    (10769.0, 61.0, 28.5, 20.0, 0.0),
    (10769.0, 62.0, 49.3, 15.0, 0.0),
    (10770.0, 11.0, 21.0, 15.0, 0.25),
    (10771.0, 71.0, 21.5, 16.0, 0.0),
    (10772.0, 29.0, 123.79, 18.0, 0.0),
    (10772.0, 59.0, 55.0, 25.0, 0.0),
    (10773.0, 17.0, 39.0, 33.0, 0.0),
    (10773.0, 31.0, 12.5, 70.0, 0.2),
    (10773.0, 75.0, 7.75, 7.0, 0.2),
    (10774.0, 31.0, 12.5, 2.0, 0.25),
    (10774.0, 66.0, 17.0, 50.0, 0.0),
    (10775.0, 10.0, 31.0, 6.0, 0.0),
    (10775.0, 67.0, 14.0, 3.0, 0.0),
    (10776.0, 31.0, 12.5, 16.0, 0.05),
    (10776.0, 42.0, 14.0, 12.0, 0.05),
    (10776.0, 45.0, 9.5, 27.0, 0.05),
    (10776.0, 51.0, 53.0, 120.0, 0.05),
    (10777.0, 42.0, 14.0, 20.0, 0.2),
    (10778.0, 41.0, 9.65, 10.0, 0.0),
    (10779.0, 16.0, 17.45, 20.0, 0.0),
    (10779.0, 62.0, 49.3, 20.0, 0.0),
    (10780.0, 70.0, 15.0, 35.0, 0.0),
    (10780.0, 77.0, 13.0, 15.0, 0.0),
    (10781.0, 54.0, 7.45, 3.0, 0.2),
    (10781.0, 56.0, 38.0, 20.0, 0.2),
    (10781.0, 74.0, 10.0, 35.0, 0.0),
    (10782.0, 31.0, 12.5, 1.0, 0.0),
    (10783.0, 31.0, 12.5, 10.0, 0.0),
    (10783.0, 38.0, 263.5, 5.0, 0.0),
    (10784.0, 36.0, 19.0, 30.0, 0.0),
    (10784.0, 39.0, 18.0, 2.0, 0.15),
    (10784.0, 72.0, 34.8, 30.0, 0.15),
    (10785.0, 10.0, 31.0, 10.0, 0.0),
    (10785.0, 75.0, 7.75, 10.0, 0.0),
    (10786.0, 8.0, 40.0, 30.0, 0.2),
    (10786.0, 30.0, 25.89, 15.0, 0.2),
    (10786.0, 75.0, 7.75, 42.0, 0.2),
    (10787.0, 2.0, 19.0, 15.0, 0.05),
    (10787.0, 29.0, 123.79, 20.0, 0.05),
    (10788.0, 19.0, 9.2, 50.0, 0.05),
    (10788.0, 75.0, 7.75, 40.0, 0.05),
    (10789.0, 18.0, 62.5, 30.0, 0.0),
    (10789.0, 35.0, 18.0, 15.0, 0.0),
    (10789.0, 63.0, 43.9, 30.0, 0.0),
    (10789.0, 68.0, 12.5, 18.0, 0.0),
    (10790.0, 7.0, 30.0, 3.0, 0.15),
    (10790.0, 56.0, 38.0, 20.0, 0.15),
    (10791.0, 29.0, 123.79, 14.0, 0.05),
    (10791.0, 41.0, 9.65, 20.0, 0.05),
    (10792.0, 2.0, 19.0, 10.0, 0.0),
    (10792.0, 54.0, 7.45, 3.0, 0.0),
    (10792.0, 68.0, 12.5, 15.0, 0.0),
    (10793.0, 41.0, 9.65, 14.0, 0.0),
    (10793.0, 52.0, 7.0, 8.0, 0.0),
    (10794.0, 14.0, 23.25, 15.0, 0.2),
    (10794.0, 54.0, 7.45, 6.0, 0.2),
    (10795.0, 16.0, 17.45, 65.0, 0.0),
    (10795.0, 17.0, 39.0, 35.0, 0.25),
    (10796.0, 26.0, 31.23, 21.0, 0.2),
    (10796.0, 44.0, 19.45, 10.0, 0.0),
    (10796.0, 64.0, 33.25, 35.0, 0.2),
    (10796.0, 69.0, 36.0, 24.0, 0.2),
    (10797.0, 11.0, 21.0, 20.0, 0.0),
    (10798.0, 62.0, 49.3, 2.0, 0.0),
    (10798.0, 72.0, 34.8, 10.0, 0.0),
    (10799.0, 13.0, 6.0, 20.0, 0.15),
    (10799.0, 24.0, 4.5, 20.0, 0.15),
    (10799.0, 59.0, 55.0, 25.0, 0.0),
    (10800.0, 11.0, 21.0, 50.0, 0.1),
    (10800.0, 51.0, 53.0, 10.0, 0.1),
    (10800.0, 54.0, 7.45, 7.0, 0.1),
    (10801.0, 17.0, 39.0, 40.0, 0.25),
    (10801.0, 29.0, 123.79, 20.0, 0.25),
    (10802.0, 30.0, 25.89, 25.0, 0.25),
    (10802.0, 51.0, 53.0, 30.0, 0.25),
    (10802.0, 55.0, 24.0, 60.0, 0.25),
    (10802.0, 62.0, 49.3, 5.0, 0.25),
    (10803.0, 19.0, 9.2, 24.0, 0.05),
    (10803.0, 25.0, 14.0, 15.0, 0.05),
    (10803.0, 59.0, 55.0, 15.0, 0.05),
    (10804.0, 10.0, 31.0, 36.0, 0.0),
    (10804.0, 28.0, 45.6, 24.0, 0.0),
    (10804.0, 49.0, 20.0, 4.0, 0.15),
    (10805.0, 34.0, 14.0, 10.0, 0.0),
    (10805.0, 38.0, 263.5, 10.0, 0.0),
    (10806.0, 2.0, 19.0, 20.0, 0.25),
    (10806.0, 65.0, 21.05, 2.0, 0.0),
    (10806.0, 74.0, 10.0, 15.0, 0.25),
    (10807.0, 40.0, 18.4, 1.0, 0.0),
    (10808.0, 56.0, 38.0, 20.0, 0.15),
    (10808.0, 76.0, 18.0, 50.0, 0.15),
    (10809.0, 52.0, 7.0, 20.0, 0.0),
    (10810.0, 13.0, 6.0, 7.0, 0.0),
    (10810.0, 25.0, 14.0, 5.0, 0.0),
    (10810.0, 70.0, 15.0, 5.0, 0.0),
    (10811.0, 19.0, 9.2, 15.0, 0.0),
    (10811.0, 23.0, 9.0, 18.0, 0.0),
    (10811.0, 40.0, 18.4, 30.0, 0.0),
    (10812.0, 31.0, 12.5, 16.0, 0.1),
    (10812.0, 72.0, 34.8, 40.0, 0.1),
    (10812.0, 77.0, 13.0, 20.0, 0.0),
    (10813.0, 2.0, 19.0, 12.0, 0.2),
    (10813.0, 46.0, 12.0, 35.0, 0.0),
    (10814.0, 41.0, 9.65, 20.0, 0.0),
    (10814.0, 43.0, 46.0, 20.0, 0.15),
    (10814.0, 48.0, 12.75, 8.0, 0.15),
    (10814.0, 61.0, 28.5, 30.0, 0.15),
    (10815.0, 33.0, 2.5, 16.0, 0.0),
    (10816.0, 38.0, 263.5, 30.0, 0.05),
    (10816.0, 62.0, 49.3, 20.0, 0.05),
    (10817.0, 26.0, 31.23, 40.0, 0.15),
    (10817.0, 38.0, 263.5, 30.0, 0.0),
    (10817.0, 40.0, 18.4, 60.0, 0.15),
    (10817.0, 62.0, 49.3, 25.0, 0.15),
    (10818.0, 32.0, 32.0, 20.0, 0.0),
    (10818.0, 41.0, 9.65, 20.0, 0.0),
    (10819.0, 43.0, 46.0, 7.0, 0.0),
    (10819.0, 75.0, 7.75, 20.0, 0.0),
    (10820.0, 56.0, 38.0, 30.0, 0.0),
    (10821.0, 35.0, 18.0, 20.0, 0.0),
    (10821.0, 51.0, 53.0, 6.0, 0.0),
    (10822.0, 62.0, 49.3, 3.0, 0.0),
    (10822.0, 70.0, 15.0, 6.0, 0.0),
    (10823.0, 11.0, 21.0, 20.0, 0.1),
    (10823.0, 57.0, 19.5, 15.0, 0.0),
    (10823.0, 59.0, 55.0, 40.0, 0.1),
    (10823.0, 77.0, 13.0, 15.0, 0.1),
    (10824.0, 41.0, 9.65, 12.0, 0.0),
    (10824.0, 70.0, 15.0, 9.0, 0.0),
    (10825.0, 26.0, 31.23, 12.0, 0.0),
    (10825.0, 53.0, 32.8, 20.0, 0.0),
    (10826.0, 31.0, 12.5, 35.0, 0.0),
    (10826.0, 57.0, 19.5, 15.0, 0.0),
    (10827.0, 10.0, 31.0, 15.0, 0.0),
    (10827.0, 39.0, 18.0, 21.0, 0.0),
    (10828.0, 20.0, 81.0, 5.0, 0.0),
    (10828.0, 38.0, 263.5, 2.0, 0.0),
    (10829.0, 2.0, 19.0, 10.0, 0.0),
    (10829.0, 8.0, 40.0, 20.0, 0.0),
    (10829.0, 13.0, 6.0, 10.0, 0.0),
    (10829.0, 60.0, 34.0, 21.0, 0.0),
    (10830.0, 6.0, 25.0, 6.0, 0.0),
    (10830.0, 39.0, 18.0, 28.0, 0.0),
    (10830.0, 60.0, 34.0, 30.0, 0.0),
    (10830.0, 68.0, 12.5, 24.0, 0.0),
    (10831.0, 19.0, 9.2, 2.0, 0.0),
    (10831.0, 35.0, 18.0, 8.0, 0.0),
    (10831.0, 38.0, 263.5, 8.0, 0.0),
    (10831.0, 43.0, 46.0, 9.0, 0.0),
    (10832.0, 13.0, 6.0, 3.0, 0.2),
    (10832.0, 25.0, 14.0, 10.0, 0.2),
    (10832.0, 44.0, 19.45, 16.0, 0.2),
    (10832.0, 64.0, 33.25, 3.0, 0.0),
    (10833.0, 7.0, 30.0, 20.0, 0.1),
    (10833.0, 31.0, 12.5, 9.0, 0.1),
    (10833.0, 53.0, 32.8, 9.0, 0.1),
    (10834.0, 29.0, 123.79, 8.0, 0.05),
    (10834.0, 30.0, 25.89, 20.0, 0.05),
    (10835.0, 59.0, 55.0, 15.0, 0.0),
    (10835.0, 77.0, 13.0, 2.0, 0.2),
    (10836.0, 22.0, 21.0, 52.0, 0.0),
    (10836.0, 35.0, 18.0, 6.0, 0.0),
    (10836.0, 57.0, 19.5, 24.0, 0.0),
    (10836.0, 60.0, 34.0, 60.0, 0.0),
    (10836.0, 64.0, 33.25, 30.0, 0.0),
    (10837.0, 13.0, 6.0, 6.0, 0.0),
    (10837.0, 40.0, 18.4, 25.0, 0.0),
    (10837.0, 47.0, 9.5, 40.0, 0.25),
    (10837.0, 76.0, 18.0, 21.0, 0.25),
    (10838.0, 1.0, 18.0, 4.0, 0.25),
    (10838.0, 18.0, 62.5, 25.0, 0.25),
    (10838.0, 36.0, 19.0, 50.0, 0.25),
    (10839.0, 58.0, 13.25, 30.0, 0.1),
    (10839.0, 72.0, 34.8, 15.0, 0.1),
    (10840.0, 25.0, 14.0, 6.0, 0.2),
    (10840.0, 39.0, 18.0, 10.0, 0.2),
    (10841.0, 10.0, 31.0, 16.0, 0.0),
    (10841.0, 56.0, 38.0, 30.0, 0.0),
    (10841.0, 59.0, 55.0, 50.0, 0.0),
    (10841.0, 77.0, 13.0, 15.0, 0.0),
    (10842.0, 11.0, 21.0, 15.0, 0.0),
    (10842.0, 43.0, 46.0, 5.0, 0.0),
    (10842.0, 68.0, 12.5, 20.0, 0.0),
    (10842.0, 70.0, 15.0, 12.0, 0.0),
    (10843.0, 51.0, 53.0, 4.0, 0.25),
    (10844.0, 22.0, 21.0, 35.0, 0.0),
    (10845.0, 23.0, 9.0, 70.0, 0.1),
    (10845.0, 35.0, 18.0, 25.0, 0.1),
    (10845.0, 42.0, 14.0, 42.0, 0.1),
    (10845.0, 58.0, 13.25, 60.0, 0.1),
    (10845.0, 64.0, 33.25, 48.0, 0.0),
    (10846.0, 4.0, 22.0, 21.0, 0.0),
    (10846.0, 70.0, 15.0, 30.0, 0.0),
    (10846.0, 74.0, 10.0, 20.0, 0.0),
    (10847.0, 1.0, 18.0, 80.0, 0.2),
    (10847.0, 19.0, 9.2, 12.0, 0.2),
    (10847.0, 37.0, 26.0, 60.0, 0.2),
    (10847.0, 45.0, 9.5, 36.0, 0.2),
    (10847.0, 60.0, 34.0, 45.0, 0.2),
    (10847.0, 71.0, 21.5, 55.0, 0.2),
    (10848.0, 5.0, 21.35, 30.0, 0.0),
    (10848.0, 9.0, 97.0, 3.0, 0.0),
    (10849.0, 3.0, 10.0, 49.0, 0.0),
    (10849.0, 26.0, 31.23, 18.0, 0.15),
    (10850.0, 25.0, 14.0, 20.0, 0.15),
    (10850.0, 33.0, 2.5, 4.0, 0.15),
    (10850.0, 70.0, 15.0, 30.0, 0.15),
    (10851.0, 2.0, 19.0, 5.0, 0.05),
    (10851.0, 25.0, 14.0, 10.0, 0.05),
    (10851.0, 57.0, 19.5, 10.0, 0.05),
    (10851.0, 59.0, 55.0, 42.0, 0.05),
    (10852.0, 2.0, 19.0, 15.0, 0.0),
    (10852.0, 17.0, 39.0, 6.0, 0.0),
    (10852.0, 62.0, 49.3, 50.0, 0.0),
    (10853.0, 18.0, 62.5, 10.0, 0.0),
    (10854.0, 10.0, 31.0, 100.0, 0.15),
    (10854.0, 13.0, 6.0, 65.0, 0.15),
    (10855.0, 16.0, 17.45, 50.0, 0.0),
    (10855.0, 31.0, 12.5, 14.0, 0.0),
    (10855.0, 56.0, 38.0, 24.0, 0.0),
    (10855.0, 65.0, 21.05, 15.0, 0.15),
    (10856.0, 2.0, 19.0, 20.0, 0.0),
    (10856.0, 42.0, 14.0, 20.0, 0.0),
    (10857.0, 3.0, 10.0, 30.0, 0.0),
    (10857.0, 26.0, 31.23, 35.0, 0.25),
    (10857.0, 29.0, 123.79, 10.0, 0.25),
    (10858.0, 7.0, 30.0, 5.0, 0.0),
    (10858.0, 27.0, 43.9, 10.0, 0.0),
    (10858.0, 70.0, 15.0, 4.0, 0.0),
    (10859.0, 24.0, 4.5, 40.0, 0.25),
    (10859.0, 54.0, 7.45, 35.0, 0.25),
    (10859.0, 64.0, 33.25, 30.0, 0.25),
    (10860.0, 51.0, 53.0, 3.0, 0.0),
    (10860.0, 76.0, 18.0, 20.0, 0.0),
    (10861.0, 17.0, 39.0, 42.0, 0.0),
    (10861.0, 18.0, 62.5, 20.0, 0.0),
    (10861.0, 21.0, 10.0, 40.0, 0.0),
    (10861.0, 33.0, 2.5, 35.0, 0.0),
    (10861.0, 62.0, 49.3, 3.0, 0.0),
    (10862.0, 11.0, 21.0, 25.0, 0.0),
    (10862.0, 52.0, 7.0, 8.0, 0.0),
    (10863.0, 1.0, 18.0, 20.0, 0.15),
    (10863.0, 58.0, 13.25, 12.0, 0.15),
    (10864.0, 35.0, 18.0, 4.0, 0.0),
    (10864.0, 67.0, 14.0, 15.0, 0.0),
    (10865.0, 38.0, 263.5, 60.0, 0.05),
    (10865.0, 39.0, 18.0, 80.0, 0.05),
    (10866.0, 2.0, 19.0, 21.0, 0.25),
    (10866.0, 24.0, 4.5, 6.0, 0.25),
    (10866.0, 30.0, 25.89, 40.0, 0.25),
    (10867.0, 53.0, 32.8, 3.0, 0.0),
    (10868.0, 26.0, 31.23, 20.0, 0.0),
    (10868.0, 35.0, 18.0, 30.0, 0.0),
    (10868.0, 49.0, 20.0, 42.0, 0.1),
    (10869.0, 1.0, 18.0, 40.0, 0.0),
    (10869.0, 11.0, 21.0, 10.0, 0.0),
    (10869.0, 23.0, 9.0, 50.0, 0.0),
    (10869.0, 68.0, 12.5, 20.0, 0.0),
    (10870.0, 35.0, 18.0, 3.0, 0.0),
    (10870.0, 51.0, 53.0, 2.0, 0.0),
    (10871.0, 6.0, 25.0, 50.0, 0.05),
    (10871.0, 16.0, 17.45, 12.0, 0.05),
    (10871.0, 17.0, 39.0, 16.0, 0.05),
    (10872.0, 55.0, 24.0, 10.0, 0.05),
    (10872.0, 62.0, 49.3, 20.0, 0.05),
    (10872.0, 64.0, 33.25, 15.0, 0.05),
    (10872.0, 65.0, 21.05, 21.0, 0.05),
    (10873.0, 21.0, 10.0, 20.0, 0.0),
    (10873.0, 28.0, 45.6, 3.0, 0.0),
    (10874.0, 10.0, 31.0, 10.0, 0.0),
    (10875.0, 19.0, 9.2, 25.0, 0.0),
    (10875.0, 47.0, 9.5, 21.0, 0.1),
    (10875.0, 49.0, 20.0, 15.0, 0.0),
    (10876.0, 46.0, 12.0, 21.0, 0.0),
    (10876.0, 64.0, 33.25, 20.0, 0.0),
    (10877.0, 16.0, 17.45, 30.0, 0.25),
    (10877.0, 18.0, 62.5, 25.0, 0.0),
    (10878.0, 20.0, 81.0, 20.0, 0.05),
    (10879.0, 40.0, 18.4, 12.0, 0.0),
    (10879.0, 65.0, 21.05, 10.0, 0.0),
    (10879.0, 76.0, 18.0, 10.0, 0.0),
    (10880.0, 23.0, 9.0, 30.0, 0.2),
    (10880.0, 61.0, 28.5, 30.0, 0.2),
    (10880.0, 70.0, 15.0, 50.0, 0.2),
    (10881.0, 73.0, 15.0, 10.0, 0.0),
    (10882.0, 42.0, 14.0, 25.0, 0.0),
    (10882.0, 49.0, 20.0, 20.0, 0.15),
    (10882.0, 54.0, 7.45, 32.0, 0.15),
    (10883.0, 24.0, 4.5, 8.0, 0.0),
    (10884.0, 21.0, 10.0, 40.0, 0.05),
    (10884.0, 56.0, 38.0, 21.0, 0.05),
    (10884.0, 65.0, 21.05, 12.0, 0.05),
    (10885.0, 2.0, 19.0, 20.0, 0.0),
    (10885.0, 24.0, 4.5, 12.0, 0.0),
    (10885.0, 70.0, 15.0, 30.0, 0.0),
    (10885.0, 77.0, 13.0, 25.0, 0.0),
    (10886.0, 10.0, 31.0, 70.0, 0.0),
    (10886.0, 31.0, 12.5, 35.0, 0.0),
    (10886.0, 77.0, 13.0, 40.0, 0.0),
    (10887.0, 25.0, 14.0, 5.0, 0.0),
    (10888.0, 2.0, 19.0, 20.0, 0.0),
    (10888.0, 68.0, 12.5, 18.0, 0.0),
    (10889.0, 11.0, 21.0, 40.0, 0.0),
    (10889.0, 38.0, 263.5, 40.0, 0.0),
    (10890.0, 17.0, 39.0, 15.0, 0.0),
    (10890.0, 34.0, 14.0, 10.0, 0.0),
    (10890.0, 41.0, 9.65, 14.0, 0.0),
    (10891.0, 30.0, 25.89, 15.0, 0.05),
    (10892.0, 59.0, 55.0, 40.0, 0.05),
    (10893.0, 8.0, 40.0, 30.0, 0.0),
    (10893.0, 24.0, 4.5, 10.0, 0.0),
    (10893.0, 29.0, 123.79, 24.0, 0.0),
    (10893.0, 30.0, 25.89, 35.0, 0.0),
    (10893.0, 36.0, 19.0, 20.0, 0.0),
    (10894.0, 13.0, 6.0, 28.0, 0.05),
    (10894.0, 69.0, 36.0, 50.0, 0.05),
    (10894.0, 75.0, 7.75, 120.0, 0.05),
    (10895.0, 24.0, 4.5, 110.0, 0.0),
    (10895.0, 39.0, 18.0, 45.0, 0.0),
    (10895.0, 40.0, 18.4, 91.0, 0.0),
    (10895.0, 60.0, 34.0, 100.0, 0.0),
    (10896.0, 45.0, 9.5, 15.0, 0.0),
    (10896.0, 56.0, 38.0, 16.0, 0.0),
    (10897.0, 29.0, 123.79, 80.0, 0.0),
    (10897.0, 30.0, 25.89, 36.0, 0.0),
    (10898.0, 13.0, 6.0, 5.0, 0.0),
    (10899.0, 39.0, 18.0, 8.0, 0.15),
    (10900.0, 70.0, 15.0, 3.0, 0.25),
    (10901.0, 41.0, 9.65, 30.0, 0.0),
    (10901.0, 71.0, 21.5, 30.0, 0.0),
    (10902.0, 55.0, 24.0, 30.0, 0.15),
    (10902.0, 62.0, 49.3, 6.0, 0.15),
    (10903.0, 13.0, 6.0, 40.0, 0.0),
    (10903.0, 65.0, 21.05, 21.0, 0.0),
    (10903.0, 68.0, 12.5, 20.0, 0.0),
    (10904.0, 58.0, 13.25, 15.0, 0.0),
    (10904.0, 62.0, 49.3, 35.0, 0.0),
    (10905.0, 1.0, 18.0, 20.0, 0.05),
    (10906.0, 61.0, 28.5, 15.0, 0.0),
    (10907.0, 75.0, 7.75, 14.0, 0.0),
    (10908.0, 7.0, 30.0, 20.0, 0.05),
    (10908.0, 52.0, 7.0, 14.0, 0.05),
    (10909.0, 7.0, 30.0, 12.0, 0.0),
    (10909.0, 16.0, 17.45, 15.0, 0.0),
    (10909.0, 41.0, 9.65, 5.0, 0.0),
    (10910.0, 19.0, 9.2, 12.0, 0.0),
    (10910.0, 49.0, 20.0, 10.0, 0.0),
    (10910.0, 61.0, 28.5, 5.0, 0.0),
    (10911.0, 1.0, 18.0, 10.0, 0.0),
    (10911.0, 17.0, 39.0, 12.0, 0.0),
    (10911.0, 67.0, 14.0, 15.0, 0.0),
    (10912.0, 11.0, 21.0, 40.0, 0.25),
    (10912.0, 29.0, 123.79, 60.0, 0.25),
    (10913.0, 4.0, 22.0, 30.0, 0.25),
    (10913.0, 33.0, 2.5, 40.0, 0.25),
    (10913.0, 58.0, 13.25, 15.0, 0.0),
    (10914.0, 71.0, 21.5, 25.0, 0.0),
    (10915.0, 17.0, 39.0, 10.0, 0.0),
    (10915.0, 33.0, 2.5, 30.0, 0.0),
    (10915.0, 54.0, 7.45, 10.0, 0.0),
    (10916.0, 16.0, 17.45, 6.0, 0.0),
    (10916.0, 32.0, 32.0, 6.0, 0.0),
    (10916.0, 57.0, 19.5, 20.0, 0.0),
    (10917.0, 30.0, 25.89, 1.0, 0.0),
    (10917.0, 60.0, 34.0, 10.0, 0.0),
    (10918.0, 1.0, 18.0, 60.0, 0.25),
    (10918.0, 60.0, 34.0, 25.0, 0.25),
    (10919.0, 16.0, 17.45, 24.0, 0.0),
    (10919.0, 25.0, 14.0, 24.0, 0.0),
    (10919.0, 40.0, 18.4, 20.0, 0.0),
    (10920.0, 50.0, 16.25, 24.0, 0.0),
    (10921.0, 35.0, 18.0, 10.0, 0.0),
    (10921.0, 63.0, 43.9, 40.0, 0.0),
    (10922.0, 17.0, 39.0, 15.0, 0.0),
    (10922.0, 24.0, 4.5, 35.0, 0.0),
    (10923.0, 42.0, 14.0, 10.0, 0.2),
    (10923.0, 43.0, 46.0, 10.0, 0.2),
    (10923.0, 67.0, 14.0, 24.0, 0.2),
    (10924.0, 10.0, 31.0, 20.0, 0.1),
    (10924.0, 28.0, 45.6, 30.0, 0.1),
    (10924.0, 75.0, 7.75, 6.0, 0.0),
    (10925.0, 36.0, 19.0, 25.0, 0.15),
    (10925.0, 52.0, 7.0, 12.0, 0.15),
    (10926.0, 11.0, 21.0, 2.0, 0.0),
    (10926.0, 13.0, 6.0, 10.0, 0.0),
    (10926.0, 19.0, 9.2, 7.0, 0.0),
    (10926.0, 72.0, 34.8, 10.0, 0.0),
    (10927.0, 20.0, 81.0, 5.0, 0.0),
    (10927.0, 52.0, 7.0, 5.0, 0.0),
    (10927.0, 76.0, 18.0, 20.0, 0.0),
    (10928.0, 47.0, 9.5, 5.0, 0.0),
    (10928.0, 76.0, 18.0, 5.0, 0.0),
    (10929.0, 21.0, 10.0, 60.0, 0.0),
    (10929.0, 75.0, 7.75, 49.0, 0.0),
    (10929.0, 77.0, 13.0, 15.0, 0.0),
    (10930.0, 21.0, 10.0, 36.0, 0.0),
    (10930.0, 27.0, 43.9, 25.0, 0.0),
    (10930.0, 55.0, 24.0, 25.0, 0.2),
    (10930.0, 58.0, 13.25, 30.0, 0.2),
    (10931.0, 13.0, 6.0, 42.0, 0.15),
    (10931.0, 57.0, 19.5, 30.0, 0.0),
    (10932.0, 16.0, 17.45, 30.0, 0.1),
    (10932.0, 62.0, 49.3, 14.0, 0.1),
    (10932.0, 72.0, 34.8, 16.0, 0.0),
    (10932.0, 75.0, 7.75, 20.0, 0.1),
    (10933.0, 53.0, 32.8, 2.0, 0.0),
    (10933.0, 61.0, 28.5, 30.0, 0.0),
    (10934.0, 6.0, 25.0, 20.0, 0.0),
    (10935.0, 1.0, 18.0, 21.0, 0.0),
    (10935.0, 18.0, 62.5, 4.0, 0.25),
    (10935.0, 23.0, 9.0, 8.0, 0.25),
    (10936.0, 36.0, 19.0, 30.0, 0.2),
    (10937.0, 28.0, 45.6, 8.0, 0.0),
    (10937.0, 34.0, 14.0, 20.0, 0.0),
    (10938.0, 13.0, 6.0, 20.0, 0.25),
    (10938.0, 43.0, 46.0, 24.0, 0.25),
    (10938.0, 60.0, 34.0, 49.0, 0.25),
    (10938.0, 71.0, 21.5, 35.0, 0.25),
    (10939.0, 2.0, 19.0, 10.0, 0.15),
    (10939.0, 67.0, 14.0, 40.0, 0.15),
    (10940.0, 7.0, 30.0, 8.0, 0.0),
    (10940.0, 13.0, 6.0, 20.0, 0.0),
    (10941.0, 31.0, 12.5, 44.0, 0.25),
    (10941.0, 62.0, 49.3, 30.0, 0.25),
    (10941.0, 68.0, 12.5, 80.0, 0.25),
    (10941.0, 72.0, 34.8, 50.0, 0.0),
    (10942.0, 49.0, 20.0, 28.0, 0.0),
    (10943.0, 13.0, 6.0, 15.0, 0.0),
    (10943.0, 22.0, 21.0, 21.0, 0.0),
    (10943.0, 46.0, 12.0, 15.0, 0.0),
    (10944.0, 11.0, 21.0, 5.0, 0.25),
    (10944.0, 44.0, 19.45, 18.0, 0.25),
    (10944.0, 56.0, 38.0, 18.0, 0.0),
    (10945.0, 13.0, 6.0, 20.0, 0.0),
    (10945.0, 31.0, 12.5, 10.0, 0.0),
    (10946.0, 10.0, 31.0, 25.0, 0.0),
    (10946.0, 24.0, 4.5, 25.0, 0.0),
    (10946.0, 77.0, 13.0, 40.0, 0.0),
    (10947.0, 59.0, 55.0, 4.0, 0.0),
    (10948.0, 50.0, 16.25, 9.0, 0.0),
    (10948.0, 51.0, 53.0, 40.0, 0.0),
    (10948.0, 55.0, 24.0, 4.0, 0.0),
    (10949.0, 6.0, 25.0, 12.0, 0.0),
    (10949.0, 10.0, 31.0, 30.0, 0.0),
    (10949.0, 17.0, 39.0, 6.0, 0.0),
    (10949.0, 62.0, 49.3, 60.0, 0.0),
    (10950.0, 4.0, 22.0, 5.0, 0.0),
    (10951.0, 33.0, 2.5, 15.0, 0.05),
    (10951.0, 41.0, 9.65, 6.0, 0.05),
    (10951.0, 75.0, 7.75, 50.0, 0.05),
    (10952.0, 6.0, 25.0, 16.0, 0.05),
    (10952.0, 28.0, 45.6, 2.0, 0.0),
    (10953.0, 20.0, 81.0, 50.0, 0.05),
    (10953.0, 31.0, 12.5, 50.0, 0.05),
    (10954.0, 16.0, 17.45, 28.0, 0.15),
    (10954.0, 31.0, 12.5, 25.0, 0.15),
    (10954.0, 45.0, 9.5, 30.0, 0.0),
    (10954.0, 60.0, 34.0, 24.0, 0.15),
    (10955.0, 75.0, 7.75, 12.0, 0.2),
    (10956.0, 21.0, 10.0, 12.0, 0.0),
    (10956.0, 47.0, 9.5, 14.0, 0.0),
    (10956.0, 51.0, 53.0, 8.0, 0.0),
    (10957.0, 30.0, 25.89, 30.0, 0.0),
    (10957.0, 35.0, 18.0, 40.0, 0.0),
    (10957.0, 64.0, 33.25, 8.0, 0.0),
    (10958.0, 5.0, 21.35, 20.0, 0.0),
    (10958.0, 7.0, 30.0, 6.0, 0.0),
    (10958.0, 72.0, 34.8, 5.0, 0.0),
    (10959.0, 75.0, 7.75, 20.0, 0.15),
    (10960.0, 24.0, 4.5, 10.0, 0.25),
    (10960.0, 41.0, 9.65, 24.0, 0.0),
    (10961.0, 52.0, 7.0, 6.0, 0.05),
    (10961.0, 76.0, 18.0, 60.0, 0.0),
    (10962.0, 7.0, 30.0, 45.0, 0.0),
    (10962.0, 13.0, 6.0, 77.0, 0.0),
    (10962.0, 53.0, 32.8, 20.0, 0.0),
    (10962.0, 69.0, 36.0, 9.0, 0.0),
    (10962.0, 76.0, 18.0, 44.0, 0.0),
    (10963.0, 60.0, 34.0, 2.0, 0.15),
    (10964.0, 18.0, 62.5, 6.0, 0.0),
    (10964.0, 38.0, 263.5, 5.0, 0.0),
    (10964.0, 69.0, 36.0, 10.0, 0.0),
    (10965.0, 51.0, 53.0, 16.0, 0.0),
    (10966.0, 37.0, 26.0, 8.0, 0.0),
    (10966.0, 56.0, 38.0, 12.0, 0.15),
    (10966.0, 62.0, 49.3, 12.0, 0.15),
    (10967.0, 19.0, 9.2, 12.0, 0.0),
    (10967.0, 49.0, 20.0, 40.0, 0.0),
    (10968.0, 12.0, 38.0, 30.0, 0.0),
    (10968.0, 24.0, 4.5, 30.0, 0.0),
    (10968.0, 64.0, 33.25, 4.0, 0.0),
    (10969.0, 46.0, 12.0, 9.0, 0.0),
    (10970.0, 52.0, 7.0, 40.0, 0.2),
    (10971.0, 29.0, 123.79, 14.0, 0.0),
    (10972.0, 17.0, 39.0, 6.0, 0.0),
    (10972.0, 33.0, 2.5, 7.0, 0.0),
    (10973.0, 26.0, 31.23, 5.0, 0.0),
    (10973.0, 41.0, 9.65, 6.0, 0.0),
    (10973.0, 75.0, 7.75, 10.0, 0.0),
    (10974.0, 63.0, 43.9, 10.0, 0.0),
    (10975.0, 8.0, 40.0, 16.0, 0.0),
    (10975.0, 75.0, 7.75, 10.0, 0.0),
    (10976.0, 28.0, 45.6, 20.0, 0.0),
    (10977.0, 39.0, 18.0, 30.0, 0.0),
    (10977.0, 47.0, 9.5, 30.0, 0.0),
    (10977.0, 51.0, 53.0, 10.0, 0.0),
    (10977.0, 63.0, 43.9, 20.0, 0.0),
    (10978.0, 8.0, 40.0, 20.0, 0.15),
    (10978.0, 21.0, 10.0, 40.0, 0.15),
    (10978.0, 40.0, 18.4, 10.0, 0.0),
    (10978.0, 44.0, 19.45, 6.0, 0.15),
    (10979.0, 7.0, 30.0, 18.0, 0.0),
    (10979.0, 12.0, 38.0, 20.0, 0.0),
    (10979.0, 24.0, 4.5, 80.0, 0.0),
    (10979.0, 27.0, 43.9, 30.0, 0.0),
    (10979.0, 31.0, 12.5, 24.0, 0.0),
    (10979.0, 63.0, 43.9, 35.0, 0.0),
    (10980.0, 75.0, 7.75, 40.0, 0.2),
    (10981.0, 38.0, 263.5, 60.0, 0.0),
    (10982.0, 7.0, 30.0, 20.0, 0.0),
    (10982.0, 43.0, 46.0, 9.0, 0.0),
    (10983.0, 13.0, 6.0, 84.0, 0.15),
    (10983.0, 57.0, 19.5, 15.0, 0.0),
    (10984.0, 16.0, 17.45, 55.0, 0.0),
    (10984.0, 24.0, 4.5, 20.0, 0.0),
    (10984.0, 36.0, 19.0, 40.0, 0.0),
    (10985.0, 16.0, 17.45, 36.0, 0.1),
    (10985.0, 18.0, 62.5, 8.0, 0.1),
    (10985.0, 32.0, 32.0, 35.0, 0.1),
    (10986.0, 11.0, 21.0, 30.0, 0.0),
    (10986.0, 20.0, 81.0, 15.0, 0.0),
    (10986.0, 76.0, 18.0, 10.0, 0.0),
    (10986.0, 77.0, 13.0, 15.0, 0.0),
    (10987.0, 7.0, 30.0, 60.0, 0.0),
    (10987.0, 43.0, 46.0, 6.0, 0.0),
    (10987.0, 72.0, 34.8, 20.0, 0.0),
    (10988.0, 7.0, 30.0, 60.0, 0.0),
    (10988.0, 62.0, 49.3, 40.0, 0.1),
    (10989.0, 6.0, 25.0, 40.0, 0.0),
    (10989.0, 11.0, 21.0, 15.0, 0.0),
    (10989.0, 41.0, 9.65, 4.0, 0.0),
    (10990.0, 21.0, 10.0, 65.0, 0.0),
    (10990.0, 34.0, 14.0, 60.0, 0.15),
    (10990.0, 55.0, 24.0, 65.0, 0.15),
    (10990.0, 61.0, 28.5, 66.0, 0.15),
    (10991.0, 2.0, 19.0, 50.0, 0.2),
    (10991.0, 70.0, 15.0, 20.0, 0.2),
    (10991.0, 76.0, 18.0, 90.0, 0.2),
    (10992.0, 72.0, 34.8, 2.0, 0.0),
    (10993.0, 29.0, 123.79, 50.0, 0.25),
    (10993.0, 41.0, 9.65, 35.0, 0.25),
    (10994.0, 59.0, 55.0, 18.0, 0.05),
    (10995.0, 51.0, 53.0, 20.0, 0.0),
    (10995.0, 60.0, 34.0, 4.0, 0.0),
    (10996.0, 42.0, 14.0, 40.0, 0.0),
    (10997.0, 32.0, 32.0, 50.0, 0.0),
    (10997.0, 46.0, 12.0, 20.0, 0.25),
    (10997.0, 52.0, 7.0, 20.0, 0.25),
    (10998.0, 24.0, 4.5, 12.0, 0.0),
    (10998.0, 61.0, 28.5, 7.0, 0.0),
    (10998.0, 74.0, 10.0, 20.0, 0.0),
    (10998.0, 75.0, 7.75, 30.0, 0.0),
    (10999.0, 41.0, 9.65, 20.0, 0.05),
    (10999.0, 51.0, 53.0, 15.0, 0.05),
    (10999.0, 77.0, 13.0, 21.0, 0.05),
    (11000.0, 4.0, 22.0, 25.0, 0.25),
    (11000.0, 24.0, 4.5, 30.0, 0.25),
    (11000.0, 77.0, 13.0, 30.0, 0.0),
    (11001.0, 7.0, 30.0, 60.0, 0.0),
    (11001.0, 22.0, 21.0, 25.0, 0.0),
    (11001.0, 46.0, 12.0, 25.0, 0.0),
    (11001.0, 55.0, 24.0, 6.0, 0.0),
    (11002.0, 13.0, 6.0, 56.0, 0.0),
    (11002.0, 35.0, 18.0, 15.0, 0.15),
    (11002.0, 42.0, 14.0, 24.0, 0.15),
    (11002.0, 55.0, 24.0, 40.0, 0.0),
    (11003.0, 1.0, 18.0, 4.0, 0.0),
    (11003.0, 40.0, 18.4, 10.0, 0.0),
    (11003.0, 52.0, 7.0, 10.0, 0.0),
    (11004.0, 26.0, 31.23, 6.0, 0.0),
    (11004.0, 76.0, 18.0, 6.0, 0.0),
    (11005.0, 1.0, 18.0, 2.0, 0.0),
    (11005.0, 59.0, 55.0, 10.0, 0.0),
    (11006.0, 1.0, 18.0, 8.0, 0.0),
    (11006.0, 29.0, 123.79, 2.0, 0.25),
    (11007.0, 8.0, 40.0, 30.0, 0.0),
    (11007.0, 29.0, 123.79, 10.0, 0.0),
    (11007.0, 42.0, 14.0, 14.0, 0.0),
    (11008.0, 28.0, 45.6, 70.0, 0.05),
    (11008.0, 34.0, 14.0, 90.0, 0.05),
    (11008.0, 71.0, 21.5, 21.0, 0.0),
    (11009.0, 24.0, 4.5, 12.0, 0.0),
    (11009.0, 36.0, 19.0, 18.0, 0.25),
    (11009.0, 60.0, 34.0, 9.0, 0.0),
    (11010.0, 7.0, 30.0, 20.0, 0.0),
    (11010.0, 24.0, 4.5, 10.0, 0.0),
    (11011.0, 58.0, 13.25, 40.0, 0.05),
    (11011.0, 71.0, 21.5, 20.0, 0.0),
    (11012.0, 19.0, 9.2, 50.0, 0.05),
    (11012.0, 60.0, 34.0, 36.0, 0.05),
    (11012.0, 71.0, 21.5, 60.0, 0.05),
    (11013.0, 23.0, 9.0, 10.0, 0.0),
    (11013.0, 42.0, 14.0, 4.0, 0.0),
    (11013.0, 45.0, 9.5, 20.0, 0.0),
    (11013.0, 68.0, 12.5, 2.0, 0.0),
    (11014.0, 41.0, 9.65, 28.0, 0.1),
    (11015.0, 30.0, 25.89, 15.0, 0.0),
    (11015.0, 77.0, 13.0, 18.0, 0.0),
    (11016.0, 31.0, 12.5, 15.0, 0.0),
    (11016.0, 36.0, 19.0, 16.0, 0.0),
    (11017.0, 3.0, 10.0, 25.0, 0.0),
    (11017.0, 59.0, 55.0, 110.0, 0.0),
    (11017.0, 70.0, 15.0, 30.0, 0.0),
    (11018.0, 12.0, 38.0, 20.0, 0.0),
    (11018.0, 18.0, 62.5, 10.0, 0.0),
    (11018.0, 56.0, 38.0, 5.0, 0.0),
    (11019.0, 46.0, 12.0, 3.0, 0.0),
    (11019.0, 49.0, 20.0, 2.0, 0.0),
    (11020.0, 10.0, 31.0, 24.0, 0.15),
    (11021.0, 2.0, 19.0, 11.0, 0.25),
    (11021.0, 20.0, 81.0, 15.0, 0.0),
    (11021.0, 26.0, 31.23, 63.0, 0.0),
    (11021.0, 51.0, 53.0, 44.0, 0.25),
    (11021.0, 72.0, 34.8, 35.0, 0.0),
    (11022.0, 19.0, 9.2, 35.0, 0.0),
    (11022.0, 69.0, 36.0, 30.0, 0.0),
    (11023.0, 7.0, 30.0, 4.0, 0.0),
    (11023.0, 43.0, 46.0, 30.0, 0.0),
    (11024.0, 26.0, 31.23, 12.0, 0.0),
    (11024.0, 33.0, 2.5, 30.0, 0.0),
    (11024.0, 65.0, 21.05, 21.0, 0.0),
    (11024.0, 71.0, 21.5, 50.0, 0.0),
    (11025.0, 1.0, 18.0, 10.0, 0.1),
    (11025.0, 13.0, 6.0, 20.0, 0.1),
    (11026.0, 18.0, 62.5, 8.0, 0.0),
    (11026.0, 51.0, 53.0, 10.0, 0.0),
    (11027.0, 24.0, 4.5, 30.0, 0.25),
    (11027.0, 62.0, 49.3, 21.0, 0.25),
    (11028.0, 55.0, 24.0, 35.0, 0.0),
    (11028.0, 59.0, 55.0, 24.0, 0.0),
    (11029.0, 56.0, 38.0, 20.0, 0.0),
    (11029.0, 63.0, 43.9, 12.0, 0.0),
    (11030.0, 2.0, 19.0, 100.0, 0.25),
    (11030.0, 5.0, 21.35, 70.0, 0.0),
    (11030.0, 29.0, 123.79, 60.0, 0.25),
    (11030.0, 59.0, 55.0, 100.0, 0.25),
    (11031.0, 1.0, 18.0, 45.0, 0.0),
    (11031.0, 13.0, 6.0, 80.0, 0.0),
    (11031.0, 24.0, 4.5, 21.0, 0.0),
    (11031.0, 64.0, 33.25, 20.0, 0.0),
    (11031.0, 71.0, 21.5, 16.0, 0.0),
    (11032.0, 36.0, 19.0, 35.0, 0.0),
    (11032.0, 38.0, 263.5, 25.0, 0.0),
    (11032.0, 59.0, 55.0, 30.0, 0.0),
    (11033.0, 53.0, 32.8, 70.0, 0.1),
    (11033.0, 69.0, 36.0, 36.0, 0.1),
    (11034.0, 21.0, 10.0, 15.0, 0.1),
    (11034.0, 44.0, 19.45, 12.0, 0.0),
    (11034.0, 61.0, 28.5, 6.0, 0.0),
    (11035.0, 1.0, 18.0, 10.0, 0.0),
    (11035.0, 35.0, 18.0, 60.0, 0.0),
    (11035.0, 42.0, 14.0, 30.0, 0.0),
    (11035.0, 54.0, 7.45, 10.0, 0.0),
    (11036.0, 13.0, 6.0, 7.0, 0.0),
    (11036.0, 59.0, 55.0, 30.0, 0.0),
    (11037.0, 70.0, 15.0, 4.0, 0.0),
    (11038.0, 40.0, 18.4, 5.0, 0.2),
    (11038.0, 52.0, 7.0, 2.0, 0.0),
    (11038.0, 71.0, 21.5, 30.0, 0.0),
    (11039.0, 28.0, 45.6, 20.0, 0.0),
    (11039.0, 35.0, 18.0, 24.0, 0.0),
    (11039.0, 49.0, 20.0, 60.0, 0.0),
    (11039.0, 57.0, 19.5, 28.0, 0.0),
    (11040.0, 21.0, 10.0, 20.0, 0.0),
    (11041.0, 2.0, 19.0, 30.0, 0.2),
    (11041.0, 63.0, 43.9, 30.0, 0.0),
    (11042.0, 44.0, 19.45, 15.0, 0.0),
    (11042.0, 61.0, 28.5, 4.0, 0.0),
    (11043.0, 11.0, 21.0, 10.0, 0.0),
    (11044.0, 62.0, 49.3, 12.0, 0.0),
    (11045.0, 33.0, 2.5, 15.0, 0.0),
    (11045.0, 51.0, 53.0, 24.0, 0.0),
    (11046.0, 12.0, 38.0, 20.0, 0.05),
    (11046.0, 32.0, 32.0, 15.0, 0.05),
    (11046.0, 35.0, 18.0, 18.0, 0.05),
    (11047.0, 1.0, 18.0, 25.0, 0.25),
    (11047.0, 5.0, 21.35, 30.0, 0.25),
    (11048.0, 68.0, 12.5, 42.0, 0.0),
    (11049.0, 2.0, 19.0, 10.0, 0.2),
    (11049.0, 12.0, 38.0, 4.0, 0.2),
    (11050.0, 76.0, 18.0, 50.0, 0.1),
    (11051.0, 24.0, 4.5, 10.0, 0.2),
    (11052.0, 43.0, 46.0, 30.0, 0.2),
    (11052.0, 61.0, 28.5, 10.0, 0.2),
    (11053.0, 18.0, 62.5, 35.0, 0.2),
    (11053.0, 32.0, 32.0, 20.0, 0.0),
    (11053.0, 64.0, 33.25, 25.0, 0.2),
    (11054.0, 33.0, 2.5, 10.0, 0.0),
    (11054.0, 67.0, 14.0, 20.0, 0.0),
    (11055.0, 24.0, 4.5, 15.0, 0.0),
    (11055.0, 25.0, 14.0, 15.0, 0.0),
    (11055.0, 51.0, 53.0, 20.0, 0.0),
    (11055.0, 57.0, 19.5, 20.0, 0.0),
    (11056.0, 7.0, 30.0, 40.0, 0.0),
    (11056.0, 55.0, 24.0, 35.0, 0.0),
    (11056.0, 60.0, 34.0, 50.0, 0.0),
    (11057.0, 70.0, 15.0, 3.0, 0.0),
    (11058.0, 21.0, 10.0, 3.0, 0.0),
    (11058.0, 60.0, 34.0, 21.0, 0.0),
    (11058.0, 61.0, 28.5, 4.0, 0.0),
    (11059.0, 13.0, 6.0, 30.0, 0.0),
    (11059.0, 17.0, 39.0, 12.0, 0.0),
    (11059.0, 60.0, 34.0, 35.0, 0.0),
    (11060.0, 60.0, 34.0, 4.0, 0.0),
    (11060.0, 77.0, 13.0, 10.0, 0.0),
    (11061.0, 60.0, 34.0, 15.0, 0.0),
    (11062.0, 53.0, 32.8, 10.0, 0.2),
    (11062.0, 70.0, 15.0, 12.0, 0.2),
    (11063.0, 34.0, 14.0, 30.0, 0.0),
    (11063.0, 40.0, 18.4, 40.0, 0.1),
    (11063.0, 41.0, 9.65, 30.0, 0.1),
    (11064.0, 17.0, 39.0, 77.0, 0.1),
    (11064.0, 41.0, 9.65, 12.0, 0.0),
    (11064.0, 53.0, 32.8, 25.0, 0.1),
    (11064.0, 55.0, 24.0, 4.0, 0.1),
    (11064.0, 68.0, 12.5, 55.0, 0.0),
    (11065.0, 30.0, 25.89, 4.0, 0.25),
    (11065.0, 54.0, 7.45, 20.0, 0.25),
    (11066.0, 16.0, 17.45, 3.0, 0.0),
    (11066.0, 19.0, 9.2, 42.0, 0.0),
    (11066.0, 34.0, 14.0, 35.0, 0.0),
    (11067.0, 41.0, 9.65, 9.0, 0.0),
    (11068.0, 28.0, 45.6, 8.0, 0.15),
    (11068.0, 43.0, 46.0, 36.0, 0.15),
    (11068.0, 77.0, 13.0, 28.0, 0.15),
    (11069.0, 39.0, 18.0, 20.0, 0.0),
    (11070.0, 1.0, 18.0, 40.0, 0.15),
    (11070.0, 2.0, 19.0, 20.0, 0.15),
    (11070.0, 16.0, 17.45, 30.0, 0.15),
    (11070.0, 31.0, 12.5, 20.0, 0.0),
    (11071.0, 7.0, 30.0, 15.0, 0.05),
    (11071.0, 13.0, 6.0, 10.0, 0.05),
    (11072.0, 2.0, 19.0, 8.0, 0.0),
    (11072.0, 41.0, 9.65, 40.0, 0.0),
    (11072.0, 50.0, 16.25, 22.0, 0.0),
    (11072.0, 64.0, 33.25, 130.0, 0.0),
    (11073.0, 11.0, 21.0, 10.0, 0.0),
    (11073.0, 24.0, 4.5, 20.0, 0.0),
    (11074.0, 16.0, 17.45, 14.0, 0.05),
    (11075.0, 2.0, 19.0, 10.0, 0.15),
    (11075.0, 46.0, 12.0, 30.0, 0.15),
    (11075.0, 76.0, 18.0, 2.0, 0.15),
    (11076.0, 6.0, 25.0, 20.0, 0.25),
    (11076.0, 14.0, 23.25, 20.0, 0.25),
    (11076.0, 19.0, 9.2, 10.0, 0.25),
    (11077.0, 2.0, 19.0, 24.0, 0.2),
    (11077.0, 3.0, 10.0, 4.0, 0.0),
    (11077.0, 4.0, 22.0, 1.0, 0.0),
    (11077.0, 6.0, 25.0, 1.0, 0.02),
    (11077.0, 7.0, 30.0, 1.0, 0.05),
    (11077.0, 8.0, 40.0, 2.0, 0.1),
    (11077.0, 10.0, 31.0, 1.0, 0.0),
    (11077.0, 12.0, 38.0, 2.0, 0.05),
    (11077.0, 13.0, 6.0, 4.0, 0.0),
    (11077.0, 14.0, 23.25, 1.0, 0.03),
    (11077.0, 16.0, 17.45, 2.0, 0.03),
    (11077.0, 20.0, 81.0, 1.0, 0.04),
    (11077.0, 23.0, 9.0, 2.0, 0.0),
    (11077.0, 32.0, 32.0, 1.0, 0.0),
    (11077.0, 39.0, 18.0, 2.0, 0.05),
    (11077.0, 41.0, 9.65, 3.0, 0.0),
    (11077.0, 46.0, 12.0, 3.0, 0.02),
    (11077.0, 52.0, 7.0, 2.0, 0.0),
    (11077.0, 55.0, 24.0, 2.0, 0.0),
    (11077.0, 60.0, 34.0, 2.0, 0.06),
    (11077.0, 64.0, 33.25, 2.0, 0.03),
    (11077.0, 66.0, 17.0, 1.0, 0.0),
    (11077.0, 73.0, 15.0, 2.0, 0.01),
    (11077.0, 75.0, 7.75, 4.0, 0.0),
    (11077.0, 77.0, 13.0, 2.0, 0.0);

-- Insert statements for table: orders
INSERT INTO orders (orderID, customerID, employeeID, orderDate, requiredDate, shippedDate, shipVia, freight, shipName, shipAddress, shipCity, shipRegion, shipPostalCode, shipCountry) VALUES
    (10248, 'VINET', 5, '1996-07-04 00:00:00.000', '1996-08-01 00:00:00.000', '1996-07-16 00:00:00.000', 3, 32.38, 'Vins et alcools Chevalier', '59 rue de l''Abbaye', 'Reims', NULL, '51100', 'France'),
    (10249, 'TOMSP', 6, '1996-07-05 00:00:00.000', '1996-08-16 00:00:00.000', '1996-07-10 00:00:00.000', 1, 11.61, 'Toms Spezialitäten', 'Luisenstr. 48', 'Münster', NULL, '44087', 'Germany'),
    (10250, 'HANAR', 4, '1996-07-08 00:00:00.000', '1996-08-05 00:00:00.000', '1996-07-12 00:00:00.000', 2, 65.83, 'Hanari Carnes', 'Rua do Paço 67', 'Rio de Janeiro', 'RJ', '05454-876', 'Brazil'),
    (10251, 'VICTE', 3, '1996-07-08 00:00:00.000', '1996-08-05 00:00:00.000', '1996-07-15 00:00:00.000', 1, 41.34, 'Victuailles en stock', '2 rue du Commerce', 'Lyon', NULL, '69004', 'France'),
    (10252, 'SUPRD', 4, '1996-07-09 00:00:00.000', '1996-08-06 00:00:00.000', '1996-07-11 00:00:00.000', 2, 51.3, 'Suprêmes délices', 'Boulevard Tirou 255', 'Charleroi', NULL, 'B-6000', 'Belgium'),
    (10253, 'HANAR', 3, '1996-07-10 00:00:00.000', '1996-07-24 00:00:00.000', '1996-07-16 00:00:00.000', 2, 58.17, 'Hanari Carnes', 'Rua do Paço 67', 'Rio de Janeiro', 'RJ', '05454-876', 'Brazil'),
    (10254, 'CHOPS', 5, '1996-07-11 00:00:00.000', '1996-08-08 00:00:00.000', '1996-07-23 00:00:00.000', 2, 22.98, 'Chop-suey Chinese', 'Hauptstr. 31', 'Bern', NULL, '3012', 'Switzerland'),
    (10255, 'RICSU', 9, '1996-07-12 00:00:00.000', '1996-08-09 00:00:00.000', '1996-07-15 00:00:00.000', 3, 148.33, 'Richter Supermarkt', 'Starenweg 5', 'Genève', NULL, '1204', 'Switzerland'),
    (10256, 'WELLI', 3, '1996-07-15 00:00:00.000', '1996-08-12 00:00:00.000', '1996-07-17 00:00:00.000', 2, 13.97, 'Wellington Importadora', 'Rua do Mercado 12', 'Resende', 'SP', '08737-363', 'Brazil'),
    (10257, 'HILAA', 4, '1996-07-16 00:00:00.000', '1996-08-13 00:00:00.000', '1996-07-22 00:00:00.000', 3, 81.91, 'HILARION-Abastos', 'Carrera 22 con Ave. Carlos Soublette #8-35', 'San Cristóbal', 'Táchira', '5022', 'Venezuela'),
    (10258, 'ERNSH', 1, '1996-07-17 00:00:00.000', '1996-08-14 00:00:00.000', '1996-07-23 00:00:00.000', 1, 140.51, 'Ernst Handel', 'Kirchgasse 6', 'Graz', NULL, '8010', 'Austria'),
    (10259, 'CENTC', 4, '1996-07-18 00:00:00.000', '1996-08-15 00:00:00.000', '1996-07-25 00:00:00.000', 3, 3.25, 'Centro comercial Moctezuma', 'Sierras de Granada 9993', 'México D.F.', NULL, '05022', 'Mexico'),
    (10260, 'OTTIK', 4, '1996-07-19 00:00:00.000', '1996-08-16 00:00:00.000', '1996-07-29 00:00:00.000', 1, 55.09, 'Ottilies Käseladen', 'Mehrheimerstr. 369', 'Köln', NULL, '50739', 'Germany'),
    (10261, 'QUEDE', 4, '1996-07-19 00:00:00.000', '1996-08-16 00:00:00.000', '1996-07-30 00:00:00.000', 2, 3.05, 'Que Delícia', 'Rua da Panificadora 12', 'Rio de Janeiro', 'RJ', '02389-673', 'Brazil'),
    (10262, 'RATTC', 8, '1996-07-22 00:00:00.000', '1996-08-19 00:00:00.000', '1996-07-25 00:00:00.000', 3, 48.29, 'Rattlesnake Canyon Grocery', '2817 Milton Dr.', 'Albuquerque', 'NM', '87110', 'USA'),
    (10263, 'ERNSH', 9, '1996-07-23 00:00:00.000', '1996-08-20 00:00:00.000', '1996-07-31 00:00:00.000', 3, 146.06, 'Ernst Handel', 'Kirchgasse 6', 'Graz', NULL, '8010', 'Austria'),
    (10264, 'FOLKO', 6, '1996-07-24 00:00:00.000', '1996-08-21 00:00:00.000', '1996-08-23 00:00:00.000', 3, 3.67, 'Folk och fä HB', 'Åkergatan 24', 'Bräcke', NULL, 'S-844 67', 'Sweden'),
    (10265, 'BLONP', 2, '1996-07-25 00:00:00.000', '1996-08-22 00:00:00.000', '1996-08-12 00:00:00.000', 1, 55.28, 'Blondel père et fils', '24 place Kléber', 'Strasbourg', NULL, '67000', 'France'),
    (10266, 'WARTH', 3, '1996-07-26 00:00:00.000', '1996-09-06 00:00:00.000', '1996-07-31 00:00:00.000', 3, 25.73, 'Wartian Herkku', 'Torikatu 38', 'Oulu', NULL, '90110', 'Finland'),
    (10267, 'FRANK', 4, '1996-07-29 00:00:00.000', '1996-08-26 00:00:00.000', '1996-08-06 00:00:00.000', 1, 208.58, 'Frankenversand', 'Berliner Platz 43', 'München', NULL, '80805', 'Germany'),
    (10268, 'GROSR', 8, '1996-07-30 00:00:00.000', '1996-08-27 00:00:00.000', '1996-08-02 00:00:00.000', 3, 66.29, 'GROSELLA-Restaurante', '5ª Ave. Los Palos Grandes', 'Caracas', 'DF', '1081', 'Venezuela'),
    (10269, 'WHITC', 5, '1996-07-31 00:00:00.000', '1996-08-14 00:00:00.000', '1996-08-09 00:00:00.000', 1, 4.56, 'White Clover Markets', '1029 - 12th Ave. S.', 'Seattle', 'WA', '98124', 'USA'),
    (10270, 'WARTH', 1, '1996-08-01 00:00:00.000', '1996-08-29 00:00:00.000', '1996-08-02 00:00:00.000', 1, 136.54, 'Wartian Herkku', 'Torikatu 38', 'Oulu', NULL, '90110', 'Finland'),
    (10271, 'SPLIR', 6, '1996-08-01 00:00:00.000', '1996-08-29 00:00:00.000', '1996-08-30 00:00:00.000', 2, 4.54, 'Split Rail Beer & Ale', 'P.O. Box 555', 'Lander', 'WY', '82520', 'USA'),
    (10272, 'RATTC', 6, '1996-08-02 00:00:00.000', '1996-08-30 00:00:00.000', '1996-08-06 00:00:00.000', 2, 98.03, 'Rattlesnake Canyon Grocery', '2817 Milton Dr.', 'Albuquerque', 'NM', '87110', 'USA'),
    (10273, 'QUICK', 3, '1996-08-05 00:00:00.000', '1996-09-02 00:00:00.000', '1996-08-12 00:00:00.000', 3, 76.07, 'QUICK-Stop', 'Taucherstraße 10', 'Cunewalde', NULL, '01307', 'Germany'),
    (10274, 'VINET', 6, '1996-08-06 00:00:00.000', '1996-09-03 00:00:00.000', '1996-08-16 00:00:00.000', 1, 6.01, 'Vins et alcools Chevalier', '59 rue de l''Abbaye', 'Reims', NULL, '51100', 'France'),
    (10275, 'MAGAA', 1, '1996-08-07 00:00:00.000', '1996-09-04 00:00:00.000', '1996-08-09 00:00:00.000', 1, 26.93, 'Magazzini Alimentari Riuniti', 'Via Ludovico il Moro 22', 'Bergamo', NULL, '24100', 'Italy'),
    (10276, 'TORTU', 8, '1996-08-08 00:00:00.000', '1996-08-22 00:00:00.000', '1996-08-14 00:00:00.000', 3, 13.84, 'Tortuga Restaurante', 'Avda. Azteca 123', 'México D.F.', NULL, '05033', 'Mexico'),
    (10277, 'MORGK', 2, '1996-08-09 00:00:00.000', '1996-09-06 00:00:00.000', '1996-08-13 00:00:00.000', 3, 125.77, 'Morgenstern Gesundkost', 'Heerstr. 22', 'Leipzig', NULL, '04179', 'Germany'),
    (10278, 'BERGS', 8, '1996-08-12 00:00:00.000', '1996-09-09 00:00:00.000', '1996-08-16 00:00:00.000', 2, 92.69, 'Berglunds snabbköp', 'Berguvsvägen  8', 'Luleå', NULL, 'S-958 22', 'Sweden'),
    (10279, 'LEHMS', 8, '1996-08-13 00:00:00.000', '1996-09-10 00:00:00.000', '1996-08-16 00:00:00.000', 2, 25.83, 'Lehmanns Marktstand', 'Magazinweg 7', 'Frankfurt a.M.', NULL, '60528', 'Germany'),
    (10280, 'BERGS', 2, '1996-08-14 00:00:00.000', '1996-09-11 00:00:00.000', '1996-09-12 00:00:00.000', 1, 8.98, 'Berglunds snabbköp', 'Berguvsvägen  8', 'Luleå', NULL, 'S-958 22', 'Sweden'),
    (10281, 'ROMEY', 4, '1996-08-14 00:00:00.000', '1996-08-28 00:00:00.000', '1996-08-21 00:00:00.000', 1, 2.94, 'Romero y tomillo', 'Gran Vía 1', 'Madrid', NULL, '28001', 'Spain'),
    (10282, 'ROMEY', 4, '1996-08-15 00:00:00.000', '1996-09-12 00:00:00.000', '1996-08-21 00:00:00.000', 1, 12.69, 'Romero y tomillo', 'Gran Vía 1', 'Madrid', NULL, '28001', 'Spain'),
    (10283, 'LILAS', 3, '1996-08-16 00:00:00.000', '1996-09-13 00:00:00.000', '1996-08-23 00:00:00.000', 3, 84.81, 'LILA-Supermercado', 'Carrera 52 con Ave. Bolívar #65-98 Llano Largo', 'Barquisimeto', 'Lara', '3508', 'Venezuela'),
    (10284, 'LEHMS', 4, '1996-08-19 00:00:00.000', '1996-09-16 00:00:00.000', '1996-08-27 00:00:00.000', 1, 76.56, 'Lehmanns Marktstand', 'Magazinweg 7', 'Frankfurt a.M.', NULL, '60528', 'Germany'),
    (10285, 'QUICK', 1, '1996-08-20 00:00:00.000', '1996-09-17 00:00:00.000', '1996-08-26 00:00:00.000', 2, 76.83, 'QUICK-Stop', 'Taucherstraße 10', 'Cunewalde', NULL, '01307', 'Germany'),
    (10286, 'QUICK', 8, '1996-08-21 00:00:00.000', '1996-09-18 00:00:00.000', '1996-08-30 00:00:00.000', 3, 229.24, 'QUICK-Stop', 'Taucherstraße 10', 'Cunewalde', NULL, '01307', 'Germany'),
    (10287, 'RICAR', 8, '1996-08-22 00:00:00.000', '1996-09-19 00:00:00.000', '1996-08-28 00:00:00.000', 3, 12.76, 'Ricardo Adocicados', 'Av. Copacabana 267', 'Rio de Janeiro', 'RJ', '02389-890', 'Brazil'),
    (10288, 'REGGC', 4, '1996-08-23 00:00:00.000', '1996-09-20 00:00:00.000', '1996-09-03 00:00:00.000', 1, 7.45, 'Reggiani Caseifici', 'Strada Provinciale 124', 'Reggio Emilia', NULL, '42100', 'Italy'),
    (10289, 'BSBEV', 7, '1996-08-26 00:00:00.000', '1996-09-23 00:00:00.000', '1996-08-28 00:00:00.000', 3, 22.77, 'B''s Beverages', 'Fauntleroy Circus', 'London', NULL, 'EC2 5NT', 'UK'),
    (10290, 'COMMI', 8, '1996-08-27 00:00:00.000', '1996-09-24 00:00:00.000', '1996-09-03 00:00:00.000', 1, 79.7, 'Comércio Mineiro', 'Av. dos Lusíadas 23', 'Sao Paulo', 'SP', '05432-043', 'Brazil'),
    (10291, 'QUEDE', 6, '1996-08-27 00:00:00.000', '1996-09-24 00:00:00.000', '1996-09-04 00:00:00.000', 2, 6.4, 'Que Delícia', 'Rua da Panificadora 12', 'Rio de Janeiro', 'RJ', '02389-673', 'Brazil'),
    (10292, 'TRADH', 1, '1996-08-28 00:00:00.000', '1996-09-25 00:00:00.000', '1996-09-02 00:00:00.000', 2, 1.35, 'Tradiçao Hipermercados', 'Av. Inês de Castro 414', 'Sao Paulo', 'SP', '05634-030', 'Brazil'),
    (10293, 'TORTU', 1, '1996-08-29 00:00:00.000', '1996-09-26 00:00:00.000', '1996-09-11 00:00:00.000', 3, 21.18, 'Tortuga Restaurante', 'Avda. Azteca 123', 'México D.F.', NULL, '05033', 'Mexico'),
    (10294, 'RATTC', 4, '1996-08-30 00:00:00.000', '1996-09-27 00:00:00.000', '1996-09-05 00:00:00.000', 2, 147.26, 'Rattlesnake Canyon Grocery', '2817 Milton Dr.', 'Albuquerque', 'NM', '87110', 'USA'),
    (10295, 'VINET', 2, '1996-09-02 00:00:00.000', '1996-09-30 00:00:00.000', '1996-09-10 00:00:00.000', 2, 1.15, 'Vins et alcools Chevalier', '59 rue de l''Abbaye', 'Reims', NULL, '51100', 'France'),
    (10296, 'LILAS', 6, '1996-09-03 00:00:00.000', '1996-10-01 00:00:00.000', '1996-09-11 00:00:00.000', 1, 0.12, 'LILA-Supermercado', 'Carrera 52 con Ave. Bolívar #65-98 Llano Largo', 'Barquisimeto', 'Lara', '3508', 'Venezuela'),
    (10297, 'BLONP', 5, '1996-09-04 00:00:00.000', '1996-10-16 00:00:00.000', '1996-09-10 00:00:00.000', 2, 5.74, 'Blondel père et fils', '24 place Kléber', 'Strasbourg', NULL, '67000', 'France'),
    (10298, 'HUNGO', 6, '1996-09-05 00:00:00.000', '1996-10-03 00:00:00.000', '1996-09-11 00:00:00.000', 2, 168.22, 'Hungry Owl All-Night Grocers', '8 Johnstown Road', 'Cork', 'Co. Cork', NULL, 'Ireland'),
    (10299, 'RICAR', 4, '1996-09-06 00:00:00.000', '1996-10-04 00:00:00.000', '1996-09-13 00:00:00.000', 2, 29.76, 'Ricardo Adocicados', 'Av. Copacabana 267', 'Rio de Janeiro', 'RJ', '02389-890', 'Brazil'),
    (10300, 'MAGAA', 2, '1996-09-09 00:00:00.000', '1996-10-07 00:00:00.000', '1996-09-18 00:00:00.000', 2, 17.68, 'Magazzini Alimentari Riuniti', 'Via Ludovico il Moro 22', 'Bergamo', NULL, '24100', 'Italy'),
    (10301, 'WANDK', 8, '1996-09-09 00:00:00.000', '1996-10-07 00:00:00.000', '1996-09-17 00:00:00.000', 2, 45.08, 'Die Wandernde Kuh', 'Adenauerallee 900', 'Stuttgart', NULL, '70563', 'Germany'),
    (10302, 'SUPRD', 4, '1996-09-10 00:00:00.000', '1996-10-08 00:00:00.000', '1996-10-09 00:00:00.000', 2, 6.27, 'Suprêmes délices', 'Boulevard Tirou 255', 'Charleroi', NULL, 'B-6000', 'Belgium'),
    (10303, 'GODOS', 7, '1996-09-11 00:00:00.000', '1996-10-09 00:00:00.000', '1996-09-18 00:00:00.000', 2, 107.83, 'Godos Cocina Típica', 'C/ Romero 33', 'Sevilla', NULL, '41101', 'Spain'),
    (10304, 'TORTU', 1, '1996-09-12 00:00:00.000', '1996-10-10 00:00:00.000', '1996-09-17 00:00:00.000', 2, 63.79, 'Tortuga Restaurante', 'Avda. Azteca 123', 'México D.F.', NULL, '05033', 'Mexico'),
    (10305, 'OLDWO', 8, '1996-09-13 00:00:00.000', '1996-10-11 00:00:00.000', '1996-10-09 00:00:00.000', 3, 257.62, 'Old World Delicatessen', '2743 Bering St.', 'Anchorage', 'AK', '99508', 'USA'),
    (10306, 'ROMEY', 1, '1996-09-16 00:00:00.000', '1996-10-14 00:00:00.000', '1996-09-23 00:00:00.000', 3, 7.56, 'Romero y tomillo', 'Gran Vía 1', 'Madrid', NULL, '28001', 'Spain'),
    (10307, 'LONEP', 2, '1996-09-17 00:00:00.000', '1996-10-15 00:00:00.000', '1996-09-25 00:00:00.000', 2, 0.56, 'Lonesome Pine Restaurant', '89 Chiaroscuro Rd.', 'Portland', 'OR', '97219', 'USA'),
    (10308, 'ANATR', 7, '1996-09-18 00:00:00.000', '1996-10-16 00:00:00.000', '1996-09-24 00:00:00.000', 3, 1.61, 'Ana Trujillo Emparedados y helados', 'Avda. de la Constitución 2222', 'México D.F.', NULL, '05021', 'Mexico'),
    (10309, 'HUNGO', 3, '1996-09-19 00:00:00.000', '1996-10-17 00:00:00.000', '1996-10-23 00:00:00.000', 1, 47.3, 'Hungry Owl All-Night Grocers', '8 Johnstown Road', 'Cork', 'Co. Cork', NULL, 'Ireland'),
    (10310, 'THEBI', 8, '1996-09-20 00:00:00.000', '1996-10-18 00:00:00.000', '1996-09-27 00:00:00.000', 2, 17.52, 'The Big Cheese', '89 Jefferson Way Suite 2', 'Portland', 'OR', '97201', 'USA'),
    (10311, 'DUMON', 1, '1996-09-20 00:00:00.000', '1996-10-04 00:00:00.000', '1996-09-26 00:00:00.000', 3, 24.69, 'Du monde entier', '67 rue des Cinquante Otages', 'Nantes', NULL, '44000', 'France'),
    (10312, 'WANDK', 2, '1996-09-23 00:00:00.000', '1996-10-21 00:00:00.000', '1996-10-03 00:00:00.000', 2, 40.26, 'Die Wandernde Kuh', 'Adenauerallee 900', 'Stuttgart', NULL, '70563', 'Germany'),
    (10313, 'QUICK', 2, '1996-09-24 00:00:00.000', '1996-10-22 00:00:00.000', '1996-10-04 00:00:00.000', 2, 1.96, 'QUICK-Stop', 'Taucherstraße 10', 'Cunewalde', NULL, '01307', 'Germany'),
    (10314, 'RATTC', 1, '1996-09-25 00:00:00.000', '1996-10-23 00:00:00.000', '1996-10-04 00:00:00.000', 2, 74.16, 'Rattlesnake Canyon Grocery', '2817 Milton Dr.', 'Albuquerque', 'NM', '87110', 'USA'),
    (10315, 'ISLAT', 4, '1996-09-26 00:00:00.000', '1996-10-24 00:00:00.000', '1996-10-03 00:00:00.000', 2, 41.76, 'Island Trading', 'Garden House Crowther Way', 'Cowes', 'Isle of Wight', 'PO31 7PJ', 'UK'),
    (10316, 'RATTC', 1, '1996-09-27 00:00:00.000', '1996-10-25 00:00:00.000', '1996-10-08 00:00:00.000', 3, 150.15, 'Rattlesnake Canyon Grocery', '2817 Milton Dr.', 'Albuquerque', 'NM', '87110', 'USA'),
    (10317, 'LONEP', 6, '1996-09-30 00:00:00.000', '1996-10-28 00:00:00.000', '1996-10-10 00:00:00.000', 1, 12.69, 'Lonesome Pine Restaurant', '89 Chiaroscuro Rd.', 'Portland', 'OR', '97219', 'USA'),
    (10318, 'ISLAT', 8, '1996-10-01 00:00:00.000', '1996-10-29 00:00:00.000', '1996-10-04 00:00:00.000', 2, 4.73, 'Island Trading', 'Garden House Crowther Way', 'Cowes', 'Isle of Wight', 'PO31 7PJ', 'UK'),
    (10319, 'TORTU', 7, '1996-10-02 00:00:00.000', '1996-10-30 00:00:00.000', '1996-10-11 00:00:00.000', 3, 64.5, 'Tortuga Restaurante', 'Avda. Azteca 123', 'México D.F.', NULL, '05033', 'Mexico'),
    (10320, 'WARTH', 5, '1996-10-03 00:00:00.000', '1996-10-17 00:00:00.000', '1996-10-18 00:00:00.000', 3, 34.57, 'Wartian Herkku', 'Torikatu 38', 'Oulu', NULL, '90110', 'Finland'),
    (10321, 'ISLAT', 3, '1996-10-03 00:00:00.000', '1996-10-31 00:00:00.000', '1996-10-11 00:00:00.000', 2, 3.43, 'Island Trading', 'Garden House Crowther Way', 'Cowes', 'Isle of Wight', 'PO31 7PJ', 'UK'),
    (10322, 'PERIC', 7, '1996-10-04 00:00:00.000', '1996-11-01 00:00:00.000', '1996-10-23 00:00:00.000', 3, 0.4, 'Pericles Comidas clásicas', 'Calle Dr. Jorge Cash 321', 'México D.F.', NULL, '05033', 'Mexico'),
    (10323, 'KOENE', 4, '1996-10-07 00:00:00.000', '1996-11-04 00:00:00.000', '1996-10-14 00:00:00.000', 1, 4.88, 'Königlich Essen', 'Maubelstr. 90', 'Brandenburg', NULL, '14776', 'Germany'),
    (10324, 'SAVEA', 9, '1996-10-08 00:00:00.000', '1996-11-05 00:00:00.000', '1996-10-10 00:00:00.000', 1, 214.27, 'Save-a-lot Markets', '187 Suffolk Ln.', 'Boise', 'ID', '83720', 'USA'),
    (10325, 'KOENE', 1, '1996-10-09 00:00:00.000', '1996-10-23 00:00:00.000', '1996-10-14 00:00:00.000', 3, 64.86, 'Königlich Essen', 'Maubelstr. 90', 'Brandenburg', NULL, '14776', 'Germany'),
    (10326, 'BOLID', 4, '1996-10-10 00:00:00.000', '1996-11-07 00:00:00.000', '1996-10-14 00:00:00.000', 2, 77.92, 'Bólido Comidas preparadas', 'C/ Araquil 67', 'Madrid', NULL, '28023', 'Spain'),
    (10327, 'FOLKO', 2, '1996-10-11 00:00:00.000', '1996-11-08 00:00:00.000', '1996-10-14 00:00:00.000', 1, 63.36, 'Folk och fä HB', 'Åkergatan 24', 'Bräcke', NULL, 'S-844 67', 'Sweden'),
    (10328, 'FURIB', 4, '1996-10-14 00:00:00.000', '1996-11-11 00:00:00.000', '1996-10-17 00:00:00.000', 3, 87.03, 'Furia Bacalhau e Frutos do Mar', 'Jardim das rosas n. 32', 'Lisboa', NULL, '1675', 'Portugal'),
    (10329, 'SPLIR', 4, '1996-10-15 00:00:00.000', '1996-11-26 00:00:00.000', '1996-10-23 00:00:00.000', 2, 191.67, 'Split Rail Beer & Ale', 'P.O. Box 555', 'Lander', 'WY', '82520', 'USA'),
    (10330, 'LILAS', 3, '1996-10-16 00:00:00.000', '1996-11-13 00:00:00.000', '1996-10-28 00:00:00.000', 1, 12.75, 'LILA-Supermercado', 'Carrera 52 con Ave. Bolívar #65-98 Llano Largo', 'Barquisimeto', 'Lara', '3508', 'Venezuela'),
    (10331, 'BONAP', 9, '1996-10-16 00:00:00.000', '1996-11-27 00:00:00.000', '1996-10-21 00:00:00.000', 1, 10.19, 'Bon app''', '12 rue des Bouchers', 'Marseille', NULL, '13008', 'France'),
    (10332, 'MEREP', 3, '1996-10-17 00:00:00.000', '1996-11-28 00:00:00.000', '1996-10-21 00:00:00.000', 2, 52.84, 'Mère Paillarde', '43 rue St. Laurent', 'Montréal', 'Québec', 'H1J 1C3', 'Canada'),
    (10333, 'WARTH', 5, '1996-10-18 00:00:00.000', '1996-11-15 00:00:00.000', '1996-10-25 00:00:00.000', 3, 0.59, 'Wartian Herkku', 'Torikatu 38', 'Oulu', NULL, '90110', 'Finland'),
    (10334, 'VICTE', 8, '1996-10-21 00:00:00.000', '1996-11-18 00:00:00.000', '1996-10-28 00:00:00.000', 2, 8.56, 'Victuailles en stock', '2 rue du Commerce', 'Lyon', NULL, '69004', 'France'),
    (10335, 'HUNGO', 7, '1996-10-22 00:00:00.000', '1996-11-19 00:00:00.000', '1996-10-24 00:00:00.000', 2, 42.11, 'Hungry Owl All-Night Grocers', '8 Johnstown Road', 'Cork', 'Co. Cork', NULL, 'Ireland'),
    (10336, 'PRINI', 7, '1996-10-23 00:00:00.000', '1996-11-20 00:00:00.000', '1996-10-25 00:00:00.000', 2, 15.51, 'Princesa Isabel Vinhos', 'Estrada da saúde n. 58', 'Lisboa', NULL, '1756', 'Portugal'),
    (10337, 'FRANK', 4, '1996-10-24 00:00:00.000', '1996-11-21 00:00:00.000', '1996-10-29 00:00:00.000', 3, 108.26, 'Frankenversand', 'Berliner Platz 43', 'München', NULL, '80805', 'Germany'),
    (10338, 'OLDWO', 4, '1996-10-25 00:00:00.000', '1996-11-22 00:00:00.000', '1996-10-29 00:00:00.000', 3, 84.21, 'Old World Delicatessen', '2743 Bering St.', 'Anchorage', 'AK', '99508', 'USA'),
    (10339, 'MEREP', 2, '1996-10-28 00:00:00.000', '1996-11-25 00:00:00.000', '1996-11-04 00:00:00.000', 2, 15.66, 'Mère Paillarde', '43 rue St. Laurent', 'Montréal', 'Québec', 'H1J 1C3', 'Canada'),
    (10340, 'BONAP', 1, '1996-10-29 00:00:00.000', '1996-11-26 00:00:00.000', '1996-11-08 00:00:00.000', 3, 166.31, 'Bon app''', '12 rue des Bouchers', 'Marseille', NULL, '13008', 'France'),
    (10341, 'SIMOB', 7, '1996-10-29 00:00:00.000', '1996-11-26 00:00:00.000', '1996-11-05 00:00:00.000', 3, 26.78, 'Simons bistro', 'Vinbæltet 34', 'Kobenhavn', NULL, '1734', 'Denmark'),
    (10342, 'FRANK', 4, '1996-10-30 00:00:00.000', '1996-11-13 00:00:00.000', '1996-11-04 00:00:00.000', 2, 54.83, 'Frankenversand', 'Berliner Platz 43', 'München', NULL, '80805', 'Germany'),
    (10343, 'LEHMS', 4, '1996-10-31 00:00:00.000', '1996-11-28 00:00:00.000', '1996-11-06 00:00:00.000', 1, 110.37, 'Lehmanns Marktstand', 'Magazinweg 7', 'Frankfurt a.M.', NULL, '60528', 'Germany'),
    (10344, 'WHITC', 4, '1996-11-01 00:00:00.000', '1996-11-29 00:00:00.000', '1996-11-05 00:00:00.000', 2, 23.29, 'White Clover Markets', '1029 - 12th Ave. S.', 'Seattle', 'WA', '98124', 'USA'),
    (10345, 'QUICK', 2, '1996-11-04 00:00:00.000', '1996-12-02 00:00:00.000', '1996-11-11 00:00:00.000', 2, 249.06, 'QUICK-Stop', 'Taucherstraße 10', 'Cunewalde', NULL, '01307', 'Germany'),
    (10346, 'RATTC', 3, '1996-11-05 00:00:00.000', '1996-12-17 00:00:00.000', '1996-11-08 00:00:00.000', 3, 142.08, 'Rattlesnake Canyon Grocery', '2817 Milton Dr.', 'Albuquerque', 'NM', '87110', 'USA'),
    (10347, 'FAMIA', 4, '1996-11-06 00:00:00.000', '1996-12-04 00:00:00.000', '1996-11-08 00:00:00.000', 3, 3.1, 'Familia Arquibaldo', 'Rua Orós 92', 'Sao Paulo', 'SP', '05442-030', 'Brazil'),
    (10348, 'WANDK', 4, '1996-11-07 00:00:00.000', '1996-12-05 00:00:00.000', '1996-11-15 00:00:00.000', 2, 0.78, 'Die Wandernde Kuh', 'Adenauerallee 900', 'Stuttgart', NULL, '70563', 'Germany'),
    (10349, 'SPLIR', 7, '1996-11-08 00:00:00.000', '1996-12-06 00:00:00.000', '1996-11-15 00:00:00.000', 1, 8.63, 'Split Rail Beer & Ale', 'P.O. Box 555', 'Lander', 'WY', '82520', 'USA'),
    (10350, 'LAMAI', 6, '1996-11-11 00:00:00.000', '1996-12-09 00:00:00.000', '1996-12-03 00:00:00.000', 2, 64.19, 'La maison d''Asie', '1 rue Alsace-Lorraine', 'Toulouse', NULL, '31000', 'France'),
    (10351, 'ERNSH', 1, '1996-11-11 00:00:00.000', '1996-12-09 00:00:00.000', '1996-11-20 00:00:00.000', 1, 162.33, 'Ernst Handel', 'Kirchgasse 6', 'Graz', NULL, '8010', 'Austria'),
    (10352, 'FURIB', 3, '1996-11-12 00:00:00.000', '1996-11-26 00:00:00.000', '1996-11-18 00:00:00.000', 3, 1.3, 'Furia Bacalhau e Frutos do Mar', 'Jardim das rosas n. 32', 'Lisboa', NULL, '1675', 'Portugal'),
    (10353, 'PICCO', 7, '1996-11-13 00:00:00.000', '1996-12-11 00:00:00.000', '1996-11-25 00:00:00.000', 3, 360.63, 'Piccolo und mehr', 'Geislweg 14', 'Salzburg', NULL, '5020', 'Austria'),
    (10354, 'PERIC', 8, '1996-11-14 00:00:00.000', '1996-12-12 00:00:00.000', '1996-11-20 00:00:00.000', 3, 53.8, 'Pericles Comidas clásicas', 'Calle Dr. Jorge Cash 321', 'México D.F.', NULL, '05033', 'Mexico'),
    (10355, 'AROUT', 6, '1996-11-15 00:00:00.000', '1996-12-13 00:00:00.000', '1996-11-20 00:00:00.000', 1, 41.95, 'Around the Horn', 'Brook Farm Stratford St. Mary', 'Colchester', 'Essex', 'CO7 6JX', 'UK'),
    (10356, 'WANDK', 6, '1996-11-18 00:00:00.000', '1996-12-16 00:00:00.000', '1996-11-27 00:00:00.000', 2, 36.71, 'Die Wandernde Kuh', 'Adenauerallee 900', 'Stuttgart', NULL, '70563', 'Germany'),
    (10357, 'LILAS', 1, '1996-11-19 00:00:00.000', '1996-12-17 00:00:00.000', '1996-12-02 00:00:00.000', 3, 34.88, 'LILA-Supermercado', 'Carrera 52 con Ave. Bolívar #65-98 Llano Largo', 'Barquisimeto', 'Lara', '3508', 'Venezuela'),
    (10358, 'LAMAI', 5, '1996-11-20 00:00:00.000', '1996-12-18 00:00:00.000', '1996-11-27 00:00:00.000', 1, 19.64, 'La maison d''Asie', '1 rue Alsace-Lorraine', 'Toulouse', NULL, '31000', 'France'),
    (10359, 'SEVES', 5, '1996-11-21 00:00:00.000', '1996-12-19 00:00:00.000', '1996-11-26 00:00:00.000', 3, 288.43, 'Seven Seas Imports', '90 Wadhurst Rd.', 'London', NULL, 'OX15 4NB', 'UK'),
    (10360, 'BLONP', 4, '1996-11-22 00:00:00.000', '1996-12-20 00:00:00.000', '1996-12-02 00:00:00.000', 3, 131.7, 'Blondel père et fils', '24 place Kléber', 'Strasbourg', NULL, '67000', 'France'),
    (10361, 'QUICK', 1, '1996-11-22 00:00:00.000', '1996-12-20 00:00:00.000', '1996-12-03 00:00:00.000', 2, 183.17, 'QUICK-Stop', 'Taucherstraße 10', 'Cunewalde', NULL, '01307', 'Germany'),
    (10362, 'BONAP', 3, '1996-11-25 00:00:00.000', '1996-12-23 00:00:00.000', '1996-11-28 00:00:00.000', 1, 96.04, 'Bon app''', '12 rue des Bouchers', 'Marseille', NULL, '13008', 'France'),
    (10363, 'DRACD', 4, '1996-11-26 00:00:00.000', '1996-12-24 00:00:00.000', '1996-12-04 00:00:00.000', 3, 30.54, 'Drachenblut Delikatessen', 'Walserweg 21', 'Aachen', NULL, '52066', 'Germany'),
    (10364, 'EASTC', 1, '1996-11-26 00:00:00.000', '1997-01-07 00:00:00.000', '1996-12-04 00:00:00.000', 1, 71.97, 'Eastern Connection', '35 King George', 'London', NULL, 'WX3 6FW', 'UK'),
    (10365, 'ANTON', 3, '1996-11-27 00:00:00.000', '1996-12-25 00:00:00.000', '1996-12-02 00:00:00.000', 2, 22.0, 'Antonio Moreno Taquería', 'Mataderos  2312', 'México D.F.', NULL, '05023', 'Mexico'),
    (10366, 'GALED', 8, '1996-11-28 00:00:00.000', '1997-01-09 00:00:00.000', '1996-12-30 00:00:00.000', 2, 10.14, 'Galería del gastronómo', 'Rambla de Cataluña 23', 'Barcelona', NULL, '8022', 'Spain'),
    (10367, 'VAFFE', 7, '1996-11-28 00:00:00.000', '1996-12-26 00:00:00.000', '1996-12-02 00:00:00.000', 3, 13.55, 'Vaffeljernet', 'Smagsloget 45', 'Århus', NULL, '8200', 'Denmark'),
    (10368, 'ERNSH', 2, '1996-11-29 00:00:00.000', '1996-12-27 00:00:00.000', '1996-12-02 00:00:00.000', 2, 101.95, 'Ernst Handel', 'Kirchgasse 6', 'Graz', NULL, '8010', 'Austria'),
    (10369, 'SPLIR', 8, '1996-12-02 00:00:00.000', '1996-12-30 00:00:00.000', '1996-12-09 00:00:00.000', 2, 195.68, 'Split Rail Beer & Ale', 'P.O. Box 555', 'Lander', 'WY', '82520', 'USA'),
    (10370, 'CHOPS', 6, '1996-12-03 00:00:00.000', '1996-12-31 00:00:00.000', '1996-12-27 00:00:00.000', 2, 1.17, 'Chop-suey Chinese', 'Hauptstr. 31', 'Bern', NULL, '3012', 'Switzerland'),
    (10371, 'LAMAI', 1, '1996-12-03 00:00:00.000', '1996-12-31 00:00:00.000', '1996-12-24 00:00:00.000', 1, 0.45, 'La maison d''Asie', '1 rue Alsace-Lorraine', 'Toulouse', NULL, '31000', 'France'),
    (10372, 'QUEEN', 5, '1996-12-04 00:00:00.000', '1997-01-01 00:00:00.000', '1996-12-09 00:00:00.000', 2, 890.78, 'Queen Cozinha', 'Alameda dos Canàrios 891', 'Sao Paulo', 'SP', '05487-020', 'Brazil'),
    (10373, 'HUNGO', 4, '1996-12-05 00:00:00.000', '1997-01-02 00:00:00.000', '1996-12-11 00:00:00.000', 3, 124.12, 'Hungry Owl All-Night Grocers', '8 Johnstown Road', 'Cork', 'Co. Cork', NULL, 'Ireland'),
    (10374, 'WOLZA', 1, '1996-12-05 00:00:00.000', '1997-01-02 00:00:00.000', '1996-12-09 00:00:00.000', 3, 3.94, 'Wolski Zajazd', 'ul. Filtrowa 68', 'Warszawa', NULL, '01-012', 'Poland'),
    (10375, 'HUNGC', 3, '1996-12-06 00:00:00.000', '1997-01-03 00:00:00.000', '1996-12-09 00:00:00.000', 2, 20.12, 'Hungry Coyote Import Store', 'City Center Plaza 516 Main St.', 'Elgin', 'OR', '97827', 'USA'),
    (10376, 'MEREP', 1, '1996-12-09 00:00:00.000', '1997-01-06 00:00:00.000', '1996-12-13 00:00:00.000', 2, 20.39, 'Mère Paillarde', '43 rue St. Laurent', 'Montréal', 'Québec', 'H1J 1C3', 'Canada'),
    (10377, 'SEVES', 1, '1996-12-09 00:00:00.000', '1997-01-06 00:00:00.000', '1996-12-13 00:00:00.000', 3, 22.21, 'Seven Seas Imports', '90 Wadhurst Rd.', 'London', NULL, 'OX15 4NB', 'UK'),
    (10378, 'FOLKO', 5, '1996-12-10 00:00:00.000', '1997-01-07 00:00:00.000', '1996-12-19 00:00:00.000', 3, 5.44, 'Folk och fä HB', 'Åkergatan 24', 'Bräcke', NULL, 'S-844 67', 'Sweden'),
    (10379, 'QUEDE', 2, '1996-12-11 00:00:00.000', '1997-01-08 00:00:00.000', '1996-12-13 00:00:00.000', 1, 45.03, 'Que Delícia', 'Rua da Panificadora 12', 'Rio de Janeiro', 'RJ', '02389-673', 'Brazil'),
    (10380, 'HUNGO', 8, '1996-12-12 00:00:00.000', '1997-01-09 00:00:00.000', '1997-01-16 00:00:00.000', 3, 35.03, 'Hungry Owl All-Night Grocers', '8 Johnstown Road', 'Cork', 'Co. Cork', NULL, 'Ireland'),
    (10381, 'LILAS', 3, '1996-12-12 00:00:00.000', '1997-01-09 00:00:00.000', '1996-12-13 00:00:00.000', 3, 7.99, 'LILA-Supermercado', 'Carrera 52 con Ave. Bolívar #65-98 Llano Largo', 'Barquisimeto', 'Lara', '3508', 'Venezuela'),
    (10382, 'ERNSH', 4, '1996-12-13 00:00:00.000', '1997-01-10 00:00:00.000', '1996-12-16 00:00:00.000', 1, 94.77, 'Ernst Handel', 'Kirchgasse 6', 'Graz', NULL, '8010', 'Austria'),
    (10383, 'AROUT', 8, '1996-12-16 00:00:00.000', '1997-01-13 00:00:00.000', '1996-12-18 00:00:00.000', 3, 34.24, 'Around the Horn', 'Brook Farm Stratford St. Mary', 'Colchester', 'Essex', 'CO7 6JX', 'UK'),
    (10384, 'BERGS', 3, '1996-12-16 00:00:00.000', '1997-01-13 00:00:00.000', '1996-12-20 00:00:00.000', 3, 168.64, 'Berglunds snabbköp', 'Berguvsvägen  8', 'Luleå', NULL, 'S-958 22', 'Sweden'),
    (10385, 'SPLIR', 1, '1996-12-17 00:00:00.000', '1997-01-14 00:00:00.000', '1996-12-23 00:00:00.000', 2, 30.96, 'Split Rail Beer & Ale', 'P.O. Box 555', 'Lander', 'WY', '82520', 'USA'),
    (10386, 'FAMIA', 9, '1996-12-18 00:00:00.000', '1997-01-01 00:00:00.000', '1996-12-25 00:00:00.000', 3, 13.99, 'Familia Arquibaldo', 'Rua Orós 92', 'Sao Paulo', 'SP', '05442-030', 'Brazil'),
    (10387, 'SANTG', 1, '1996-12-18 00:00:00.000', '1997-01-15 00:00:00.000', '1996-12-20 00:00:00.000', 2, 93.63, 'Santé Gourmet', 'Erling Skakkes gate 78', 'Stavern', NULL, '4110', 'Norway'),
    (10388, 'SEVES', 2, '1996-12-19 00:00:00.000', '1997-01-16 00:00:00.000', '1996-12-20 00:00:00.000', 1, 34.86, 'Seven Seas Imports', '90 Wadhurst Rd.', 'London', NULL, 'OX15 4NB', 'UK'),
    (10389, 'BOTTM', 4, '1996-12-20 00:00:00.000', '1997-01-17 00:00:00.000', '1996-12-24 00:00:00.000', 2, 47.42, 'Bottom-Dollar Markets', '23 Tsawassen Blvd.', 'Tsawassen', 'BC', 'T2F 8M4', 'Canada'),
    (10390, 'ERNSH', 6, '1996-12-23 00:00:00.000', '1997-01-20 00:00:00.000', '1996-12-26 00:00:00.000', 1, 126.38, 'Ernst Handel', 'Kirchgasse 6', 'Graz', NULL, '8010', 'Austria'),
    (10391, 'DRACD', 3, '1996-12-23 00:00:00.000', '1997-01-20 00:00:00.000', '1996-12-31 00:00:00.000', 3, 5.45, 'Drachenblut Delikatessen', 'Walserweg 21', 'Aachen', NULL, '52066', 'Germany'),
    (10392, 'PICCO', 2, '1996-12-24 00:00:00.000', '1997-01-21 00:00:00.000', '1997-01-01 00:00:00.000', 3, 122.46, 'Piccolo und mehr', 'Geislweg 14', 'Salzburg', NULL, '5020', 'Austria'),
    (10393, 'SAVEA', 1, '1996-12-25 00:00:00.000', '1997-01-22 00:00:00.000', '1997-01-03 00:00:00.000', 3, 126.56, 'Save-a-lot Markets', '187 Suffolk Ln.', 'Boise', 'ID', '83720', 'USA'),
    (10394, 'HUNGC', 1, '1996-12-25 00:00:00.000', '1997-01-22 00:00:00.000', '1997-01-03 00:00:00.000', 3, 30.34, 'Hungry Coyote Import Store', 'City Center Plaza 516 Main St.', 'Elgin', 'OR', '97827', 'USA'),
    (10395, 'HILAA', 6, '1996-12-26 00:00:00.000', '1997-01-23 00:00:00.000', '1997-01-03 00:00:00.000', 1, 184.41, 'HILARION-Abastos', 'Carrera 22 con Ave. Carlos Soublette #8-35', 'San Cristóbal', 'Táchira', '5022', 'Venezuela'),
    (10396, 'FRANK', 1, '1996-12-27 00:00:00.000', '1997-01-10 00:00:00.000', '1997-01-06 00:00:00.000', 3, 135.35, 'Frankenversand', 'Berliner Platz 43', 'München', NULL, '80805', 'Germany'),
    (10397, 'PRINI', 5, '1996-12-27 00:00:00.000', '1997-01-24 00:00:00.000', '1997-01-02 00:00:00.000', 1, 60.26, 'Princesa Isabel Vinhos', 'Estrada da saúde n. 58', 'Lisboa', NULL, '1756', 'Portugal'),
    (10398, 'SAVEA', 2, '1996-12-30 00:00:00.000', '1997-01-27 00:00:00.000', '1997-01-09 00:00:00.000', 3, 89.16, 'Save-a-lot Markets', '187 Suffolk Ln.', 'Boise', 'ID', '83720', 'USA'),
    (10399, 'VAFFE', 8, '1996-12-31 00:00:00.000', '1997-01-14 00:00:00.000', '1997-01-08 00:00:00.000', 3, 27.36, 'Vaffeljernet', 'Smagsloget 45', 'Århus', NULL, '8200', 'Denmark'),
    (10400, 'EASTC', 1, '1997-01-01 00:00:00.000', '1997-01-29 00:00:00.000', '1997-01-16 00:00:00.000', 3, 83.93, 'Eastern Connection', '35 King George', 'London', NULL, 'WX3 6FW', 'UK'),
    (10401, 'RATTC', 1, '1997-01-01 00:00:00.000', '1997-01-29 00:00:00.000', '1997-01-10 00:00:00.000', 1, 12.51, 'Rattlesnake Canyon Grocery', '2817 Milton Dr.', 'Albuquerque', 'NM', '87110', 'USA'),
    (10402, 'ERNSH', 8, '1997-01-02 00:00:00.000', '1997-02-13 00:00:00.000', '1997-01-10 00:00:00.000', 2, 67.88, 'Ernst Handel', 'Kirchgasse 6', 'Graz', NULL, '8010', 'Austria'),
    (10403, 'ERNSH', 4, '1997-01-03 00:00:00.000', '1997-01-31 00:00:00.000', '1997-01-09 00:00:00.000', 3, 73.79, 'Ernst Handel', 'Kirchgasse 6', 'Graz', NULL, '8010', 'Austria'),
    (10404, 'MAGAA', 2, '1997-01-03 00:00:00.000', '1997-01-31 00:00:00.000', '1997-01-08 00:00:00.000', 1, 155.97, 'Magazzini Alimentari Riuniti', 'Via Ludovico il Moro 22', 'Bergamo', NULL, '24100', 'Italy'),
    (10405, 'LINOD', 1, '1997-01-06 00:00:00.000', '1997-02-03 00:00:00.000', '1997-01-22 00:00:00.000', 1, 34.82, 'LINO-Delicateses', 'Ave. 5 de Mayo Porlamar', 'I. de Margarita', 'Nueva Esparta', '4980', 'Venezuela'),
    (10406, 'QUEEN', 7, '1997-01-07 00:00:00.000', '1997-02-18 00:00:00.000', '1997-01-13 00:00:00.000', 1, 108.04, 'Queen Cozinha', 'Alameda dos Canàrios 891', 'Sao Paulo', 'SP', '05487-020', 'Brazil'),
    (10407, 'OTTIK', 2, '1997-01-07 00:00:00.000', '1997-02-04 00:00:00.000', '1997-01-30 00:00:00.000', 2, 91.48, 'Ottilies Käseladen', 'Mehrheimerstr. 369', 'Köln', NULL, '50739', 'Germany'),
    (10408, 'FOLIG', 8, '1997-01-08 00:00:00.000', '1997-02-05 00:00:00.000', '1997-01-14 00:00:00.000', 1, 11.26, 'Folies gourmandes', '184 chaussée de Tournai', 'Lille', NULL, '59000', 'France'),
    (10409, 'OCEAN', 3, '1997-01-09 00:00:00.000', '1997-02-06 00:00:00.000', '1997-01-14 00:00:00.000', 1, 29.83, 'Océano Atlántico Ltda.', 'Ing. Gustavo Moncada 8585 Piso 20-A', 'Buenos Aires', NULL, '1010', 'Argentina'),
    (10410, 'BOTTM', 3, '1997-01-10 00:00:00.000', '1997-02-07 00:00:00.000', '1997-01-15 00:00:00.000', 3, 2.4, 'Bottom-Dollar Markets', '23 Tsawassen Blvd.', 'Tsawassen', 'BC', 'T2F 8M4', 'Canada'),
    (10411, 'BOTTM', 9, '1997-01-10 00:00:00.000', '1997-02-07 00:00:00.000', '1997-01-21 00:00:00.000', 3, 23.65, 'Bottom-Dollar Markets', '23 Tsawassen Blvd.', 'Tsawassen', 'BC', 'T2F 8M4', 'Canada'),
    (10412, 'WARTH', 8, '1997-01-13 00:00:00.000', '1997-02-10 00:00:00.000', '1997-01-15 00:00:00.000', 2, 3.77, 'Wartian Herkku', 'Torikatu 38', 'Oulu', NULL, '90110', 'Finland'),
    (10413, 'LAMAI', 3, '1997-01-14 00:00:00.000', '1997-02-11 00:00:00.000', '1997-01-16 00:00:00.000', 2, 95.66, 'La maison d''Asie', '1 rue Alsace-Lorraine', 'Toulouse', NULL, '31000', 'France'),
    (10414, 'FAMIA', 2, '1997-01-14 00:00:00.000', '1997-02-11 00:00:00.000', '1997-01-17 00:00:00.000', 3, 21.48, 'Familia Arquibaldo', 'Rua Orós 92', 'Sao Paulo', 'SP', '05442-030', 'Brazil'),
    (10415, 'HUNGC', 3, '1997-01-15 00:00:00.000', '1997-02-12 00:00:00.000', '1997-01-24 00:00:00.000', 1, 0.2, 'Hungry Coyote Import Store', 'City Center Plaza 516 Main St.', 'Elgin', 'OR', '97827', 'USA'),
    (10416, 'WARTH', 8, '1997-01-16 00:00:00.000', '1997-02-13 00:00:00.000', '1997-01-27 00:00:00.000', 3, 22.72, 'Wartian Herkku', 'Torikatu 38', 'Oulu', NULL, '90110', 'Finland'),
    (10417, 'SIMOB', 4, '1997-01-16 00:00:00.000', '1997-02-13 00:00:00.000', '1997-01-28 00:00:00.000', 3, 70.29, 'Simons bistro', 'Vinbæltet 34', 'Kobenhavn', NULL, '1734', 'Denmark'),
    (10418, 'QUICK', 4, '1997-01-17 00:00:00.000', '1997-02-14 00:00:00.000', '1997-01-24 00:00:00.000', 1, 17.55, 'QUICK-Stop', 'Taucherstraße 10', 'Cunewalde', NULL, '01307', 'Germany'),
    (10419, 'RICSU', 4, '1997-01-20 00:00:00.000', '1997-02-17 00:00:00.000', '1997-01-30 00:00:00.000', 2, 137.35, 'Richter Supermarkt', 'Starenweg 5', 'Genève', NULL, '1204', 'Switzerland'),
    (10420, 'WELLI', 3, '1997-01-21 00:00:00.000', '1997-02-18 00:00:00.000', '1997-01-27 00:00:00.000', 1, 44.12, 'Wellington Importadora', 'Rua do Mercado 12', 'Resende', 'SP', '08737-363', 'Brazil'),
    (10421, 'QUEDE', 8, '1997-01-21 00:00:00.000', '1997-03-04 00:00:00.000', '1997-01-27 00:00:00.000', 1, 99.23, 'Que Delícia', 'Rua da Panificadora 12', 'Rio de Janeiro', 'RJ', '02389-673', 'Brazil'),
    (10422, 'FRANS', 2, '1997-01-22 00:00:00.000', '1997-02-19 00:00:00.000', '1997-01-31 00:00:00.000', 1, 3.02, 'Franchi S.p.A.', 'Via Monte Bianco 34', 'Torino', NULL, '10100', 'Italy'),
    (10423, 'GOURL', 6, '1997-01-23 00:00:00.000', '1997-02-06 00:00:00.000', '1997-02-24 00:00:00.000', 3, 24.5, 'Gourmet Lanchonetes', 'Av. Brasil 442', 'Campinas', 'SP', '04876-786', 'Brazil'),
    (10424, 'MEREP', 7, '1997-01-23 00:00:00.000', '1997-02-20 00:00:00.000', '1997-01-27 00:00:00.000', 2, 370.61, 'Mère Paillarde', '43 rue St. Laurent', 'Montréal', 'Québec', 'H1J 1C3', 'Canada'),
    (10425, 'LAMAI', 6, '1997-01-24 00:00:00.000', '1997-02-21 00:00:00.000', '1997-02-14 00:00:00.000', 2, 7.93, 'La maison d''Asie', '1 rue Alsace-Lorraine', 'Toulouse', NULL, '31000', 'France'),
    (10426, 'GALED', 4, '1997-01-27 00:00:00.000', '1997-02-24 00:00:00.000', '1997-02-06 00:00:00.000', 1, 18.69, 'Galería del gastronómo', 'Rambla de Cataluña 23', 'Barcelona', NULL, '8022', 'Spain'),
    (10427, 'PICCO', 4, '1997-01-27 00:00:00.000', '1997-02-24 00:00:00.000', '1997-03-03 00:00:00.000', 2, 31.29, 'Piccolo und mehr', 'Geislweg 14', 'Salzburg', NULL, '5020', 'Austria'),
    (10428, 'REGGC', 7, '1997-01-28 00:00:00.000', '1997-02-25 00:00:00.000', '1997-02-04 00:00:00.000', 1, 11.09, 'Reggiani Caseifici', 'Strada Provinciale 124', 'Reggio Emilia', NULL, '42100', 'Italy'),
    (10429, 'HUNGO', 3, '1997-01-29 00:00:00.000', '1997-03-12 00:00:00.000', '1997-02-07 00:00:00.000', 2, 56.63, 'Hungry Owl All-Night Grocers', '8 Johnstown Road', 'Cork', 'Co. Cork', NULL, 'Ireland'),
    (10430, 'ERNSH', 4, '1997-01-30 00:00:00.000', '1997-02-13 00:00:00.000', '1997-02-03 00:00:00.000', 1, 458.78, 'Ernst Handel', 'Kirchgasse 6', 'Graz', NULL, '8010', 'Austria'),
    (10431, 'BOTTM', 4, '1997-01-30 00:00:00.000', '1997-02-13 00:00:00.000', '1997-02-07 00:00:00.000', 2, 44.17, 'Bottom-Dollar Markets', '23 Tsawassen Blvd.', 'Tsawassen', 'BC', 'T2F 8M4', 'Canada'),
    (10432, 'SPLIR', 3, '1997-01-31 00:00:00.000', '1997-02-14 00:00:00.000', '1997-02-07 00:00:00.000', 2, 4.34, 'Split Rail Beer & Ale', 'P.O. Box 555', 'Lander', 'WY', '82520', 'USA'),
    (10433, 'PRINI', 3, '1997-02-03 00:00:00.000', '1997-03-03 00:00:00.000', '1997-03-04 00:00:00.000', 3, 73.83, 'Princesa Isabel Vinhos', 'Estrada da saúde n. 58', 'Lisboa', NULL, '1756', 'Portugal'),
    (10434, 'FOLKO', 3, '1997-02-03 00:00:00.000', '1997-03-03 00:00:00.000', '1997-02-13 00:00:00.000', 2, 17.92, 'Folk och fä HB', 'Åkergatan 24', 'Bräcke', NULL, 'S-844 67', 'Sweden'),
    (10435, 'CONSH', 8, '1997-02-04 00:00:00.000', '1997-03-18 00:00:00.000', '1997-02-07 00:00:00.000', 2, 9.21, 'Consolidated Holdings', 'Berkeley Gardens 12  Brewery', 'London', NULL, 'WX1 6LT', 'UK'),
    (10436, 'BLONP', 3, '1997-02-05 00:00:00.000', '1997-03-05 00:00:00.000', '1997-02-11 00:00:00.000', 2, 156.66, 'Blondel père et fils', '24 place Kléber', 'Strasbourg', NULL, '67000', 'France'),
    (10437, 'WARTH', 8, '1997-02-05 00:00:00.000', '1997-03-05 00:00:00.000', '1997-02-12 00:00:00.000', 1, 19.97, 'Wartian Herkku', 'Torikatu 38', 'Oulu', NULL, '90110', 'Finland'),
    (10438, 'TOMSP', 3, '1997-02-06 00:00:00.000', '1997-03-06 00:00:00.000', '1997-02-14 00:00:00.000', 2, 8.24, 'Toms Spezialitäten', 'Luisenstr. 48', 'Münster', NULL, '44087', 'Germany'),
    (10439, 'MEREP', 6, '1997-02-07 00:00:00.000', '1997-03-07 00:00:00.000', '1997-02-10 00:00:00.000', 3, 4.07, 'Mère Paillarde', '43 rue St. Laurent', 'Montréal', 'Québec', 'H1J 1C3', 'Canada'),
    (10440, 'SAVEA', 4, '1997-02-10 00:00:00.000', '1997-03-10 00:00:00.000', '1997-02-28 00:00:00.000', 2, 86.53, 'Save-a-lot Markets', '187 Suffolk Ln.', 'Boise', 'ID', '83720', 'USA'),
    (10441, 'OLDWO', 3, '1997-02-10 00:00:00.000', '1997-03-24 00:00:00.000', '1997-03-14 00:00:00.000', 2, 73.02, 'Old World Delicatessen', '2743 Bering St.', 'Anchorage', 'AK', '99508', 'USA'),
    (10442, 'ERNSH', 3, '1997-02-11 00:00:00.000', '1997-03-11 00:00:00.000', '1997-02-18 00:00:00.000', 2, 47.94, 'Ernst Handel', 'Kirchgasse 6', 'Graz', NULL, '8010', 'Austria'),
    (10443, 'REGGC', 8, '1997-02-12 00:00:00.000', '1997-03-12 00:00:00.000', '1997-02-14 00:00:00.000', 1, 13.95, 'Reggiani Caseifici', 'Strada Provinciale 124', 'Reggio Emilia', NULL, '42100', 'Italy'),
    (10444, 'BERGS', 3, '1997-02-12 00:00:00.000', '1997-03-12 00:00:00.000', '1997-02-21 00:00:00.000', 3, 3.5, 'Berglunds snabbköp', 'Berguvsvägen  8', 'Luleå', NULL, 'S-958 22', 'Sweden'),
    (10445, 'BERGS', 3, '1997-02-13 00:00:00.000', '1997-03-13 00:00:00.000', '1997-02-20 00:00:00.000', 1, 9.3, 'Berglunds snabbköp', 'Berguvsvägen  8', 'Luleå', NULL, 'S-958 22', 'Sweden'),
    (10446, 'TOMSP', 6, '1997-02-14 00:00:00.000', '1997-03-14 00:00:00.000', '1997-02-19 00:00:00.000', 1, 14.68, 'Toms Spezialitäten', 'Luisenstr. 48', 'Münster', NULL, '44087', 'Germany'),
    (10447, 'RICAR', 4, '1997-02-14 00:00:00.000', '1997-03-14 00:00:00.000', '1997-03-07 00:00:00.000', 2, 68.66, 'Ricardo Adocicados', 'Av. Copacabana 267', 'Rio de Janeiro', 'RJ', '02389-890', 'Brazil'),
    (10448, 'RANCH', 4, '1997-02-17 00:00:00.000', '1997-03-17 00:00:00.000', '1997-02-24 00:00:00.000', 2, 38.82, 'Rancho grande', 'Av. del Libertador 900', 'Buenos Aires', NULL, '1010', 'Argentina'),
    (10449, 'BLONP', 3, '1997-02-18 00:00:00.000', '1997-03-18 00:00:00.000', '1997-02-27 00:00:00.000', 2, 53.3, 'Blondel père et fils', '24 place Kléber', 'Strasbourg', NULL, '67000', 'France'),
    (10450, 'VICTE', 8, '1997-02-19 00:00:00.000', '1997-03-19 00:00:00.000', '1997-03-11 00:00:00.000', 2, 7.23, 'Victuailles en stock', '2 rue du Commerce', 'Lyon', NULL, '69004', 'France'),
    (10451, 'QUICK', 4, '1997-02-19 00:00:00.000', '1997-03-05 00:00:00.000', '1997-03-12 00:00:00.000', 3, 189.09, 'QUICK-Stop', 'Taucherstraße 10', 'Cunewalde', NULL, '01307', 'Germany'),
    (10452, 'SAVEA', 8, '1997-02-20 00:00:00.000', '1997-03-20 00:00:00.000', '1997-02-26 00:00:00.000', 1, 140.26, 'Save-a-lot Markets', '187 Suffolk Ln.', 'Boise', 'ID', '83720', 'USA'),
    (10453, 'AROUT', 1, '1997-02-21 00:00:00.000', '1997-03-21 00:00:00.000', '1997-02-26 00:00:00.000', 2, 25.36, 'Around the Horn', 'Brook Farm Stratford St. Mary', 'Colchester', 'Essex', 'CO7 6JX', 'UK'),
    (10454, 'LAMAI', 4, '1997-02-21 00:00:00.000', '1997-03-21 00:00:00.000', '1997-02-25 00:00:00.000', 3, 2.74, 'La maison d''Asie', '1 rue Alsace-Lorraine', 'Toulouse', NULL, '31000', 'France'),
    (10455, 'WARTH', 8, '1997-02-24 00:00:00.000', '1997-04-07 00:00:00.000', '1997-03-03 00:00:00.000', 2, 180.45, 'Wartian Herkku', 'Torikatu 38', 'Oulu', NULL, '90110', 'Finland'),
    (10456, 'KOENE', 8, '1997-02-25 00:00:00.000', '1997-04-08 00:00:00.000', '1997-02-28 00:00:00.000', 2, 8.12, 'Königlich Essen', 'Maubelstr. 90', 'Brandenburg', NULL, '14776', 'Germany'),
    (10457, 'KOENE', 2, '1997-02-25 00:00:00.000', '1997-03-25 00:00:00.000', '1997-03-03 00:00:00.000', 1, 11.57, 'Königlich Essen', 'Maubelstr. 90', 'Brandenburg', NULL, '14776', 'Germany'),
    (10458, 'SUPRD', 7, '1997-02-26 00:00:00.000', '1997-03-26 00:00:00.000', '1997-03-04 00:00:00.000', 3, 147.06, 'Suprêmes délices', 'Boulevard Tirou 255', 'Charleroi', NULL, 'B-6000', 'Belgium'),
    (10459, 'VICTE', 4, '1997-02-27 00:00:00.000', '1997-03-27 00:00:00.000', '1997-02-28 00:00:00.000', 2, 25.09, 'Victuailles en stock', '2 rue du Commerce', 'Lyon', NULL, '69004', 'France'),
    (10460, 'FOLKO', 8, '1997-02-28 00:00:00.000', '1997-03-28 00:00:00.000', '1997-03-03 00:00:00.000', 1, 16.27, 'Folk och fä HB', 'Åkergatan 24', 'Bräcke', NULL, 'S-844 67', 'Sweden'),
    (10461, 'LILAS', 1, '1997-02-28 00:00:00.000', '1997-03-28 00:00:00.000', '1997-03-05 00:00:00.000', 3, 148.61, 'LILA-Supermercado', 'Carrera 52 con Ave. Bolívar #65-98 Llano Largo', 'Barquisimeto', 'Lara', '3508', 'Venezuela'),
    (10462, 'CONSH', 2, '1997-03-03 00:00:00.000', '1997-03-31 00:00:00.000', '1997-03-18 00:00:00.000', 1, 6.17, 'Consolidated Holdings', 'Berkeley Gardens 12  Brewery', 'London', NULL, 'WX1 6LT', 'UK'),
    (10463, 'SUPRD', 5, '1997-03-04 00:00:00.000', '1997-04-01 00:00:00.000', '1997-03-06 00:00:00.000', 3, 14.78, 'Suprêmes délices', 'Boulevard Tirou 255', 'Charleroi', NULL, 'B-6000', 'Belgium'),
    (10464, 'FURIB', 4, '1997-03-04 00:00:00.000', '1997-04-01 00:00:00.000', '1997-03-14 00:00:00.000', 2, 89.0, 'Furia Bacalhau e Frutos do Mar', 'Jardim das rosas n. 32', 'Lisboa', NULL, '1675', 'Portugal'),
    (10465, 'VAFFE', 1, '1997-03-05 00:00:00.000', '1997-04-02 00:00:00.000', '1997-03-14 00:00:00.000', 3, 145.04, 'Vaffeljernet', 'Smagsloget 45', 'Århus', NULL, '8200', 'Denmark'),
    (10466, 'COMMI', 4, '1997-03-06 00:00:00.000', '1997-04-03 00:00:00.000', '1997-03-13 00:00:00.000', 1, 11.93, 'Comércio Mineiro', 'Av. dos Lusíadas 23', 'Sao Paulo', 'SP', '05432-043', 'Brazil'),
    (10467, 'MAGAA', 8, '1997-03-06 00:00:00.000', '1997-04-03 00:00:00.000', '1997-03-11 00:00:00.000', 2, 4.93, 'Magazzini Alimentari Riuniti', 'Via Ludovico il Moro 22', 'Bergamo', NULL, '24100', 'Italy'),
    (10468, 'KOENE', 3, '1997-03-07 00:00:00.000', '1997-04-04 00:00:00.000', '1997-03-12 00:00:00.000', 3, 44.12, 'Königlich Essen', 'Maubelstr. 90', 'Brandenburg', NULL, '14776', 'Germany'),
    (10469, 'WHITC', 1, '1997-03-10 00:00:00.000', '1997-04-07 00:00:00.000', '1997-03-14 00:00:00.000', 1, 60.18, 'White Clover Markets', '1029 - 12th Ave. S.', 'Seattle', 'WA', '98124', 'USA'),
    (10470, 'BONAP', 4, '1997-03-11 00:00:00.000', '1997-04-08 00:00:00.000', '1997-03-14 00:00:00.000', 2, 64.56, 'Bon app''', '12 rue des Bouchers', 'Marseille', NULL, '13008', 'France'),
    (10471, 'BSBEV', 2, '1997-03-11 00:00:00.000', '1997-04-08 00:00:00.000', '1997-03-18 00:00:00.000', 3, 45.59, 'B''s Beverages', 'Fauntleroy Circus', 'London', NULL, 'EC2 5NT', 'UK'),
    (10472, 'SEVES', 8, '1997-03-12 00:00:00.000', '1997-04-09 00:00:00.000', '1997-03-19 00:00:00.000', 1, 4.2, 'Seven Seas Imports', '90 Wadhurst Rd.', 'London', NULL, 'OX15 4NB', 'UK'),
    (10473, 'ISLAT', 1, '1997-03-13 00:00:00.000', '1997-03-27 00:00:00.000', '1997-03-21 00:00:00.000', 3, 16.37, 'Island Trading', 'Garden House Crowther Way', 'Cowes', 'Isle of Wight', 'PO31 7PJ', 'UK'),
    (10474, 'PERIC', 5, '1997-03-13 00:00:00.000', '1997-04-10 00:00:00.000', '1997-03-21 00:00:00.000', 2, 83.49, 'Pericles Comidas clásicas', 'Calle Dr. Jorge Cash 321', 'México D.F.', NULL, '05033', 'Mexico'),
    (10475, 'SUPRD', 9, '1997-03-14 00:00:00.000', '1997-04-11 00:00:00.000', '1997-04-04 00:00:00.000', 1, 68.52, 'Suprêmes délices', 'Boulevard Tirou 255', 'Charleroi', NULL, 'B-6000', 'Belgium'),
    (10476, 'HILAA', 8, '1997-03-17 00:00:00.000', '1997-04-14 00:00:00.000', '1997-03-24 00:00:00.000', 3, 4.41, 'HILARION-Abastos', 'Carrera 22 con Ave. Carlos Soublette #8-35', 'San Cristóbal', 'Táchira', '5022', 'Venezuela'),
    (10477, 'PRINI', 5, '1997-03-17 00:00:00.000', '1997-04-14 00:00:00.000', '1997-03-25 00:00:00.000', 2, 13.02, 'Princesa Isabel Vinhos', 'Estrada da saúde n. 58', 'Lisboa', NULL, '1756', 'Portugal'),
    (10478, 'VICTE', 2, '1997-03-18 00:00:00.000', '1997-04-01 00:00:00.000', '1997-03-26 00:00:00.000', 3, 4.81, 'Victuailles en stock', '2 rue du Commerce', 'Lyon', NULL, '69004', 'France'),
    (10479, 'RATTC', 3, '1997-03-19 00:00:00.000', '1997-04-16 00:00:00.000', '1997-03-21 00:00:00.000', 3, 708.95, 'Rattlesnake Canyon Grocery', '2817 Milton Dr.', 'Albuquerque', 'NM', '87110', 'USA'),
    (10480, 'FOLIG', 6, '1997-03-20 00:00:00.000', '1997-04-17 00:00:00.000', '1997-03-24 00:00:00.000', 2, 1.35, 'Folies gourmandes', '184 chaussée de Tournai', 'Lille', NULL, '59000', 'France'),
    (10481, 'RICAR', 8, '1997-03-20 00:00:00.000', '1997-04-17 00:00:00.000', '1997-03-25 00:00:00.000', 2, 64.33, 'Ricardo Adocicados', 'Av. Copacabana 267', 'Rio de Janeiro', 'RJ', '02389-890', 'Brazil'),
    (10482, 'LAZYK', 1, '1997-03-21 00:00:00.000', '1997-04-18 00:00:00.000', '1997-04-10 00:00:00.000', 3, 7.48, 'Lazy K Kountry Store', '12 Orchestra Terrace', 'Walla Walla', 'WA', '99362', 'USA'),
    (10483, 'WHITC', 7, '1997-03-24 00:00:00.000', '1997-04-21 00:00:00.000', '1997-04-25 00:00:00.000', 2, 15.28, 'White Clover Markets', '1029 - 12th Ave. S.', 'Seattle', 'WA', '98124', 'USA'),
    (10484, 'BSBEV', 3, '1997-03-24 00:00:00.000', '1997-04-21 00:00:00.000', '1997-04-01 00:00:00.000', 3, 6.88, 'B''s Beverages', 'Fauntleroy Circus', 'London', NULL, 'EC2 5NT', 'UK'),
    (10485, 'LINOD', 4, '1997-03-25 00:00:00.000', '1997-04-08 00:00:00.000', '1997-03-31 00:00:00.000', 2, 64.45, 'LINO-Delicateses', 'Ave. 5 de Mayo Porlamar', 'I. de Margarita', 'Nueva Esparta', '4980', 'Venezuela'),
    (10486, 'HILAA', 1, '1997-03-26 00:00:00.000', '1997-04-23 00:00:00.000', '1997-04-02 00:00:00.000', 2, 30.53, 'HILARION-Abastos', 'Carrera 22 con Ave. Carlos Soublette #8-35', 'San Cristóbal', 'Táchira', '5022', 'Venezuela'),
    (10487, 'QUEEN', 2, '1997-03-26 00:00:00.000', '1997-04-23 00:00:00.000', '1997-03-28 00:00:00.000', 2, 71.07, 'Queen Cozinha', 'Alameda dos Canàrios 891', 'Sao Paulo', 'SP', '05487-020', 'Brazil'),
    (10488, 'FRANK', 8, '1997-03-27 00:00:00.000', '1997-04-24 00:00:00.000', '1997-04-02 00:00:00.000', 2, 4.93, 'Frankenversand', 'Berliner Platz 43', 'München', NULL, '80805', 'Germany'),
    (10489, 'PICCO', 6, '1997-03-28 00:00:00.000', '1997-04-25 00:00:00.000', '1997-04-09 00:00:00.000', 2, 5.29, 'Piccolo und mehr', 'Geislweg 14', 'Salzburg', NULL, '5020', 'Austria'),
    (10490, 'HILAA', 7, '1997-03-31 00:00:00.000', '1997-04-28 00:00:00.000', '1997-04-03 00:00:00.000', 2, 210.19, 'HILARION-Abastos', 'Carrera 22 con Ave. Carlos Soublette #8-35', 'San Cristóbal', 'Táchira', '5022', 'Venezuela'),
    (10491, 'FURIB', 8, '1997-03-31 00:00:00.000', '1997-04-28 00:00:00.000', '1997-04-08 00:00:00.000', 3, 16.96, 'Furia Bacalhau e Frutos do Mar', 'Jardim das rosas n. 32', 'Lisboa', NULL, '1675', 'Portugal'),
    (10492, 'BOTTM', 3, '1997-04-01 00:00:00.000', '1997-04-29 00:00:00.000', '1997-04-11 00:00:00.000', 1, 62.89, 'Bottom-Dollar Markets', '23 Tsawassen Blvd.', 'Tsawassen', 'BC', 'T2F 8M4', 'Canada'),
    (10493, 'LAMAI', 4, '1997-04-02 00:00:00.000', '1997-04-30 00:00:00.000', '1997-04-10 00:00:00.000', 3, 10.64, 'La maison d''Asie', '1 rue Alsace-Lorraine', 'Toulouse', NULL, '31000', 'France'),
    (10494, 'COMMI', 4, '1997-04-02 00:00:00.000', '1997-04-30 00:00:00.000', '1997-04-09 00:00:00.000', 2, 65.99, 'Comércio Mineiro', 'Av. dos Lusíadas 23', 'Sao Paulo', 'SP', '05432-043', 'Brazil'),
    (10495, 'LAUGB', 3, '1997-04-03 00:00:00.000', '1997-05-01 00:00:00.000', '1997-04-11 00:00:00.000', 3, 4.65, 'Laughing Bacchus Wine Cellars', '2319 Elm St.', 'Vancouver', 'BC', 'V3F 2K1', 'Canada'),
    (10496, 'TRADH', 7, '1997-04-04 00:00:00.000', '1997-05-02 00:00:00.000', '1997-04-07 00:00:00.000', 2, 46.77, 'Tradiçao Hipermercados', 'Av. Inês de Castro 414', 'Sao Paulo', 'SP', '05634-030', 'Brazil'),
    (10497, 'LEHMS', 7, '1997-04-04 00:00:00.000', '1997-05-02 00:00:00.000', '1997-04-07 00:00:00.000', 1, 36.21, 'Lehmanns Marktstand', 'Magazinweg 7', 'Frankfurt a.M.', NULL, '60528', 'Germany'),
    (10498, 'HILAA', 8, '1997-04-07 00:00:00.000', '1997-05-05 00:00:00.000', '1997-04-11 00:00:00.000', 2, 29.75, 'HILARION-Abastos', 'Carrera 22 con Ave. Carlos Soublette #8-35', 'San Cristóbal', 'Táchira', '5022', 'Venezuela'),
    (10499, 'LILAS', 4, '1997-04-08 00:00:00.000', '1997-05-06 00:00:00.000', '1997-04-16 00:00:00.000', 2, 102.02, 'LILA-Supermercado', 'Carrera 52 con Ave. Bolívar #65-98 Llano Largo', 'Barquisimeto', 'Lara', '3508', 'Venezuela'),
    (10500, 'LAMAI', 6, '1997-04-09 00:00:00.000', '1997-05-07 00:00:00.000', '1997-04-17 00:00:00.000', 1, 42.68, 'La maison d''Asie', '1 rue Alsace-Lorraine', 'Toulouse', NULL, '31000', 'France'),
    (10501, 'BLAUS', 9, '1997-04-09 00:00:00.000', '1997-05-07 00:00:00.000', '1997-04-16 00:00:00.000', 3, 8.85, 'Blauer See Delikatessen', 'Forsterstr. 57', 'Mannheim', NULL, '68306', 'Germany'),
    (10502, 'PERIC', 2, '1997-04-10 00:00:00.000', '1997-05-08 00:00:00.000', '1997-04-29 00:00:00.000', 1, 69.32, 'Pericles Comidas clásicas', 'Calle Dr. Jorge Cash 321', 'México D.F.', NULL, '05033', 'Mexico'),
    (10503, 'HUNGO', 6, '1997-04-11 00:00:00.000', '1997-05-09 00:00:00.000', '1997-04-16 00:00:00.000', 2, 16.74, 'Hungry Owl All-Night Grocers', '8 Johnstown Road', 'Cork', 'Co. Cork', NULL, 'Ireland'),
    (10504, 'WHITC', 4, '1997-04-11 00:00:00.000', '1997-05-09 00:00:00.000', '1997-04-18 00:00:00.000', 3, 59.13, 'White Clover Markets', '1029 - 12th Ave. S.', 'Seattle', 'WA', '98124', 'USA'),
    (10505, 'MEREP', 3, '1997-04-14 00:00:00.000', '1997-05-12 00:00:00.000', '1997-04-21 00:00:00.000', 3, 7.13, 'Mère Paillarde', '43 rue St. Laurent', 'Montréal', 'Québec', 'H1J 1C3', 'Canada'),
    (10506, 'KOENE', 9, '1997-04-15 00:00:00.000', '1997-05-13 00:00:00.000', '1997-05-02 00:00:00.000', 2, 21.19, 'Königlich Essen', 'Maubelstr. 90', 'Brandenburg', NULL, '14776', 'Germany'),
    (10507, 'ANTON', 7, '1997-04-15 00:00:00.000', '1997-05-13 00:00:00.000', '1997-04-22 00:00:00.000', 1, 47.45, 'Antonio Moreno Taquería', 'Mataderos  2312', 'México D.F.', NULL, '05023', 'Mexico'),
    (10508, 'OTTIK', 1, '1997-04-16 00:00:00.000', '1997-05-14 00:00:00.000', '1997-05-13 00:00:00.000', 2, 4.99, 'Ottilies Käseladen', 'Mehrheimerstr. 369', 'Köln', NULL, '50739', 'Germany'),
    (10509, 'BLAUS', 4, '1997-04-17 00:00:00.000', '1997-05-15 00:00:00.000', '1997-04-29 00:00:00.000', 1, 0.15, 'Blauer See Delikatessen', 'Forsterstr. 57', 'Mannheim', NULL, '68306', 'Germany'),
    (10510, 'SAVEA', 6, '1997-04-18 00:00:00.000', '1997-05-16 00:00:00.000', '1997-04-28 00:00:00.000', 3, 367.63, 'Save-a-lot Markets', '187 Suffolk Ln.', 'Boise', 'ID', '83720', 'USA'),
    (10511, 'BONAP', 4, '1997-04-18 00:00:00.000', '1997-05-16 00:00:00.000', '1997-04-21 00:00:00.000', 3, 350.64, 'Bon app''', '12 rue des Bouchers', 'Marseille', NULL, '13008', 'France'),
    (10512, 'FAMIA', 7, '1997-04-21 00:00:00.000', '1997-05-19 00:00:00.000', '1997-04-24 00:00:00.000', 2, 3.53, 'Familia Arquibaldo', 'Rua Orós 92', 'Sao Paulo', 'SP', '05442-030', 'Brazil'),
    (10513, 'WANDK', 7, '1997-04-22 00:00:00.000', '1997-06-03 00:00:00.000', '1997-04-28 00:00:00.000', 1, 105.65, 'Die Wandernde Kuh', 'Adenauerallee 900', 'Stuttgart', NULL, '70563', 'Germany'),
    (10514, 'ERNSH', 3, '1997-04-22 00:00:00.000', '1997-05-20 00:00:00.000', '1997-05-16 00:00:00.000', 2, 789.95, 'Ernst Handel', 'Kirchgasse 6', 'Graz', NULL, '8010', 'Austria'),
    (10515, 'QUICK', 2, '1997-04-23 00:00:00.000', '1997-05-07 00:00:00.000', '1997-05-23 00:00:00.000', 1, 204.47, 'QUICK-Stop', 'Taucherstraße 10', 'Cunewalde', NULL, '01307', 'Germany'),
    (10516, 'HUNGO', 2, '1997-04-24 00:00:00.000', '1997-05-22 00:00:00.000', '1997-05-01 00:00:00.000', 3, 62.78, 'Hungry Owl All-Night Grocers', '8 Johnstown Road', 'Cork', 'Co. Cork', NULL, 'Ireland'),
    (10517, 'NORTS', 3, '1997-04-24 00:00:00.000', '1997-05-22 00:00:00.000', '1997-04-29 00:00:00.000', 3, 32.07, 'North/South', 'South House 300 Queensbridge', 'London', NULL, 'SW7 1RZ', 'UK'),
    (10518, 'TORTU', 4, '1997-04-25 00:00:00.000', '1997-05-09 00:00:00.000', '1997-05-05 00:00:00.000', 2, 218.15, 'Tortuga Restaurante', 'Avda. Azteca 123', 'México D.F.', NULL, '05033', 'Mexico'),
    (10519, 'CHOPS', 6, '1997-04-28 00:00:00.000', '1997-05-26 00:00:00.000', '1997-05-01 00:00:00.000', 3, 91.76, 'Chop-suey Chinese', 'Hauptstr. 31', 'Bern', NULL, '3012', 'Switzerland'),
    (10520, 'SANTG', 7, '1997-04-29 00:00:00.000', '1997-05-27 00:00:00.000', '1997-05-01 00:00:00.000', 1, 13.37, 'Santé Gourmet', 'Erling Skakkes gate 78', 'Stavern', NULL, '4110', 'Norway'),
    (10521, 'CACTU', 8, '1997-04-29 00:00:00.000', '1997-05-27 00:00:00.000', '1997-05-02 00:00:00.000', 2, 17.22, 'Cactus Comidas para llevar', 'Cerrito 333', 'Buenos Aires', NULL, '1010', 'Argentina'),
    (10522, 'LEHMS', 4, '1997-04-30 00:00:00.000', '1997-05-28 00:00:00.000', '1997-05-06 00:00:00.000', 1, 45.33, 'Lehmanns Marktstand', 'Magazinweg 7', 'Frankfurt a.M.', NULL, '60528', 'Germany'),
    (10523, 'SEVES', 7, '1997-05-01 00:00:00.000', '1997-05-29 00:00:00.000', '1997-05-30 00:00:00.000', 2, 77.63, 'Seven Seas Imports', '90 Wadhurst Rd.', 'London', NULL, 'OX15 4NB', 'UK'),
    (10524, 'BERGS', 1, '1997-05-01 00:00:00.000', '1997-05-29 00:00:00.000', '1997-05-07 00:00:00.000', 2, 244.79, 'Berglunds snabbköp', 'Berguvsvägen  8', 'Luleå', NULL, 'S-958 22', 'Sweden'),
    (10525, 'BONAP', 1, '1997-05-02 00:00:00.000', '1997-05-30 00:00:00.000', '1997-05-23 00:00:00.000', 2, 11.06, 'Bon app''', '12 rue des Bouchers', 'Marseille', NULL, '13008', 'France'),
    (10526, 'WARTH', 4, '1997-05-05 00:00:00.000', '1997-06-02 00:00:00.000', '1997-05-15 00:00:00.000', 2, 58.59, 'Wartian Herkku', 'Torikatu 38', 'Oulu', NULL, '90110', 'Finland'),
    (10527, 'QUICK', 7, '1997-05-05 00:00:00.000', '1997-06-02 00:00:00.000', '1997-05-07 00:00:00.000', 1, 41.9, 'QUICK-Stop', 'Taucherstraße 10', 'Cunewalde', NULL, '01307', 'Germany'),
    (10528, 'GREAL', 6, '1997-05-06 00:00:00.000', '1997-05-20 00:00:00.000', '1997-05-09 00:00:00.000', 2, 3.35, 'Great Lakes Food Market', '2732 Baker Blvd.', 'Eugene', 'OR', '97403', 'USA'),
    (10529, 'MAISD', 5, '1997-05-07 00:00:00.000', '1997-06-04 00:00:00.000', '1997-05-09 00:00:00.000', 2, 66.69, 'Maison Dewey', 'Rue Joseph-Bens 532', 'Bruxelles', NULL, 'B-1180', 'Belgium'),
    (10530, 'PICCO', 3, '1997-05-08 00:00:00.000', '1997-06-05 00:00:00.000', '1997-05-12 00:00:00.000', 2, 339.22, 'Piccolo und mehr', 'Geislweg 14', 'Salzburg', NULL, '5020', 'Austria'),
    (10531, 'OCEAN', 7, '1997-05-08 00:00:00.000', '1997-06-05 00:00:00.000', '1997-05-19 00:00:00.000', 1, 8.12, 'Océano Atlántico Ltda.', 'Ing. Gustavo Moncada 8585 Piso 20-A', 'Buenos Aires', NULL, '1010', 'Argentina'),
    (10532, 'EASTC', 7, '1997-05-09 00:00:00.000', '1997-06-06 00:00:00.000', '1997-05-12 00:00:00.000', 3, 74.46, 'Eastern Connection', '35 King George', 'London', NULL, 'WX3 6FW', 'UK'),
    (10533, 'FOLKO', 8, '1997-05-12 00:00:00.000', '1997-06-09 00:00:00.000', '1997-05-22 00:00:00.000', 1, 188.04, 'Folk och fä HB', 'Åkergatan 24', 'Bräcke', NULL, 'S-844 67', 'Sweden'),
    (10534, 'LEHMS', 8, '1997-05-12 00:00:00.000', '1997-06-09 00:00:00.000', '1997-05-14 00:00:00.000', 2, 27.94, 'Lehmanns Marktstand', 'Magazinweg 7', 'Frankfurt a.M.', NULL, '60528', 'Germany'),
    (10535, 'ANTON', 4, '1997-05-13 00:00:00.000', '1997-06-10 00:00:00.000', '1997-05-21 00:00:00.000', 1, 15.64, 'Antonio Moreno Taquería', 'Mataderos  2312', 'México D.F.', NULL, '05023', 'Mexico'),
    (10536, 'LEHMS', 3, '1997-05-14 00:00:00.000', '1997-06-11 00:00:00.000', '1997-06-06 00:00:00.000', 2, 58.88, 'Lehmanns Marktstand', 'Magazinweg 7', 'Frankfurt a.M.', NULL, '60528', 'Germany'),
    (10537, 'RICSU', 1, '1997-05-14 00:00:00.000', '1997-05-28 00:00:00.000', '1997-05-19 00:00:00.000', 1, 78.85, 'Richter Supermarkt', 'Starenweg 5', 'Genève', NULL, '1204', 'Switzerland'),
    (10538, 'BSBEV', 9, '1997-05-15 00:00:00.000', '1997-06-12 00:00:00.000', '1997-05-16 00:00:00.000', 3, 4.87, 'B''s Beverages', 'Fauntleroy Circus', 'London', NULL, 'EC2 5NT', 'UK'),
    (10539, 'BSBEV', 6, '1997-05-16 00:00:00.000', '1997-06-13 00:00:00.000', '1997-05-23 00:00:00.000', 3, 12.36, 'B''s Beverages', 'Fauntleroy Circus', 'London', NULL, 'EC2 5NT', 'UK'),
    (10540, 'QUICK', 3, '1997-05-19 00:00:00.000', '1997-06-16 00:00:00.000', '1997-06-13 00:00:00.000', 3, 1007.64, 'QUICK-Stop', 'Taucherstraße 10', 'Cunewalde', NULL, '01307', 'Germany'),
    (10541, 'HANAR', 2, '1997-05-19 00:00:00.000', '1997-06-16 00:00:00.000', '1997-05-29 00:00:00.000', 1, 68.65, 'Hanari Carnes', 'Rua do Paço 67', 'Rio de Janeiro', 'RJ', '05454-876', 'Brazil'),
    (10542, 'KOENE', 1, '1997-05-20 00:00:00.000', '1997-06-17 00:00:00.000', '1997-05-26 00:00:00.000', 3, 10.95, 'Königlich Essen', 'Maubelstr. 90', 'Brandenburg', NULL, '14776', 'Germany'),
    (10543, 'LILAS', 8, '1997-05-21 00:00:00.000', '1997-06-18 00:00:00.000', '1997-05-23 00:00:00.000', 2, 48.17, 'LILA-Supermercado', 'Carrera 52 con Ave. Bolívar #65-98 Llano Largo', 'Barquisimeto', 'Lara', '3508', 'Venezuela'),
    (10544, 'LONEP', 4, '1997-05-21 00:00:00.000', '1997-06-18 00:00:00.000', '1997-05-30 00:00:00.000', 1, 24.91, 'Lonesome Pine Restaurant', '89 Chiaroscuro Rd.', 'Portland', 'OR', '97219', 'USA'),
    (10545, 'LAZYK', 8, '1997-05-22 00:00:00.000', '1997-06-19 00:00:00.000', '1997-06-26 00:00:00.000', 2, 11.92, 'Lazy K Kountry Store', '12 Orchestra Terrace', 'Walla Walla', 'WA', '99362', 'USA'),
    (10546, 'VICTE', 1, '1997-05-23 00:00:00.000', '1997-06-20 00:00:00.000', '1997-05-27 00:00:00.000', 3, 194.72, 'Victuailles en stock', '2 rue du Commerce', 'Lyon', NULL, '69004', 'France'),
    (10547, 'SEVES', 3, '1997-05-23 00:00:00.000', '1997-06-20 00:00:00.000', '1997-06-02 00:00:00.000', 2, 178.43, 'Seven Seas Imports', '90 Wadhurst Rd.', 'London', NULL, 'OX15 4NB', 'UK'),
    (10548, 'TOMSP', 3, '1997-05-26 00:00:00.000', '1997-06-23 00:00:00.000', '1997-06-02 00:00:00.000', 2, 1.43, 'Toms Spezialitäten', 'Luisenstr. 48', 'Münster', NULL, '44087', 'Germany'),
    (10549, 'QUICK', 5, '1997-05-27 00:00:00.000', '1997-06-10 00:00:00.000', '1997-05-30 00:00:00.000', 1, 171.24, 'QUICK-Stop', 'Taucherstraße 10', 'Cunewalde', NULL, '01307', 'Germany'),
    (10550, 'GODOS', 7, '1997-05-28 00:00:00.000', '1997-06-25 00:00:00.000', '1997-06-06 00:00:00.000', 3, 4.32, 'Godos Cocina Típica', 'C/ Romero 33', 'Sevilla', NULL, '41101', 'Spain'),
    (10551, 'FURIB', 4, '1997-05-28 00:00:00.000', '1997-07-09 00:00:00.000', '1997-06-06 00:00:00.000', 3, 72.95, 'Furia Bacalhau e Frutos do Mar', 'Jardim das rosas n. 32', 'Lisboa', NULL, '1675', 'Portugal'),
    (10552, 'HILAA', 2, '1997-05-29 00:00:00.000', '1997-06-26 00:00:00.000', '1997-06-05 00:00:00.000', 1, 83.22, 'HILARION-Abastos', 'Carrera 22 con Ave. Carlos Soublette #8-35', 'San Cristóbal', 'Táchira', '5022', 'Venezuela'),
    (10553, 'WARTH', 2, '1997-05-30 00:00:00.000', '1997-06-27 00:00:00.000', '1997-06-03 00:00:00.000', 2, 149.49, 'Wartian Herkku', 'Torikatu 38', 'Oulu', NULL, '90110', 'Finland'),
    (10554, 'OTTIK', 4, '1997-05-30 00:00:00.000', '1997-06-27 00:00:00.000', '1997-06-05 00:00:00.000', 3, 120.97, 'Ottilies Käseladen', 'Mehrheimerstr. 369', 'Köln', NULL, '50739', 'Germany'),
    (10555, 'SAVEA', 6, '1997-06-02 00:00:00.000', '1997-06-30 00:00:00.000', '1997-06-04 00:00:00.000', 3, 252.49, 'Save-a-lot Markets', '187 Suffolk Ln.', 'Boise', 'ID', '83720', 'USA'),
    (10556, 'SIMOB', 2, '1997-06-03 00:00:00.000', '1997-07-15 00:00:00.000', '1997-06-13 00:00:00.000', 1, 9.8, 'Simons bistro', 'Vinbæltet 34', 'Kobenhavn', NULL, '1734', 'Denmark'),
    (10557, 'LEHMS', 9, '1997-06-03 00:00:00.000', '1997-06-17 00:00:00.000', '1997-06-06 00:00:00.000', 2, 96.72, 'Lehmanns Marktstand', 'Magazinweg 7', 'Frankfurt a.M.', NULL, '60528', 'Germany'),
    (10558, 'AROUT', 1, '1997-06-04 00:00:00.000', '1997-07-02 00:00:00.000', '1997-06-10 00:00:00.000', 2, 72.97, 'Around the Horn', 'Brook Farm Stratford St. Mary', 'Colchester', 'Essex', 'CO7 6JX', 'UK'),
    (10559, 'BLONP', 6, '1997-06-05 00:00:00.000', '1997-07-03 00:00:00.000', '1997-06-13 00:00:00.000', 1, 8.05, 'Blondel père et fils', '24 place Kléber', 'Strasbourg', NULL, '67000', 'France'),
    (10560, 'FRANK', 8, '1997-06-06 00:00:00.000', '1997-07-04 00:00:00.000', '1997-06-09 00:00:00.000', 1, 36.65, 'Frankenversand', 'Berliner Platz 43', 'München', NULL, '80805', 'Germany'),
    (10561, 'FOLKO', 2, '1997-06-06 00:00:00.000', '1997-07-04 00:00:00.000', '1997-06-09 00:00:00.000', 2, 242.21, 'Folk och fä HB', 'Åkergatan 24', 'Bräcke', NULL, 'S-844 67', 'Sweden'),
    (10562, 'REGGC', 1, '1997-06-09 00:00:00.000', '1997-07-07 00:00:00.000', '1997-06-12 00:00:00.000', 1, 22.95, 'Reggiani Caseifici', 'Strada Provinciale 124', 'Reggio Emilia', NULL, '42100', 'Italy'),
    (10563, 'RICAR', 2, '1997-06-10 00:00:00.000', '1997-07-22 00:00:00.000', '1997-06-24 00:00:00.000', 2, 60.43, 'Ricardo Adocicados', 'Av. Copacabana 267', 'Rio de Janeiro', 'RJ', '02389-890', 'Brazil'),
    (10564, 'RATTC', 4, '1997-06-10 00:00:00.000', '1997-07-08 00:00:00.000', '1997-06-16 00:00:00.000', 3, 13.75, 'Rattlesnake Canyon Grocery', '2817 Milton Dr.', 'Albuquerque', 'NM', '87110', 'USA'),
    (10565, 'MEREP', 8, '1997-06-11 00:00:00.000', '1997-07-09 00:00:00.000', '1997-06-18 00:00:00.000', 2, 7.15, 'Mère Paillarde', '43 rue St. Laurent', 'Montréal', 'Québec', 'H1J 1C3', 'Canada'),
    (10566, 'BLONP', 9, '1997-06-12 00:00:00.000', '1997-07-10 00:00:00.000', '1997-06-18 00:00:00.000', 1, 88.4, 'Blondel père et fils', '24 place Kléber', 'Strasbourg', NULL, '67000', 'France'),
    (10567, 'HUNGO', 1, '1997-06-12 00:00:00.000', '1997-07-10 00:00:00.000', '1997-06-17 00:00:00.000', 1, 33.97, 'Hungry Owl All-Night Grocers', '8 Johnstown Road', 'Cork', 'Co. Cork', NULL, 'Ireland'),
    (10568, 'GALED', 3, '1997-06-13 00:00:00.000', '1997-07-11 00:00:00.000', '1997-07-09 00:00:00.000', 3, 6.54, 'Galería del gastronómo', 'Rambla de Cataluña 23', 'Barcelona', NULL, '8022', 'Spain'),
    (10569, 'RATTC', 5, '1997-06-16 00:00:00.000', '1997-07-14 00:00:00.000', '1997-07-11 00:00:00.000', 1, 58.98, 'Rattlesnake Canyon Grocery', '2817 Milton Dr.', 'Albuquerque', 'NM', '87110', 'USA'),
    (10570, 'MEREP', 3, '1997-06-17 00:00:00.000', '1997-07-15 00:00:00.000', '1997-06-19 00:00:00.000', 3, 188.99, 'Mère Paillarde', '43 rue St. Laurent', 'Montréal', 'Québec', 'H1J 1C3', 'Canada'),
    (10571, 'ERNSH', 8, '1997-06-17 00:00:00.000', '1997-07-29 00:00:00.000', '1997-07-04 00:00:00.000', 3, 26.06, 'Ernst Handel', 'Kirchgasse 6', 'Graz', NULL, '8010', 'Austria'),
    (10572, 'BERGS', 3, '1997-06-18 00:00:00.000', '1997-07-16 00:00:00.000', '1997-06-25 00:00:00.000', 2, 116.43, 'Berglunds snabbköp', 'Berguvsvägen  8', 'Luleå', NULL, 'S-958 22', 'Sweden'),
    (10573, 'ANTON', 7, '1997-06-19 00:00:00.000', '1997-07-17 00:00:00.000', '1997-06-20 00:00:00.000', 3, 84.84, 'Antonio Moreno Taquería', 'Mataderos  2312', 'México D.F.', NULL, '05023', 'Mexico'),
    (10574, 'TRAIH', 4, '1997-06-19 00:00:00.000', '1997-07-17 00:00:00.000', '1997-06-30 00:00:00.000', 2, 37.6, 'Trail''s Head Gourmet Provisioners', '722 DaVinci Blvd.', 'Kirkland', 'WA', '98034', 'USA'),
    (10575, 'MORGK', 5, '1997-06-20 00:00:00.000', '1997-07-04 00:00:00.000', '1997-06-30 00:00:00.000', 1, 127.34, 'Morgenstern Gesundkost', 'Heerstr. 22', 'Leipzig', NULL, '04179', 'Germany'),
    (10576, 'TORTU', 3, '1997-06-23 00:00:00.000', '1997-07-07 00:00:00.000', '1997-06-30 00:00:00.000', 3, 18.56, 'Tortuga Restaurante', 'Avda. Azteca 123', 'México D.F.', NULL, '05033', 'Mexico'),
    (10577, 'TRAIH', 9, '1997-06-23 00:00:00.000', '1997-08-04 00:00:00.000', '1997-06-30 00:00:00.000', 2, 25.41, 'Trail''s Head Gourmet Provisioners', '722 DaVinci Blvd.', 'Kirkland', 'WA', '98034', 'USA'),
    (10578, 'BSBEV', 4, '1997-06-24 00:00:00.000', '1997-07-22 00:00:00.000', '1997-07-25 00:00:00.000', 3, 29.6, 'B''s Beverages', 'Fauntleroy Circus', 'London', NULL, 'EC2 5NT', 'UK'),
    (10579, 'LETSS', 1, '1997-06-25 00:00:00.000', '1997-07-23 00:00:00.000', '1997-07-04 00:00:00.000', 2, 13.73, 'Let''s Stop N Shop', '87 Polk St. Suite 5', 'San Francisco', 'CA', '94117', 'USA'),
    (10580, 'OTTIK', 4, '1997-06-26 00:00:00.000', '1997-07-24 00:00:00.000', '1997-07-01 00:00:00.000', 3, 75.89, 'Ottilies Käseladen', 'Mehrheimerstr. 369', 'Köln', NULL, '50739', 'Germany'),
    (10581, 'FAMIA', 3, '1997-06-26 00:00:00.000', '1997-07-24 00:00:00.000', '1997-07-02 00:00:00.000', 1, 3.01, 'Familia Arquibaldo', 'Rua Orós 92', 'Sao Paulo', 'SP', '05442-030', 'Brazil'),
    (10582, 'BLAUS', 3, '1997-06-27 00:00:00.000', '1997-07-25 00:00:00.000', '1997-07-14 00:00:00.000', 2, 27.71, 'Blauer See Delikatessen', 'Forsterstr. 57', 'Mannheim', NULL, '68306', 'Germany'),
    (10583, 'WARTH', 2, '1997-06-30 00:00:00.000', '1997-07-28 00:00:00.000', '1997-07-04 00:00:00.000', 2, 7.28, 'Wartian Herkku', 'Torikatu 38', 'Oulu', NULL, '90110', 'Finland'),
    (10584, 'BLONP', 4, '1997-06-30 00:00:00.000', '1997-07-28 00:00:00.000', '1997-07-04 00:00:00.000', 1, 59.14, 'Blondel père et fils', '24 place Kléber', 'Strasbourg', NULL, '67000', 'France'),
    (10585, 'WELLI', 7, '1997-07-01 00:00:00.000', '1997-07-29 00:00:00.000', '1997-07-10 00:00:00.000', 1, 13.41, 'Wellington Importadora', 'Rua do Mercado 12', 'Resende', 'SP', '08737-363', 'Brazil'),
    (10586, 'REGGC', 9, '1997-07-02 00:00:00.000', '1997-07-30 00:00:00.000', '1997-07-09 00:00:00.000', 1, 0.48, 'Reggiani Caseifici', 'Strada Provinciale 124', 'Reggio Emilia', NULL, '42100', 'Italy'),
    (10587, 'QUEDE', 1, '1997-07-02 00:00:00.000', '1997-07-30 00:00:00.000', '1997-07-09 00:00:00.000', 1, 62.52, 'Que Delícia', 'Rua da Panificadora 12', 'Rio de Janeiro', 'RJ', '02389-673', 'Brazil'),
    (10588, 'QUICK', 2, '1997-07-03 00:00:00.000', '1997-07-31 00:00:00.000', '1997-07-10 00:00:00.000', 3, 194.67, 'QUICK-Stop', 'Taucherstraße 10', 'Cunewalde', NULL, '01307', 'Germany'),
    (10589, 'GREAL', 8, '1997-07-04 00:00:00.000', '1997-08-01 00:00:00.000', '1997-07-14 00:00:00.000', 2, 4.42, 'Great Lakes Food Market', '2732 Baker Blvd.', 'Eugene', 'OR', '97403', 'USA'),
    (10590, 'MEREP', 4, '1997-07-07 00:00:00.000', '1997-08-04 00:00:00.000', '1997-07-14 00:00:00.000', 3, 44.77, 'Mère Paillarde', '43 rue St. Laurent', 'Montréal', 'Québec', 'H1J 1C3', 'Canada'),
    (10591, 'VAFFE', 1, '1997-07-07 00:00:00.000', '1997-07-21 00:00:00.000', '1997-07-16 00:00:00.000', 1, 55.92, 'Vaffeljernet', 'Smagsloget 45', 'Århus', NULL, '8200', 'Denmark'),
    (10592, 'LEHMS', 3, '1997-07-08 00:00:00.000', '1997-08-05 00:00:00.000', '1997-07-16 00:00:00.000', 1, 32.1, 'Lehmanns Marktstand', 'Magazinweg 7', 'Frankfurt a.M.', NULL, '60528', 'Germany'),
    (10593, 'LEHMS', 7, '1997-07-09 00:00:00.000', '1997-08-06 00:00:00.000', '1997-08-13 00:00:00.000', 2, 174.2, 'Lehmanns Marktstand', 'Magazinweg 7', 'Frankfurt a.M.', NULL, '60528', 'Germany'),
    (10594, 'OLDWO', 3, '1997-07-09 00:00:00.000', '1997-08-06 00:00:00.000', '1997-07-16 00:00:00.000', 2, 5.24, 'Old World Delicatessen', '2743 Bering St.', 'Anchorage', 'AK', '99508', 'USA'),
    (10595, 'ERNSH', 2, '1997-07-10 00:00:00.000', '1997-08-07 00:00:00.000', '1997-07-14 00:00:00.000', 1, 96.78, 'Ernst Handel', 'Kirchgasse 6', 'Graz', NULL, '8010', 'Austria'),
    (10596, 'WHITC', 8, '1997-07-11 00:00:00.000', '1997-08-08 00:00:00.000', '1997-08-12 00:00:00.000', 1, 16.34, 'White Clover Markets', '1029 - 12th Ave. S.', 'Seattle', 'WA', '98124', 'USA'),
    (10597, 'PICCO', 7, '1997-07-11 00:00:00.000', '1997-08-08 00:00:00.000', '1997-07-18 00:00:00.000', 3, 35.12, 'Piccolo und mehr', 'Geislweg 14', 'Salzburg', NULL, '5020', 'Austria'),
    (10598, 'RATTC', 1, '1997-07-14 00:00:00.000', '1997-08-11 00:00:00.000', '1997-07-18 00:00:00.000', 3, 44.42, 'Rattlesnake Canyon Grocery', '2817 Milton Dr.', 'Albuquerque', 'NM', '87110', 'USA'),
    (10599, 'BSBEV', 6, '1997-07-15 00:00:00.000', '1997-08-26 00:00:00.000', '1997-07-21 00:00:00.000', 3, 29.98, 'B''s Beverages', 'Fauntleroy Circus', 'London', NULL, 'EC2 5NT', 'UK'),
    (10600, 'HUNGC', 4, '1997-07-16 00:00:00.000', '1997-08-13 00:00:00.000', '1997-07-21 00:00:00.000', 1, 45.13, 'Hungry Coyote Import Store', 'City Center Plaza 516 Main St.', 'Elgin', 'OR', '97827', 'USA'),
    (10601, 'HILAA', 7, '1997-07-16 00:00:00.000', '1997-08-27 00:00:00.000', '1997-07-22 00:00:00.000', 1, 58.3, 'HILARION-Abastos', 'Carrera 22 con Ave. Carlos Soublette #8-35', 'San Cristóbal', 'Táchira', '5022', 'Venezuela'),
    (10602, 'VAFFE', 8, '1997-07-17 00:00:00.000', '1997-08-14 00:00:00.000', '1997-07-22 00:00:00.000', 2, 2.92, 'Vaffeljernet', 'Smagsloget 45', 'Århus', NULL, '8200', 'Denmark'),
    (10603, 'SAVEA', 8, '1997-07-18 00:00:00.000', '1997-08-15 00:00:00.000', '1997-08-08 00:00:00.000', 2, 48.77, 'Save-a-lot Markets', '187 Suffolk Ln.', 'Boise', 'ID', '83720', 'USA'),
    (10604, 'FURIB', 1, '1997-07-18 00:00:00.000', '1997-08-15 00:00:00.000', '1997-07-29 00:00:00.000', 1, 7.46, 'Furia Bacalhau e Frutos do Mar', 'Jardim das rosas n. 32', 'Lisboa', NULL, '1675', 'Portugal'),
    (10605, 'MEREP', 1, '1997-07-21 00:00:00.000', '1997-08-18 00:00:00.000', '1997-07-29 00:00:00.000', 2, 379.13, 'Mère Paillarde', '43 rue St. Laurent', 'Montréal', 'Québec', 'H1J 1C3', 'Canada'),
    (10606, 'TRADH', 4, '1997-07-22 00:00:00.000', '1997-08-19 00:00:00.000', '1997-07-31 00:00:00.000', 3, 79.4, 'Tradiçao Hipermercados', 'Av. Inês de Castro 414', 'Sao Paulo', 'SP', '05634-030', 'Brazil'),
    (10607, 'SAVEA', 5, '1997-07-22 00:00:00.000', '1997-08-19 00:00:00.000', '1997-07-25 00:00:00.000', 1, 200.24, 'Save-a-lot Markets', '187 Suffolk Ln.', 'Boise', 'ID', '83720', 'USA'),
    (10608, 'TOMSP', 4, '1997-07-23 00:00:00.000', '1997-08-20 00:00:00.000', '1997-08-01 00:00:00.000', 2, 27.79, 'Toms Spezialitäten', 'Luisenstr. 48', 'Münster', NULL, '44087', 'Germany'),
    (10609, 'DUMON', 7, '1997-07-24 00:00:00.000', '1997-08-21 00:00:00.000', '1997-07-30 00:00:00.000', 2, 1.85, 'Du monde entier', '67 rue des Cinquante Otages', 'Nantes', NULL, '44000', 'France'),
    (10610, 'LAMAI', 8, '1997-07-25 00:00:00.000', '1997-08-22 00:00:00.000', '1997-08-06 00:00:00.000', 1, 26.78, 'La maison d''Asie', '1 rue Alsace-Lorraine', 'Toulouse', NULL, '31000', 'France'),
    (10611, 'WOLZA', 6, '1997-07-25 00:00:00.000', '1997-08-22 00:00:00.000', '1997-08-01 00:00:00.000', 2, 80.65, 'Wolski Zajazd', 'ul. Filtrowa 68', 'Warszawa', NULL, '01-012', 'Poland'),
    (10612, 'SAVEA', 1, '1997-07-28 00:00:00.000', '1997-08-25 00:00:00.000', '1997-08-01 00:00:00.000', 2, 544.08, 'Save-a-lot Markets', '187 Suffolk Ln.', 'Boise', 'ID', '83720', 'USA'),
    (10613, 'HILAA', 4, '1997-07-29 00:00:00.000', '1997-08-26 00:00:00.000', '1997-08-01 00:00:00.000', 2, 8.11, 'HILARION-Abastos', 'Carrera 22 con Ave. Carlos Soublette #8-35', 'San Cristóbal', 'Táchira', '5022', 'Venezuela'),
    (10614, 'BLAUS', 8, '1997-07-29 00:00:00.000', '1997-08-26 00:00:00.000', '1997-08-01 00:00:00.000', 3, 1.93, 'Blauer See Delikatessen', 'Forsterstr. 57', 'Mannheim', NULL, '68306', 'Germany'),
    (10615, 'WILMK', 2, '1997-07-30 00:00:00.000', '1997-08-27 00:00:00.000', '1997-08-06 00:00:00.000', 3, 0.75, 'Wilman Kala', 'Keskuskatu 45', 'Helsinki', NULL, '21240', 'Finland'),
    (10616, 'GREAL', 1, '1997-07-31 00:00:00.000', '1997-08-28 00:00:00.000', '1997-08-05 00:00:00.000', 2, 116.53, 'Great Lakes Food Market', '2732 Baker Blvd.', 'Eugene', 'OR', '97403', 'USA'),
    (10617, 'GREAL', 4, '1997-07-31 00:00:00.000', '1997-08-28 00:00:00.000', '1997-08-04 00:00:00.000', 2, 18.53, 'Great Lakes Food Market', '2732 Baker Blvd.', 'Eugene', 'OR', '97403', 'USA'),
    (10618, 'MEREP', 1, '1997-08-01 00:00:00.000', '1997-09-12 00:00:00.000', '1997-08-08 00:00:00.000', 1, 154.68, 'Mère Paillarde', '43 rue St. Laurent', 'Montréal', 'Québec', 'H1J 1C3', 'Canada'),
    (10619, 'MEREP', 3, '1997-08-04 00:00:00.000', '1997-09-01 00:00:00.000', '1997-08-07 00:00:00.000', 3, 91.05, 'Mère Paillarde', '43 rue St. Laurent', 'Montréal', 'Québec', 'H1J 1C3', 'Canada'),
    (10620, 'LAUGB', 2, '1997-08-05 00:00:00.000', '1997-09-02 00:00:00.000', '1997-08-14 00:00:00.000', 3, 0.94, 'Laughing Bacchus Wine Cellars', '2319 Elm St.', 'Vancouver', 'BC', 'V3F 2K1', 'Canada'),
    (10621, 'ISLAT', 4, '1997-08-05 00:00:00.000', '1997-09-02 00:00:00.000', '1997-08-11 00:00:00.000', 2, 23.73, 'Island Trading', 'Garden House Crowther Way', 'Cowes', 'Isle of Wight', 'PO31 7PJ', 'UK'),
    (10622, 'RICAR', 4, '1997-08-06 00:00:00.000', '1997-09-03 00:00:00.000', '1997-08-11 00:00:00.000', 3, 50.97, 'Ricardo Adocicados', 'Av. Copacabana 267', 'Rio de Janeiro', 'RJ', '02389-890', 'Brazil'),
    (10623, 'FRANK', 8, '1997-08-07 00:00:00.000', '1997-09-04 00:00:00.000', '1997-08-12 00:00:00.000', 2, 97.18, 'Frankenversand', 'Berliner Platz 43', 'München', NULL, '80805', 'Germany'),
    (10624, 'THECR', 4, '1997-08-07 00:00:00.000', '1997-09-04 00:00:00.000', '1997-08-19 00:00:00.000', 2, 94.8, 'The Cracker Box', '55 Grizzly Peak Rd.', 'Butte', 'MT', '59801', 'USA'),
    (10625, 'ANATR', 3, '1997-08-08 00:00:00.000', '1997-09-05 00:00:00.000', '1997-08-14 00:00:00.000', 1, 43.9, 'Ana Trujillo Emparedados y helados', 'Avda. de la Constitución 2222', 'México D.F.', NULL, '05021', 'Mexico'),
    (10626, 'BERGS', 1, '1997-08-11 00:00:00.000', '1997-09-08 00:00:00.000', '1997-08-20 00:00:00.000', 2, 138.69, 'Berglunds snabbköp', 'Berguvsvägen  8', 'Luleå', NULL, 'S-958 22', 'Sweden'),
    (10627, 'SAVEA', 8, '1997-08-11 00:00:00.000', '1997-09-22 00:00:00.000', '1997-08-21 00:00:00.000', 3, 107.46, 'Save-a-lot Markets', '187 Suffolk Ln.', 'Boise', 'ID', '83720', 'USA'),
    (10628, 'BLONP', 4, '1997-08-12 00:00:00.000', '1997-09-09 00:00:00.000', '1997-08-20 00:00:00.000', 3, 30.36, 'Blondel père et fils', '24 place Kléber', 'Strasbourg', NULL, '67000', 'France'),
    (10629, 'GODOS', 4, '1997-08-12 00:00:00.000', '1997-09-09 00:00:00.000', '1997-08-20 00:00:00.000', 3, 85.46, 'Godos Cocina Típica', 'C/ Romero 33', 'Sevilla', NULL, '41101', 'Spain'),
    (10630, 'KOENE', 1, '1997-08-13 00:00:00.000', '1997-09-10 00:00:00.000', '1997-08-19 00:00:00.000', 2, 32.35, 'Königlich Essen', 'Maubelstr. 90', 'Brandenburg', NULL, '14776', 'Germany'),
    (10631, 'LAMAI', 8, '1997-08-14 00:00:00.000', '1997-09-11 00:00:00.000', '1997-08-15 00:00:00.000', 1, 0.87, 'La maison d''Asie', '1 rue Alsace-Lorraine', 'Toulouse', NULL, '31000', 'France'),
    (10632, 'WANDK', 8, '1997-08-14 00:00:00.000', '1997-09-11 00:00:00.000', '1997-08-19 00:00:00.000', 1, 41.38, 'Die Wandernde Kuh', 'Adenauerallee 900', 'Stuttgart', NULL, '70563', 'Germany'),
    (10633, 'ERNSH', 7, '1997-08-15 00:00:00.000', '1997-09-12 00:00:00.000', '1997-08-18 00:00:00.000', 3, 477.9, 'Ernst Handel', 'Kirchgasse 6', 'Graz', NULL, '8010', 'Austria'),
    (10634, 'FOLIG', 4, '1997-08-15 00:00:00.000', '1997-09-12 00:00:00.000', '1997-08-21 00:00:00.000', 3, 487.38, 'Folies gourmandes', '184 chaussée de Tournai', 'Lille', NULL, '59000', 'France'),
    (10635, 'MAGAA', 8, '1997-08-18 00:00:00.000', '1997-09-15 00:00:00.000', '1997-08-21 00:00:00.000', 3, 47.46, 'Magazzini Alimentari Riuniti', 'Via Ludovico il Moro 22', 'Bergamo', NULL, '24100', 'Italy'),
    (10636, 'WARTH', 4, '1997-08-19 00:00:00.000', '1997-09-16 00:00:00.000', '1997-08-26 00:00:00.000', 1, 1.15, 'Wartian Herkku', 'Torikatu 38', 'Oulu', NULL, '90110', 'Finland'),
    (10637, 'QUEEN', 6, '1997-08-19 00:00:00.000', '1997-09-16 00:00:00.000', '1997-08-26 00:00:00.000', 1, 201.29, 'Queen Cozinha', 'Alameda dos Canàrios 891', 'Sao Paulo', 'SP', '05487-020', 'Brazil'),
    (10638, 'LINOD', 3, '1997-08-20 00:00:00.000', '1997-09-17 00:00:00.000', '1997-09-01 00:00:00.000', 1, 158.44, 'LINO-Delicateses', 'Ave. 5 de Mayo Porlamar', 'I. de Margarita', 'Nueva Esparta', '4980', 'Venezuela'),
    (10639, 'SANTG', 7, '1997-08-20 00:00:00.000', '1997-09-17 00:00:00.000', '1997-08-27 00:00:00.000', 3, 38.64, 'Santé Gourmet', 'Erling Skakkes gate 78', 'Stavern', NULL, '4110', 'Norway'),
    (10640, 'WANDK', 4, '1997-08-21 00:00:00.000', '1997-09-18 00:00:00.000', '1997-08-28 00:00:00.000', 1, 23.55, 'Die Wandernde Kuh', 'Adenauerallee 900', 'Stuttgart', NULL, '70563', 'Germany'),
    (10641, 'HILAA', 4, '1997-08-22 00:00:00.000', '1997-09-19 00:00:00.000', '1997-08-26 00:00:00.000', 2, 179.61, 'HILARION-Abastos', 'Carrera 22 con Ave. Carlos Soublette #8-35', 'San Cristóbal', 'Táchira', '5022', 'Venezuela'),
    (10642, 'SIMOB', 7, '1997-08-22 00:00:00.000', '1997-09-19 00:00:00.000', '1997-09-05 00:00:00.000', 3, 41.89, 'Simons bistro', 'Vinbæltet 34', 'Kobenhavn', NULL, '1734', 'Denmark'),
    (10643, 'ALFKI', 6, '1997-08-25 00:00:00.000', '1997-09-22 00:00:00.000', '1997-09-02 00:00:00.000', 1, 29.46, 'Alfreds Futterkiste', 'Obere Str. 57', 'Berlin', NULL, '12209', 'Germany'),
    (10644, 'WELLI', 3, '1997-08-25 00:00:00.000', '1997-09-22 00:00:00.000', '1997-09-01 00:00:00.000', 2, 0.14, 'Wellington Importadora', 'Rua do Mercado 12', 'Resende', 'SP', '08737-363', 'Brazil'),
    (10645, 'HANAR', 4, '1997-08-26 00:00:00.000', '1997-09-23 00:00:00.000', '1997-09-02 00:00:00.000', 1, 12.41, 'Hanari Carnes', 'Rua do Paço 67', 'Rio de Janeiro', 'RJ', '05454-876', 'Brazil'),
    (10646, 'HUNGO', 9, '1997-08-27 00:00:00.000', '1997-10-08 00:00:00.000', '1997-09-03 00:00:00.000', 3, 142.33, 'Hungry Owl All-Night Grocers', '8 Johnstown Road', 'Cork', 'Co. Cork', NULL, 'Ireland'),
    (10647, 'QUEDE', 4, '1997-08-27 00:00:00.000', '1997-09-10 00:00:00.000', '1997-09-03 00:00:00.000', 2, 45.54, 'Que Delícia', 'Rua da Panificadora 12', 'Rio de Janeiro', 'RJ', '02389-673', 'Brazil'),
    (10648, 'RICAR', 5, '1997-08-28 00:00:00.000', '1997-10-09 00:00:00.000', '1997-09-09 00:00:00.000', 2, 14.25, 'Ricardo Adocicados', 'Av. Copacabana 267', 'Rio de Janeiro', 'RJ', '02389-890', 'Brazil'),
    (10649, 'MAISD', 5, '1997-08-28 00:00:00.000', '1997-09-25 00:00:00.000', '1997-08-29 00:00:00.000', 3, 6.2, 'Maison Dewey', 'Rue Joseph-Bens 532', 'Bruxelles', NULL, 'B-1180', 'Belgium'),
    (10650, 'FAMIA', 5, '1997-08-29 00:00:00.000', '1997-09-26 00:00:00.000', '1997-09-03 00:00:00.000', 3, 176.81, 'Familia Arquibaldo', 'Rua Orós 92', 'Sao Paulo', 'SP', '05442-030', 'Brazil'),
    (10651, 'WANDK', 8, '1997-09-01 00:00:00.000', '1997-09-29 00:00:00.000', '1997-09-11 00:00:00.000', 2, 20.6, 'Die Wandernde Kuh', 'Adenauerallee 900', 'Stuttgart', NULL, '70563', 'Germany'),
    (10652, 'GOURL', 4, '1997-09-01 00:00:00.000', '1997-09-29 00:00:00.000', '1997-09-08 00:00:00.000', 2, 7.14, 'Gourmet Lanchonetes', 'Av. Brasil 442', 'Campinas', 'SP', '04876-786', 'Brazil'),
    (10653, 'FRANK', 1, '1997-09-02 00:00:00.000', '1997-09-30 00:00:00.000', '1997-09-19 00:00:00.000', 1, 93.25, 'Frankenversand', 'Berliner Platz 43', 'München', NULL, '80805', 'Germany'),
    (10654, 'BERGS', 5, '1997-09-02 00:00:00.000', '1997-09-30 00:00:00.000', '1997-09-11 00:00:00.000', 1, 55.26, 'Berglunds snabbköp', 'Berguvsvägen  8', 'Luleå', NULL, 'S-958 22', 'Sweden'),
    (10655, 'REGGC', 1, '1997-09-03 00:00:00.000', '1997-10-01 00:00:00.000', '1997-09-11 00:00:00.000', 2, 4.41, 'Reggiani Caseifici', 'Strada Provinciale 124', 'Reggio Emilia', NULL, '42100', 'Italy'),
    (10656, 'GREAL', 6, '1997-09-04 00:00:00.000', '1997-10-02 00:00:00.000', '1997-09-10 00:00:00.000', 1, 57.15, 'Great Lakes Food Market', '2732 Baker Blvd.', 'Eugene', 'OR', '97403', 'USA'),
    (10657, 'SAVEA', 2, '1997-09-04 00:00:00.000', '1997-10-02 00:00:00.000', '1997-09-15 00:00:00.000', 2, 352.69, 'Save-a-lot Markets', '187 Suffolk Ln.', 'Boise', 'ID', '83720', 'USA'),
    (10658, 'QUICK', 4, '1997-09-05 00:00:00.000', '1997-10-03 00:00:00.000', '1997-09-08 00:00:00.000', 1, 364.15, 'QUICK-Stop', 'Taucherstraße 10', 'Cunewalde', NULL, '01307', 'Germany'),
    (10659, 'QUEEN', 7, '1997-09-05 00:00:00.000', '1997-10-03 00:00:00.000', '1997-09-10 00:00:00.000', 2, 105.81, 'Queen Cozinha', 'Alameda dos Canàrios 891', 'Sao Paulo', 'SP', '05487-020', 'Brazil'),
    (10660, 'HUNGC', 8, '1997-09-08 00:00:00.000', '1997-10-06 00:00:00.000', '1997-10-15 00:00:00.000', 1, 111.29, 'Hungry Coyote Import Store', 'City Center Plaza 516 Main St.', 'Elgin', 'OR', '97827', 'USA'),
    (10661, 'HUNGO', 7, '1997-09-09 00:00:00.000', '1997-10-07 00:00:00.000', '1997-09-15 00:00:00.000', 3, 17.55, 'Hungry Owl All-Night Grocers', '8 Johnstown Road', 'Cork', 'Co. Cork', NULL, 'Ireland'),
    (10662, 'LONEP', 3, '1997-09-09 00:00:00.000', '1997-10-07 00:00:00.000', '1997-09-18 00:00:00.000', 2, 1.28, 'Lonesome Pine Restaurant', '89 Chiaroscuro Rd.', 'Portland', 'OR', '97219', 'USA'),
    (10663, 'BONAP', 2, '1997-09-10 00:00:00.000', '1997-09-24 00:00:00.000', '1997-10-03 00:00:00.000', 2, 113.15, 'Bon app''', '12 rue des Bouchers', 'Marseille', NULL, '13008', 'France'),
    (10664, 'FURIB', 1, '1997-09-10 00:00:00.000', '1997-10-08 00:00:00.000', '1997-09-19 00:00:00.000', 3, 1.27, 'Furia Bacalhau e Frutos do Mar', 'Jardim das rosas n. 32', 'Lisboa', NULL, '1675', 'Portugal'),
    (10665, 'LONEP', 1, '1997-09-11 00:00:00.000', '1997-10-09 00:00:00.000', '1997-09-17 00:00:00.000', 2, 26.31, 'Lonesome Pine Restaurant', '89 Chiaroscuro Rd.', 'Portland', 'OR', '97219', 'USA'),
    (10666, 'RICSU', 7, '1997-09-12 00:00:00.000', '1997-10-10 00:00:00.000', '1997-09-22 00:00:00.000', 2, 232.42, 'Richter Supermarkt', 'Starenweg 5', 'Genève', NULL, '1204', 'Switzerland'),
    (10667, 'ERNSH', 7, '1997-09-12 00:00:00.000', '1997-10-10 00:00:00.000', '1997-09-19 00:00:00.000', 1, 78.09, 'Ernst Handel', 'Kirchgasse 6', 'Graz', NULL, '8010', 'Austria'),
    (10668, 'WANDK', 1, '1997-09-15 00:00:00.000', '1997-10-13 00:00:00.000', '1997-09-23 00:00:00.000', 2, 47.22, 'Die Wandernde Kuh', 'Adenauerallee 900', 'Stuttgart', NULL, '70563', 'Germany'),
    (10669, 'SIMOB', 2, '1997-09-15 00:00:00.000', '1997-10-13 00:00:00.000', '1997-09-22 00:00:00.000', 1, 24.39, 'Simons bistro', 'Vinbæltet 34', 'Kobenhavn', NULL, '1734', 'Denmark'),
    (10670, 'FRANK', 4, '1997-09-16 00:00:00.000', '1997-10-14 00:00:00.000', '1997-09-18 00:00:00.000', 1, 203.48, 'Frankenversand', 'Berliner Platz 43', 'München', NULL, '80805', 'Germany'),
    (10671, 'FRANR', 1, '1997-09-17 00:00:00.000', '1997-10-15 00:00:00.000', '1997-09-24 00:00:00.000', 1, 30.34, 'France restauration', '54 rue Royale', 'Nantes', NULL, '44000', 'France'),
    (10672, 'BERGS', 9, '1997-09-17 00:00:00.000', '1997-10-01 00:00:00.000', '1997-09-26 00:00:00.000', 2, 95.75, 'Berglunds snabbköp', 'Berguvsvägen  8', 'Luleå', NULL, 'S-958 22', 'Sweden'),
    (10673, 'WILMK', 2, '1997-09-18 00:00:00.000', '1997-10-16 00:00:00.000', '1997-09-19 00:00:00.000', 1, 22.76, 'Wilman Kala', 'Keskuskatu 45', 'Helsinki', NULL, '21240', 'Finland'),
    (10674, 'ISLAT', 4, '1997-09-18 00:00:00.000', '1997-10-16 00:00:00.000', '1997-09-30 00:00:00.000', 2, 0.9, 'Island Trading', 'Garden House Crowther Way', 'Cowes', 'Isle of Wight', 'PO31 7PJ', 'UK'),
    (10675, 'FRANK', 5, '1997-09-19 00:00:00.000', '1997-10-17 00:00:00.000', '1997-09-23 00:00:00.000', 2, 31.85, 'Frankenversand', 'Berliner Platz 43', 'München', NULL, '80805', 'Germany'),
    (10676, 'TORTU', 2, '1997-09-22 00:00:00.000', '1997-10-20 00:00:00.000', '1997-09-29 00:00:00.000', 2, 2.01, 'Tortuga Restaurante', 'Avda. Azteca 123', 'México D.F.', NULL, '05033', 'Mexico'),
    (10677, 'ANTON', 1, '1997-09-22 00:00:00.000', '1997-10-20 00:00:00.000', '1997-09-26 00:00:00.000', 3, 4.03, 'Antonio Moreno Taquería', 'Mataderos  2312', 'México D.F.', NULL, '05023', 'Mexico'),
    (10678, 'SAVEA', 7, '1997-09-23 00:00:00.000', '1997-10-21 00:00:00.000', '1997-10-16 00:00:00.000', 3, 388.98, 'Save-a-lot Markets', '187 Suffolk Ln.', 'Boise', 'ID', '83720', 'USA'),
    (10679, 'BLONP', 8, '1997-09-23 00:00:00.000', '1997-10-21 00:00:00.000', '1997-09-30 00:00:00.000', 3, 27.94, 'Blondel père et fils', '24 place Kléber', 'Strasbourg', NULL, '67000', 'France'),
    (10680, 'OLDWO', 1, '1997-09-24 00:00:00.000', '1997-10-22 00:00:00.000', '1997-09-26 00:00:00.000', 1, 26.61, 'Old World Delicatessen', '2743 Bering St.', 'Anchorage', 'AK', '99508', 'USA'),
    (10681, 'GREAL', 3, '1997-09-25 00:00:00.000', '1997-10-23 00:00:00.000', '1997-09-30 00:00:00.000', 3, 76.13, 'Great Lakes Food Market', '2732 Baker Blvd.', 'Eugene', 'OR', '97403', 'USA'),
    (10682, 'ANTON', 3, '1997-09-25 00:00:00.000', '1997-10-23 00:00:00.000', '1997-10-01 00:00:00.000', 2, 36.13, 'Antonio Moreno Taquería', 'Mataderos  2312', 'México D.F.', NULL, '05023', 'Mexico'),
    (10683, 'DUMON', 2, '1997-09-26 00:00:00.000', '1997-10-24 00:00:00.000', '1997-10-01 00:00:00.000', 1, 4.4, 'Du monde entier', '67 rue des Cinquante Otages', 'Nantes', NULL, '44000', 'France'),
    (10684, 'OTTIK', 3, '1997-09-26 00:00:00.000', '1997-10-24 00:00:00.000', '1997-09-30 00:00:00.000', 1, 145.63, 'Ottilies Käseladen', 'Mehrheimerstr. 369', 'Köln', NULL, '50739', 'Germany'),
    (10685, 'GOURL', 4, '1997-09-29 00:00:00.000', '1997-10-13 00:00:00.000', '1997-10-03 00:00:00.000', 2, 33.75, 'Gourmet Lanchonetes', 'Av. Brasil 442', 'Campinas', 'SP', '04876-786', 'Brazil'),
    (10686, 'PICCO', 2, '1997-09-30 00:00:00.000', '1997-10-28 00:00:00.000', '1997-10-08 00:00:00.000', 1, 96.5, 'Piccolo und mehr', 'Geislweg 14', 'Salzburg', NULL, '5020', 'Austria'),
    (10687, 'HUNGO', 9, '1997-09-30 00:00:00.000', '1997-10-28 00:00:00.000', '1997-10-30 00:00:00.000', 2, 296.43, 'Hungry Owl All-Night Grocers', '8 Johnstown Road', 'Cork', 'Co. Cork', NULL, 'Ireland'),
    (10688, 'VAFFE', 4, '1997-10-01 00:00:00.000', '1997-10-15 00:00:00.000', '1997-10-07 00:00:00.000', 2, 299.09, 'Vaffeljernet', 'Smagsloget 45', 'Århus', NULL, '8200', 'Denmark'),
    (10689, 'BERGS', 1, '1997-10-01 00:00:00.000', '1997-10-29 00:00:00.000', '1997-10-07 00:00:00.000', 2, 13.42, 'Berglunds snabbköp', 'Berguvsvägen  8', 'Luleå', NULL, 'S-958 22', 'Sweden'),
    (10690, 'HANAR', 1, '1997-10-02 00:00:00.000', '1997-10-30 00:00:00.000', '1997-10-03 00:00:00.000', 1, 15.8, 'Hanari Carnes', 'Rua do Paço 67', 'Rio de Janeiro', 'RJ', '05454-876', 'Brazil'),
    (10691, 'QUICK', 2, '1997-10-03 00:00:00.000', '1997-11-14 00:00:00.000', '1997-10-22 00:00:00.000', 2, 810.05, 'QUICK-Stop', 'Taucherstraße 10', 'Cunewalde', NULL, '01307', 'Germany'),
    (10692, 'ALFKI', 4, '1997-10-03 00:00:00.000', '1997-10-31 00:00:00.000', '1997-10-13 00:00:00.000', 2, 61.02, 'Alfred''s Futterkiste', 'Obere Str. 57', 'Berlin', NULL, '12209', 'Germany'),
    (10693, 'WHITC', 3, '1997-10-06 00:00:00.000', '1997-10-20 00:00:00.000', '1997-10-10 00:00:00.000', 3, 139.34, 'White Clover Markets', '1029 - 12th Ave. S.', 'Seattle', 'WA', '98124', 'USA'),
    (10694, 'QUICK', 8, '1997-10-06 00:00:00.000', '1997-11-03 00:00:00.000', '1997-10-09 00:00:00.000', 3, 398.36, 'QUICK-Stop', 'Taucherstraße 10', 'Cunewalde', NULL, '01307', 'Germany'),
    (10695, 'WILMK', 7, '1997-10-07 00:00:00.000', '1997-11-18 00:00:00.000', '1997-10-14 00:00:00.000', 1, 16.72, 'Wilman Kala', 'Keskuskatu 45', 'Helsinki', NULL, '21240', 'Finland'),
    (10696, 'WHITC', 8, '1997-10-08 00:00:00.000', '1997-11-19 00:00:00.000', '1997-10-14 00:00:00.000', 3, 102.55, 'White Clover Markets', '1029 - 12th Ave. S.', 'Seattle', 'WA', '98124', 'USA'),
    (10697, 'LINOD', 3, '1997-10-08 00:00:00.000', '1997-11-05 00:00:00.000', '1997-10-14 00:00:00.000', 1, 45.52, 'LINO-Delicateses', 'Ave. 5 de Mayo Porlamar', 'I. de Margarita', 'Nueva Esparta', '4980', 'Venezuela'),
    (10698, 'ERNSH', 4, '1997-10-09 00:00:00.000', '1997-11-06 00:00:00.000', '1997-10-17 00:00:00.000', 1, 272.47, 'Ernst Handel', 'Kirchgasse 6', 'Graz', NULL, '8010', 'Austria'),
    (10699, 'MORGK', 3, '1997-10-09 00:00:00.000', '1997-11-06 00:00:00.000', '1997-10-13 00:00:00.000', 3, 0.58, 'Morgenstern Gesundkost', 'Heerstr. 22', 'Leipzig', NULL, '04179', 'Germany'),
    (10700, 'SAVEA', 3, '1997-10-10 00:00:00.000', '1997-11-07 00:00:00.000', '1997-10-16 00:00:00.000', 1, 65.1, 'Save-a-lot Markets', '187 Suffolk Ln.', 'Boise', 'ID', '83720', 'USA'),
    (10701, 'HUNGO', 6, '1997-10-13 00:00:00.000', '1997-10-27 00:00:00.000', '1997-10-15 00:00:00.000', 3, 220.31, 'Hungry Owl All-Night Grocers', '8 Johnstown Road', 'Cork', 'Co. Cork', NULL, 'Ireland'),
    (10702, 'ALFKI', 4, '1997-10-13 00:00:00.000', '1997-11-24 00:00:00.000', '1997-10-21 00:00:00.000', 1, 23.94, 'Alfred''s Futterkiste', 'Obere Str. 57', 'Berlin', NULL, '12209', 'Germany'),
    (10703, 'FOLKO', 6, '1997-10-14 00:00:00.000', '1997-11-11 00:00:00.000', '1997-10-20 00:00:00.000', 2, 152.3, 'Folk och fä HB', 'Åkergatan 24', 'Bräcke', NULL, 'S-844 67', 'Sweden'),
    (10704, 'QUEEN', 6, '1997-10-14 00:00:00.000', '1997-11-11 00:00:00.000', '1997-11-07 00:00:00.000', 1, 4.78, 'Queen Cozinha', 'Alameda dos Canàrios 891', 'Sao Paulo', 'SP', '05487-020', 'Brazil'),
    (10705, 'HILAA', 9, '1997-10-15 00:00:00.000', '1997-11-12 00:00:00.000', '1997-11-18 00:00:00.000', 2, 3.52, 'HILARION-Abastos', 'Carrera 22 con Ave. Carlos Soublette #8-35', 'San Cristóbal', 'Táchira', '5022', 'Venezuela'),
    (10706, 'OLDWO', 8, '1997-10-16 00:00:00.000', '1997-11-13 00:00:00.000', '1997-10-21 00:00:00.000', 3, 135.63, 'Old World Delicatessen', '2743 Bering St.', 'Anchorage', 'AK', '99508', 'USA'),
    (10707, 'AROUT', 4, '1997-10-16 00:00:00.000', '1997-10-30 00:00:00.000', '1997-10-23 00:00:00.000', 3, 21.74, 'Around the Horn', 'Brook Farm Stratford St. Mary', 'Colchester', 'Essex', 'CO7 6JX', 'UK'),
    (10708, 'THEBI', 6, '1997-10-17 00:00:00.000', '1997-11-28 00:00:00.000', '1997-11-05 00:00:00.000', 2, 2.96, 'The Big Cheese', '89 Jefferson Way Suite 2', 'Portland', 'OR', '97201', 'USA'),
    (10709, 'GOURL', 1, '1997-10-17 00:00:00.000', '1997-11-14 00:00:00.000', '1997-11-20 00:00:00.000', 3, 210.8, 'Gourmet Lanchonetes', 'Av. Brasil 442', 'Campinas', 'SP', '04876-786', 'Brazil'),
    (10710, 'FRANS', 1, '1997-10-20 00:00:00.000', '1997-11-17 00:00:00.000', '1997-10-23 00:00:00.000', 1, 4.98, 'Franchi S.p.A.', 'Via Monte Bianco 34', 'Torino', NULL, '10100', 'Italy'),
    (10711, 'SAVEA', 5, '1997-10-21 00:00:00.000', '1997-12-02 00:00:00.000', '1997-10-29 00:00:00.000', 2, 52.41, 'Save-a-lot Markets', '187 Suffolk Ln.', 'Boise', 'ID', '83720', 'USA'),
    (10712, 'HUNGO', 3, '1997-10-21 00:00:00.000', '1997-11-18 00:00:00.000', '1997-10-31 00:00:00.000', 1, 89.93, 'Hungry Owl All-Night Grocers', '8 Johnstown Road', 'Cork', 'Co. Cork', NULL, 'Ireland'),
    (10713, 'SAVEA', 1, '1997-10-22 00:00:00.000', '1997-11-19 00:00:00.000', '1997-10-24 00:00:00.000', 1, 167.05, 'Save-a-lot Markets', '187 Suffolk Ln.', 'Boise', 'ID', '83720', 'USA'),
    (10714, 'SAVEA', 5, '1997-10-22 00:00:00.000', '1997-11-19 00:00:00.000', '1997-10-27 00:00:00.000', 3, 24.49, 'Save-a-lot Markets', '187 Suffolk Ln.', 'Boise', 'ID', '83720', 'USA'),
    (10715, 'BONAP', 3, '1997-10-23 00:00:00.000', '1997-11-06 00:00:00.000', '1997-10-29 00:00:00.000', 1, 63.2, 'Bon app''', '12 rue des Bouchers', 'Marseille', NULL, '13008', 'France'),
    (10716, 'RANCH', 4, '1997-10-24 00:00:00.000', '1997-11-21 00:00:00.000', '1997-10-27 00:00:00.000', 2, 22.57, 'Rancho grande', 'Av. del Libertador 900', 'Buenos Aires', NULL, '1010', 'Argentina'),
    (10717, 'FRANK', 1, '1997-10-24 00:00:00.000', '1997-11-21 00:00:00.000', '1997-10-29 00:00:00.000', 2, 59.25, 'Frankenversand', 'Berliner Platz 43', 'München', NULL, '80805', 'Germany'),
    (10718, 'KOENE', 1, '1997-10-27 00:00:00.000', '1997-11-24 00:00:00.000', '1997-10-29 00:00:00.000', 3, 170.88, 'Königlich Essen', 'Maubelstr. 90', 'Brandenburg', NULL, '14776', 'Germany'),
    (10719, 'LETSS', 8, '1997-10-27 00:00:00.000', '1997-11-24 00:00:00.000', '1997-11-05 00:00:00.000', 2, 51.44, 'Let''s Stop N Shop', '87 Polk St. Suite 5', 'San Francisco', 'CA', '94117', 'USA'),
    (10720, 'QUEDE', 8, '1997-10-28 00:00:00.000', '1997-11-11 00:00:00.000', '1997-11-05 00:00:00.000', 2, 9.53, 'Que Delícia', 'Rua da Panificadora 12', 'Rio de Janeiro', 'RJ', '02389-673', 'Brazil'),
    (10721, 'QUICK', 5, '1997-10-29 00:00:00.000', '1997-11-26 00:00:00.000', '1997-10-31 00:00:00.000', 3, 48.92, 'QUICK-Stop', 'Taucherstraße 10', 'Cunewalde', NULL, '01307', 'Germany'),
    (10722, 'SAVEA', 8, '1997-10-29 00:00:00.000', '1997-12-10 00:00:00.000', '1997-11-04 00:00:00.000', 1, 74.58, 'Save-a-lot Markets', '187 Suffolk Ln.', 'Boise', 'ID', '83720', 'USA'),
    (10723, 'WHITC', 3, '1997-10-30 00:00:00.000', '1997-11-27 00:00:00.000', '1997-11-25 00:00:00.000', 1, 21.72, 'White Clover Markets', '1029 - 12th Ave. S.', 'Seattle', 'WA', '98124', 'USA'),
    (10724, 'MEREP', 8, '1997-10-30 00:00:00.000', '1997-12-11 00:00:00.000', '1997-11-05 00:00:00.000', 2, 57.75, 'Mère Paillarde', '43 rue St. Laurent', 'Montréal', 'Québec', 'H1J 1C3', 'Canada'),
    (10725, 'FAMIA', 4, '1997-10-31 00:00:00.000', '1997-11-28 00:00:00.000', '1997-11-05 00:00:00.000', 3, 10.83, 'Familia Arquibaldo', 'Rua Orós 92', 'Sao Paulo', 'SP', '05442-030', 'Brazil'),
    (10726, 'EASTC', 4, '1997-11-03 00:00:00.000', '1997-11-17 00:00:00.000', '1997-12-05 00:00:00.000', 1, 16.56, 'Eastern Connection', '35 King George', 'London', NULL, 'WX3 6FW', 'UK'),
    (10727, 'REGGC', 2, '1997-11-03 00:00:00.000', '1997-12-01 00:00:00.000', '1997-12-05 00:00:00.000', 1, 89.9, 'Reggiani Caseifici', 'Strada Provinciale 124', 'Reggio Emilia', NULL, '42100', 'Italy'),
    (10728, 'QUEEN', 4, '1997-11-04 00:00:00.000', '1997-12-02 00:00:00.000', '1997-11-11 00:00:00.000', 2, 58.33, 'Queen Cozinha', 'Alameda dos Canàrios 891', 'Sao Paulo', 'SP', '05487-020', 'Brazil'),
    (10729, 'LINOD', 8, '1997-11-04 00:00:00.000', '1997-12-16 00:00:00.000', '1997-11-14 00:00:00.000', 3, 141.06, 'LINO-Delicateses', 'Ave. 5 de Mayo Porlamar', 'I. de Margarita', 'Nueva Esparta', '4980', 'Venezuela'),
    (10730, 'BONAP', 5, '1997-11-05 00:00:00.000', '1997-12-03 00:00:00.000', '1997-11-14 00:00:00.000', 1, 20.12, 'Bon app''', '12 rue des Bouchers', 'Marseille', NULL, '13008', 'France'),
    (10731, 'CHOPS', 7, '1997-11-06 00:00:00.000', '1997-12-04 00:00:00.000', '1997-11-14 00:00:00.000', 1, 96.65, 'Chop-suey Chinese', 'Hauptstr. 31', 'Bern', NULL, '3012', 'Switzerland'),
    (10732, 'BONAP', 3, '1997-11-06 00:00:00.000', '1997-12-04 00:00:00.000', '1997-11-07 00:00:00.000', 1, 16.97, 'Bon app''', '12 rue des Bouchers', 'Marseille', NULL, '13008', 'France'),
    (10733, 'BERGS', 1, '1997-11-07 00:00:00.000', '1997-12-05 00:00:00.000', '1997-11-10 00:00:00.000', 3, 110.11, 'Berglunds snabbköp', 'Berguvsvägen  8', 'Luleå', NULL, 'S-958 22', 'Sweden'),
    (10734, 'GOURL', 2, '1997-11-07 00:00:00.000', '1997-12-05 00:00:00.000', '1997-11-12 00:00:00.000', 3, 1.63, 'Gourmet Lanchonetes', 'Av. Brasil 442', 'Campinas', 'SP', '04876-786', 'Brazil'),
    (10735, 'LETSS', 6, '1997-11-10 00:00:00.000', '1997-12-08 00:00:00.000', '1997-11-21 00:00:00.000', 2, 45.97, 'Let''s Stop N Shop', '87 Polk St. Suite 5', 'San Francisco', 'CA', '94117', 'USA'),
    (10736, 'HUNGO', 9, '1997-11-11 00:00:00.000', '1997-12-09 00:00:00.000', '1997-11-21 00:00:00.000', 2, 44.1, 'Hungry Owl All-Night Grocers', '8 Johnstown Road', 'Cork', 'Co. Cork', NULL, 'Ireland'),
    (10737, 'VINET', 2, '1997-11-11 00:00:00.000', '1997-12-09 00:00:00.000', '1997-11-18 00:00:00.000', 2, 7.79, 'Vins et alcools Chevalier', '59 rue de l''Abbaye', 'Reims', NULL, '51100', 'France'),
    (10738, 'SPECD', 2, '1997-11-12 00:00:00.000', '1997-12-10 00:00:00.000', '1997-11-18 00:00:00.000', 1, 2.91, 'Spécialités du monde', '25 rue Lauriston', 'Paris', NULL, '75016', 'France'),
    (10739, 'VINET', 3, '1997-11-12 00:00:00.000', '1997-12-10 00:00:00.000', '1997-11-17 00:00:00.000', 3, 11.08, 'Vins et alcools Chevalier', '59 rue de l''Abbaye', 'Reims', NULL, '51100', 'France'),
    (10740, 'WHITC', 4, '1997-11-13 00:00:00.000', '1997-12-11 00:00:00.000', '1997-11-25 00:00:00.000', 2, 81.88, 'White Clover Markets', '1029 - 12th Ave. S.', 'Seattle', 'WA', '98124', 'USA'),
    (10741, 'AROUT', 4, '1997-11-14 00:00:00.000', '1997-11-28 00:00:00.000', '1997-11-18 00:00:00.000', 3, 10.96, 'Around the Horn', 'Brook Farm Stratford St. Mary', 'Colchester', 'Essex', 'CO7 6JX', 'UK'),
    (10742, 'BOTTM', 3, '1997-11-14 00:00:00.000', '1997-12-12 00:00:00.000', '1997-11-18 00:00:00.000', 3, 243.73, 'Bottom-Dollar Markets', '23 Tsawassen Blvd.', 'Tsawassen', 'BC', 'T2F 8M4', 'Canada'),
    (10743, 'AROUT', 1, '1997-11-17 00:00:00.000', '1997-12-15 00:00:00.000', '1997-11-21 00:00:00.000', 2, 23.72, 'Around the Horn', 'Brook Farm Stratford St. Mary', 'Colchester', 'Essex', 'CO7 6JX', 'UK'),
    (10744, 'VAFFE', 6, '1997-11-17 00:00:00.000', '1997-12-15 00:00:00.000', '1997-11-24 00:00:00.000', 1, 69.19, 'Vaffeljernet', 'Smagsloget 45', 'Århus', NULL, '8200', 'Denmark'),
    (10745, 'QUICK', 9, '1997-11-18 00:00:00.000', '1997-12-16 00:00:00.000', '1997-11-27 00:00:00.000', 1, 3.52, 'QUICK-Stop', 'Taucherstraße 10', 'Cunewalde', NULL, '01307', 'Germany'),
    (10746, 'CHOPS', 1, '1997-11-19 00:00:00.000', '1997-12-17 00:00:00.000', '1997-11-21 00:00:00.000', 3, 31.43, 'Chop-suey Chinese', 'Hauptstr. 31', 'Bern', NULL, '3012', 'Switzerland'),
    (10747, 'PICCO', 6, '1997-11-19 00:00:00.000', '1997-12-17 00:00:00.000', '1997-11-26 00:00:00.000', 1, 117.33, 'Piccolo und mehr', 'Geislweg 14', 'Salzburg', NULL, '5020', 'Austria'),
    (10748, 'SAVEA', 3, '1997-11-20 00:00:00.000', '1997-12-18 00:00:00.000', '1997-11-28 00:00:00.000', 1, 232.55, 'Save-a-lot Markets', '187 Suffolk Ln.', 'Boise', 'ID', '83720', 'USA'),
    (10749, 'ISLAT', 4, '1997-11-20 00:00:00.000', '1997-12-18 00:00:00.000', '1997-12-19 00:00:00.000', 2, 61.53, 'Island Trading', 'Garden House Crowther Way', 'Cowes', 'Isle of Wight', 'PO31 7PJ', 'UK'),
    (10750, 'WARTH', 9, '1997-11-21 00:00:00.000', '1997-12-19 00:00:00.000', '1997-11-24 00:00:00.000', 1, 79.3, 'Wartian Herkku', 'Torikatu 38', 'Oulu', NULL, '90110', 'Finland'),
    (10751, 'RICSU', 3, '1997-11-24 00:00:00.000', '1997-12-22 00:00:00.000', '1997-12-03 00:00:00.000', 3, 130.79, 'Richter Supermarkt', 'Starenweg 5', 'Genève', NULL, '1204', 'Switzerland'),
    (10752, 'NORTS', 2, '1997-11-24 00:00:00.000', '1997-12-22 00:00:00.000', '1997-11-28 00:00:00.000', 3, 1.39, 'North/South', 'South House 300 Queensbridge', 'London', NULL, 'SW7 1RZ', 'UK'),
    (10753, 'FRANS', 3, '1997-11-25 00:00:00.000', '1997-12-23 00:00:00.000', '1997-11-27 00:00:00.000', 1, 7.7, 'Franchi S.p.A.', 'Via Monte Bianco 34', 'Torino', NULL, '10100', 'Italy'),
    (10754, 'MAGAA', 6, '1997-11-25 00:00:00.000', '1997-12-23 00:00:00.000', '1997-11-27 00:00:00.000', 3, 2.38, 'Magazzini Alimentari Riuniti', 'Via Ludovico il Moro 22', 'Bergamo', NULL, '24100', 'Italy'),
    (10755, 'BONAP', 4, '1997-11-26 00:00:00.000', '1997-12-24 00:00:00.000', '1997-11-28 00:00:00.000', 2, 16.71, 'Bon app''', '12 rue des Bouchers', 'Marseille', NULL, '13008', 'France'),
    (10756, 'SPLIR', 8, '1997-11-27 00:00:00.000', '1997-12-25 00:00:00.000', '1997-12-02 00:00:00.000', 2, 73.21, 'Split Rail Beer & Ale', 'P.O. Box 555', 'Lander', 'WY', '82520', 'USA'),
    (10757, 'SAVEA', 6, '1997-11-27 00:00:00.000', '1997-12-25 00:00:00.000', '1997-12-15 00:00:00.000', 1, 8.19, 'Save-a-lot Markets', '187 Suffolk Ln.', 'Boise', 'ID', '83720', 'USA'),
    (10758, 'RICSU', 3, '1997-11-28 00:00:00.000', '1997-12-26 00:00:00.000', '1997-12-04 00:00:00.000', 3, 138.17, 'Richter Supermarkt', 'Starenweg 5', 'Genève', NULL, '1204', 'Switzerland'),
    (10759, 'ANATR', 3, '1997-11-28 00:00:00.000', '1997-12-26 00:00:00.000', '1997-12-12 00:00:00.000', 3, 11.99, 'Ana Trujillo Emparedados y helados', 'Avda. de la Constitución 2222', 'México D.F.', NULL, '05021', 'Mexico'),
    (10760, 'MAISD', 4, '1997-12-01 00:00:00.000', '1997-12-29 00:00:00.000', '1997-12-10 00:00:00.000', 1, 155.64, 'Maison Dewey', 'Rue Joseph-Bens 532', 'Bruxelles', NULL, 'B-1180', 'Belgium'),
    (10761, 'RATTC', 5, '1997-12-02 00:00:00.000', '1997-12-30 00:00:00.000', '1997-12-08 00:00:00.000', 2, 18.66, 'Rattlesnake Canyon Grocery', '2817 Milton Dr.', 'Albuquerque', 'NM', '87110', 'USA'),
    (10762, 'FOLKO', 3, '1997-12-02 00:00:00.000', '1997-12-30 00:00:00.000', '1997-12-09 00:00:00.000', 1, 328.74, 'Folk och fä HB', 'Åkergatan 24', 'Bräcke', NULL, 'S-844 67', 'Sweden'),
    (10763, 'FOLIG', 3, '1997-12-03 00:00:00.000', '1997-12-31 00:00:00.000', '1997-12-08 00:00:00.000', 3, 37.35, 'Folies gourmandes', '184 chaussée de Tournai', 'Lille', NULL, '59000', 'France'),
    (10764, 'ERNSH', 6, '1997-12-03 00:00:00.000', '1997-12-31 00:00:00.000', '1997-12-08 00:00:00.000', 3, 145.45, 'Ernst Handel', 'Kirchgasse 6', 'Graz', NULL, '8010', 'Austria'),
    (10765, 'QUICK', 3, '1997-12-04 00:00:00.000', '1998-01-01 00:00:00.000', '1997-12-09 00:00:00.000', 3, 42.74, 'QUICK-Stop', 'Taucherstraße 10', 'Cunewalde', NULL, '01307', 'Germany'),
    (10766, 'OTTIK', 4, '1997-12-05 00:00:00.000', '1998-01-02 00:00:00.000', '1997-12-09 00:00:00.000', 1, 157.55, 'Ottilies Käseladen', 'Mehrheimerstr. 369', 'Köln', NULL, '50739', 'Germany'),
    (10767, 'SUPRD', 4, '1997-12-05 00:00:00.000', '1998-01-02 00:00:00.000', '1997-12-15 00:00:00.000', 3, 1.59, 'Suprêmes délices', 'Boulevard Tirou 255', 'Charleroi', NULL, 'B-6000', 'Belgium'),
    (10768, 'AROUT', 3, '1997-12-08 00:00:00.000', '1998-01-05 00:00:00.000', '1997-12-15 00:00:00.000', 2, 146.32, 'Around the Horn', 'Brook Farm Stratford St. Mary', 'Colchester', 'Essex', 'CO7 6JX', 'UK'),
    (10769, 'VAFFE', 3, '1997-12-08 00:00:00.000', '1998-01-05 00:00:00.000', '1997-12-12 00:00:00.000', 1, 65.06, 'Vaffeljernet', 'Smagsloget 45', 'Århus', NULL, '8200', 'Denmark'),
    (10770, 'HANAR', 8, '1997-12-09 00:00:00.000', '1998-01-06 00:00:00.000', '1997-12-17 00:00:00.000', 3, 5.32, 'Hanari Carnes', 'Rua do Paço 67', 'Rio de Janeiro', 'RJ', '05454-876', 'Brazil'),
    (10771, 'ERNSH', 9, '1997-12-10 00:00:00.000', '1998-01-07 00:00:00.000', '1998-01-02 00:00:00.000', 2, 11.19, 'Ernst Handel', 'Kirchgasse 6', 'Graz', NULL, '8010', 'Austria'),
    (10772, 'LEHMS', 3, '1997-12-10 00:00:00.000', '1998-01-07 00:00:00.000', '1997-12-19 00:00:00.000', 2, 91.28, 'Lehmanns Marktstand', 'Magazinweg 7', 'Frankfurt a.M.', NULL, '60528', 'Germany'),
    (10773, 'ERNSH', 1, '1997-12-11 00:00:00.000', '1998-01-08 00:00:00.000', '1997-12-16 00:00:00.000', 3, 96.43, 'Ernst Handel', 'Kirchgasse 6', 'Graz', NULL, '8010', 'Austria'),
    (10774, 'FOLKO', 4, '1997-12-11 00:00:00.000', '1997-12-25 00:00:00.000', '1997-12-12 00:00:00.000', 1, 48.2, 'Folk och fä HB', 'Åkergatan 24', 'Bräcke', NULL, 'S-844 67', 'Sweden'),
    (10775, 'THECR', 7, '1997-12-12 00:00:00.000', '1998-01-09 00:00:00.000', '1997-12-26 00:00:00.000', 1, 20.25, 'The Cracker Box', '55 Grizzly Peak Rd.', 'Butte', 'MT', '59801', 'USA'),
    (10776, 'ERNSH', 1, '1997-12-15 00:00:00.000', '1998-01-12 00:00:00.000', '1997-12-18 00:00:00.000', 3, 351.53, 'Ernst Handel', 'Kirchgasse 6', 'Graz', NULL, '8010', 'Austria'),
    (10777, 'GOURL', 7, '1997-12-15 00:00:00.000', '1997-12-29 00:00:00.000', '1998-01-21 00:00:00.000', 2, 3.01, 'Gourmet Lanchonetes', 'Av. Brasil 442', 'Campinas', 'SP', '04876-786', 'Brazil'),
    (10778, 'BERGS', 3, '1997-12-16 00:00:00.000', '1998-01-13 00:00:00.000', '1997-12-24 00:00:00.000', 1, 6.79, 'Berglunds snabbköp', 'Berguvsvägen  8', 'Luleå', NULL, 'S-958 22', 'Sweden'),
    (10779, 'MORGK', 3, '1997-12-16 00:00:00.000', '1998-01-13 00:00:00.000', '1998-01-14 00:00:00.000', 2, 58.13, 'Morgenstern Gesundkost', 'Heerstr. 22', 'Leipzig', NULL, '04179', 'Germany'),
    (10780, 'LILAS', 2, '1997-12-16 00:00:00.000', '1997-12-30 00:00:00.000', '1997-12-25 00:00:00.000', 1, 42.13, 'LILA-Supermercado', 'Carrera 52 con Ave. Bolívar #65-98 Llano Largo', 'Barquisimeto', 'Lara', '3508', 'Venezuela'),
    (10781, 'WARTH', 2, '1997-12-17 00:00:00.000', '1998-01-14 00:00:00.000', '1997-12-19 00:00:00.000', 3, 73.16, 'Wartian Herkku', 'Torikatu 38', 'Oulu', NULL, '90110', 'Finland'),
    (10782, 'CACTU', 9, '1997-12-17 00:00:00.000', '1998-01-14 00:00:00.000', '1997-12-22 00:00:00.000', 3, 1.1, 'Cactus Comidas para llevar', 'Cerrito 333', 'Buenos Aires', NULL, '1010', 'Argentina'),
    (10783, 'HANAR', 4, '1997-12-18 00:00:00.000', '1998-01-15 00:00:00.000', '1997-12-19 00:00:00.000', 2, 124.98, 'Hanari Carnes', 'Rua do Paço 67', 'Rio de Janeiro', 'RJ', '05454-876', 'Brazil'),
    (10784, 'MAGAA', 4, '1997-12-18 00:00:00.000', '1998-01-15 00:00:00.000', '1997-12-22 00:00:00.000', 3, 70.09, 'Magazzini Alimentari Riuniti', 'Via Ludovico il Moro 22', 'Bergamo', NULL, '24100', 'Italy'),
    (10785, 'GROSR', 1, '1997-12-18 00:00:00.000', '1998-01-15 00:00:00.000', '1997-12-24 00:00:00.000', 3, 1.51, 'GROSELLA-Restaurante', '5ª Ave. Los Palos Grandes', 'Caracas', 'DF', '1081', 'Venezuela'),
    (10786, 'QUEEN', 8, '1997-12-19 00:00:00.000', '1998-01-16 00:00:00.000', '1997-12-23 00:00:00.000', 1, 110.87, 'Queen Cozinha', 'Alameda dos Canàrios 891', 'Sao Paulo', 'SP', '05487-020', 'Brazil'),
    (10787, 'LAMAI', 2, '1997-12-19 00:00:00.000', '1998-01-02 00:00:00.000', '1997-12-26 00:00:00.000', 1, 249.93, 'La maison d''Asie', '1 rue Alsace-Lorraine', 'Toulouse', NULL, '31000', 'France'),
    (10788, 'QUICK', 1, '1997-12-22 00:00:00.000', '1998-01-19 00:00:00.000', '1998-01-19 00:00:00.000', 2, 42.7, 'QUICK-Stop', 'Taucherstraße 10', 'Cunewalde', NULL, '01307', 'Germany'),
    (10789, 'FOLIG', 1, '1997-12-22 00:00:00.000', '1998-01-19 00:00:00.000', '1997-12-31 00:00:00.000', 2, 100.6, 'Folies gourmandes', '184 chaussée de Tournai', 'Lille', NULL, '59000', 'France'),
    (10790, 'GOURL', 6, '1997-12-22 00:00:00.000', '1998-01-19 00:00:00.000', '1997-12-26 00:00:00.000', 1, 28.23, 'Gourmet Lanchonetes', 'Av. Brasil 442', 'Campinas', 'SP', '04876-786', 'Brazil'),
    (10791, 'FRANK', 6, '1997-12-23 00:00:00.000', '1998-01-20 00:00:00.000', '1998-01-01 00:00:00.000', 2, 16.85, 'Frankenversand', 'Berliner Platz 43', 'München', NULL, '80805', 'Germany'),
    (10792, 'WOLZA', 1, '1997-12-23 00:00:00.000', '1998-01-20 00:00:00.000', '1997-12-31 00:00:00.000', 3, 23.79, 'Wolski Zajazd', 'ul. Filtrowa 68', 'Warszawa', NULL, '01-012', 'Poland'),
    (10793, 'AROUT', 3, '1997-12-24 00:00:00.000', '1998-01-21 00:00:00.000', '1998-01-08 00:00:00.000', 3, 4.52, 'Around the Horn', 'Brook Farm Stratford St. Mary', 'Colchester', 'Essex', 'CO7 6JX', 'UK'),
    (10794, 'QUEDE', 6, '1997-12-24 00:00:00.000', '1998-01-21 00:00:00.000', '1998-01-02 00:00:00.000', 1, 21.49, 'Que Delícia', 'Rua da Panificadora 12', 'Rio de Janeiro', 'RJ', '02389-673', 'Brazil'),
    (10795, 'ERNSH', 8, '1997-12-24 00:00:00.000', '1998-01-21 00:00:00.000', '1998-01-20 00:00:00.000', 2, 126.66, 'Ernst Handel', 'Kirchgasse 6', 'Graz', NULL, '8010', 'Austria'),
    (10796, 'HILAA', 3, '1997-12-25 00:00:00.000', '1998-01-22 00:00:00.000', '1998-01-14 00:00:00.000', 1, 26.52, 'HILARION-Abastos', 'Carrera 22 con Ave. Carlos Soublette #8-35', 'San Cristóbal', 'Táchira', '5022', 'Venezuela'),
    (10797, 'DRACD', 7, '1997-12-25 00:00:00.000', '1998-01-22 00:00:00.000', '1998-01-05 00:00:00.000', 2, 33.35, 'Drachenblut Delikatessen', 'Walserweg 21', 'Aachen', NULL, '52066', 'Germany'),
    (10798, 'ISLAT', 2, '1997-12-26 00:00:00.000', '1998-01-23 00:00:00.000', '1998-01-05 00:00:00.000', 1, 2.33, 'Island Trading', 'Garden House Crowther Way', 'Cowes', 'Isle of Wight', 'PO31 7PJ', 'UK'),
    (10799, 'KOENE', 9, '1997-12-26 00:00:00.000', '1998-02-06 00:00:00.000', '1998-01-05 00:00:00.000', 3, 30.76, 'Königlich Essen', 'Maubelstr. 90', 'Brandenburg', NULL, '14776', 'Germany'),
    (10800, 'SEVES', 1, '1997-12-26 00:00:00.000', '1998-01-23 00:00:00.000', '1998-01-05 00:00:00.000', 3, 137.44, 'Seven Seas Imports', '90 Wadhurst Rd.', 'London', NULL, 'OX15 4NB', 'UK'),
    (10801, 'BOLID', 4, '1997-12-29 00:00:00.000', '1998-01-26 00:00:00.000', '1997-12-31 00:00:00.000', 2, 97.09, 'Bólido Comidas preparadas', 'C/ Araquil 67', 'Madrid', NULL, '28023', 'Spain'),
    (10802, 'SIMOB', 4, '1997-12-29 00:00:00.000', '1998-01-26 00:00:00.000', '1998-01-02 00:00:00.000', 2, 257.26, 'Simons bistro', 'Vinbæltet 34', 'Kobenhavn', NULL, '1734', 'Denmark'),
    (10803, 'WELLI', 4, '1997-12-30 00:00:00.000', '1998-01-27 00:00:00.000', '1998-01-06 00:00:00.000', 1, 55.23, 'Wellington Importadora', 'Rua do Mercado 12', 'Resende', 'SP', '08737-363', 'Brazil'),
    (10804, 'SEVES', 6, '1997-12-30 00:00:00.000', '1998-01-27 00:00:00.000', '1998-01-07 00:00:00.000', 2, 27.33, 'Seven Seas Imports', '90 Wadhurst Rd.', 'London', NULL, 'OX15 4NB', 'UK'),
    (10805, 'THEBI', 2, '1997-12-30 00:00:00.000', '1998-01-27 00:00:00.000', '1998-01-09 00:00:00.000', 3, 237.34, 'The Big Cheese', '89 Jefferson Way Suite 2', 'Portland', 'OR', '97201', 'USA'),
    (10806, 'VICTE', 3, '1997-12-31 00:00:00.000', '1998-01-28 00:00:00.000', '1998-01-05 00:00:00.000', 2, 22.11, 'Victuailles en stock', '2 rue du Commerce', 'Lyon', NULL, '69004', 'France'),
    (10807, 'FRANS', 4, '1997-12-31 00:00:00.000', '1998-01-28 00:00:00.000', '1998-01-30 00:00:00.000', 1, 1.36, 'Franchi S.p.A.', 'Via Monte Bianco 34', 'Torino', NULL, '10100', 'Italy'),
    (10808, 'OLDWO', 2, '1998-01-01 00:00:00.000', '1998-01-29 00:00:00.000', '1998-01-09 00:00:00.000', 3, 45.53, 'Old World Delicatessen', '2743 Bering St.', 'Anchorage', 'AK', '99508', 'USA'),
    (10809, 'WELLI', 7, '1998-01-01 00:00:00.000', '1998-01-29 00:00:00.000', '1998-01-07 00:00:00.000', 1, 4.87, 'Wellington Importadora', 'Rua do Mercado 12', 'Resende', 'SP', '08737-363', 'Brazil'),
    (10810, 'LAUGB', 2, '1998-01-01 00:00:00.000', '1998-01-29 00:00:00.000', '1998-01-07 00:00:00.000', 3, 4.33, 'Laughing Bacchus Wine Cellars', '2319 Elm St.', 'Vancouver', 'BC', 'V3F 2K1', 'Canada'),
    (10811, 'LINOD', 8, '1998-01-02 00:00:00.000', '1998-01-30 00:00:00.000', '1998-01-08 00:00:00.000', 1, 31.22, 'LINO-Delicateses', 'Ave. 5 de Mayo Porlamar', 'I. de Margarita', 'Nueva Esparta', '4980', 'Venezuela'),
    (10812, 'REGGC', 5, '1998-01-02 00:00:00.000', '1998-01-30 00:00:00.000', '1998-01-12 00:00:00.000', 1, 59.78, 'Reggiani Caseifici', 'Strada Provinciale 124', 'Reggio Emilia', NULL, '42100', 'Italy'),
    (10813, 'RICAR', 1, '1998-01-05 00:00:00.000', '1998-02-02 00:00:00.000', '1998-01-09 00:00:00.000', 1, 47.38, 'Ricardo Adocicados', 'Av. Copacabana 267', 'Rio de Janeiro', 'RJ', '02389-890', 'Brazil'),
    (10814, 'VICTE', 3, '1998-01-05 00:00:00.000', '1998-02-02 00:00:00.000', '1998-01-14 00:00:00.000', 3, 130.94, 'Victuailles en stock', '2 rue du Commerce', 'Lyon', NULL, '69004', 'France'),
    (10815, 'SAVEA', 2, '1998-01-05 00:00:00.000', '1998-02-02 00:00:00.000', '1998-01-14 00:00:00.000', 3, 14.62, 'Save-a-lot Markets', '187 Suffolk Ln.', 'Boise', 'ID', '83720', 'USA'),
    (10816, 'GREAL', 4, '1998-01-06 00:00:00.000', '1998-02-03 00:00:00.000', '1998-02-04 00:00:00.000', 2, 719.78, 'Great Lakes Food Market', '2732 Baker Blvd.', 'Eugene', 'OR', '97403', 'USA'),
    (10817, 'KOENE', 3, '1998-01-06 00:00:00.000', '1998-01-20 00:00:00.000', '1998-01-13 00:00:00.000', 2, 306.07, 'Königlich Essen', 'Maubelstr. 90', 'Brandenburg', NULL, '14776', 'Germany'),
    (10818, 'MAGAA', 7, '1998-01-07 00:00:00.000', '1998-02-04 00:00:00.000', '1998-01-12 00:00:00.000', 3, 65.48, 'Magazzini Alimentari Riuniti', 'Via Ludovico il Moro 22', 'Bergamo', NULL, '24100', 'Italy'),
    (10819, 'CACTU', 2, '1998-01-07 00:00:00.000', '1998-02-04 00:00:00.000', '1998-01-16 00:00:00.000', 3, 19.76, 'Cactus Comidas para llevar', 'Cerrito 333', 'Buenos Aires', NULL, '1010', 'Argentina'),
    (10820, 'RATTC', 3, '1998-01-07 00:00:00.000', '1998-02-04 00:00:00.000', '1998-01-13 00:00:00.000', 2, 37.52, 'Rattlesnake Canyon Grocery', '2817 Milton Dr.', 'Albuquerque', 'NM', '87110', 'USA'),
    (10821, 'SPLIR', 1, '1998-01-08 00:00:00.000', '1998-02-05 00:00:00.000', '1998-01-15 00:00:00.000', 1, 36.68, 'Split Rail Beer & Ale', 'P.O. Box 555', 'Lander', 'WY', '82520', 'USA'),
    (10822, 'TRAIH', 6, '1998-01-08 00:00:00.000', '1998-02-05 00:00:00.000', '1998-01-16 00:00:00.000', 3, 7.0, 'Trail''s Head Gourmet Provisioners', '722 DaVinci Blvd.', 'Kirkland', 'WA', '98034', 'USA'),
    (10823, 'LILAS', 5, '1998-01-09 00:00:00.000', '1998-02-06 00:00:00.000', '1998-01-13 00:00:00.000', 2, 163.97, 'LILA-Supermercado', 'Carrera 52 con Ave. Bolívar #65-98 Llano Largo', 'Barquisimeto', 'Lara', '3508', 'Venezuela'),
    (10824, 'FOLKO', 8, '1998-01-09 00:00:00.000', '1998-02-06 00:00:00.000', '1998-01-30 00:00:00.000', 1, 1.23, 'Folk och fä HB', 'Åkergatan 24', 'Bräcke', NULL, 'S-844 67', 'Sweden'),
    (10825, 'DRACD', 1, '1998-01-09 00:00:00.000', '1998-02-06 00:00:00.000', '1998-01-14 00:00:00.000', 1, 79.25, 'Drachenblut Delikatessen', 'Walserweg 21', 'Aachen', NULL, '52066', 'Germany'),
    (10826, 'BLONP', 6, '1998-01-12 00:00:00.000', '1998-02-09 00:00:00.000', '1998-02-06 00:00:00.000', 1, 7.09, 'Blondel père et fils', '24 place Kléber', 'Strasbourg', NULL, '67000', 'France'),
    (10827, 'BONAP', 1, '1998-01-12 00:00:00.000', '1998-01-26 00:00:00.000', '1998-02-06 00:00:00.000', 2, 63.54, 'Bon app''', '12 rue des Bouchers', 'Marseille', NULL, '13008', 'France'),
    (10828, 'RANCH', 9, '1998-01-13 00:00:00.000', '1998-01-27 00:00:00.000', '1998-02-04 00:00:00.000', 1, 90.85, 'Rancho grande', 'Av. del Libertador 900', 'Buenos Aires', NULL, '1010', 'Argentina'),
    (10829, 'ISLAT', 9, '1998-01-13 00:00:00.000', '1998-02-10 00:00:00.000', '1998-01-23 00:00:00.000', 1, 154.72, 'Island Trading', 'Garden House Crowther Way', 'Cowes', 'Isle of Wight', 'PO31 7PJ', 'UK'),
    (10830, 'TRADH', 4, '1998-01-13 00:00:00.000', '1998-02-24 00:00:00.000', '1998-01-21 00:00:00.000', 2, 81.83, 'Tradiçao Hipermercados', 'Av. Inês de Castro 414', 'Sao Paulo', 'SP', '05634-030', 'Brazil'),
    (10831, 'SANTG', 3, '1998-01-14 00:00:00.000', '1998-02-11 00:00:00.000', '1998-01-23 00:00:00.000', 2, 72.19, 'Santé Gourmet', 'Erling Skakkes gate 78', 'Stavern', NULL, '4110', 'Norway'),
    (10832, 'LAMAI', 2, '1998-01-14 00:00:00.000', '1998-02-11 00:00:00.000', '1998-01-19 00:00:00.000', 2, 43.26, 'La maison d''Asie', '1 rue Alsace-Lorraine', 'Toulouse', NULL, '31000', 'France'),
    (10833, 'OTTIK', 6, '1998-01-15 00:00:00.000', '1998-02-12 00:00:00.000', '1998-01-23 00:00:00.000', 2, 71.49, 'Ottilies Käseladen', 'Mehrheimerstr. 369', 'Köln', NULL, '50739', 'Germany'),
    (10834, 'TRADH', 1, '1998-01-15 00:00:00.000', '1998-02-12 00:00:00.000', '1998-01-19 00:00:00.000', 3, 29.78, 'Tradiçao Hipermercados', 'Av. Inês de Castro 414', 'Sao Paulo', 'SP', '05634-030', 'Brazil'),
    (10835, 'ALFKI', 1, '1998-01-15 00:00:00.000', '1998-02-12 00:00:00.000', '1998-01-21 00:00:00.000', 3, 69.53, 'Alfred''s Futterkiste', 'Obere Str. 57', 'Berlin', NULL, '12209', 'Germany'),
    (10836, 'ERNSH', 7, '1998-01-16 00:00:00.000', '1998-02-13 00:00:00.000', '1998-01-21 00:00:00.000', 1, 411.88, 'Ernst Handel', 'Kirchgasse 6', 'Graz', NULL, '8010', 'Austria'),
    (10837, 'BERGS', 9, '1998-01-16 00:00:00.000', '1998-02-13 00:00:00.000', '1998-01-23 00:00:00.000', 3, 13.32, 'Berglunds snabbköp', 'Berguvsvägen  8', 'Luleå', NULL, 'S-958 22', 'Sweden'),
    (10838, 'LINOD', 3, '1998-01-19 00:00:00.000', '1998-02-16 00:00:00.000', '1998-01-23 00:00:00.000', 3, 59.28, 'LINO-Delicateses', 'Ave. 5 de Mayo Porlamar', 'I. de Margarita', 'Nueva Esparta', '4980', 'Venezuela'),
    (10839, 'TRADH', 3, '1998-01-19 00:00:00.000', '1998-02-16 00:00:00.000', '1998-01-22 00:00:00.000', 3, 35.43, 'Tradiçao Hipermercados', 'Av. Inês de Castro 414', 'Sao Paulo', 'SP', '05634-030', 'Brazil'),
    (10840, 'LINOD', 4, '1998-01-19 00:00:00.000', '1998-03-02 00:00:00.000', '1998-02-16 00:00:00.000', 2, 2.71, 'LINO-Delicateses', 'Ave. 5 de Mayo Porlamar', 'I. de Margarita', 'Nueva Esparta', '4980', 'Venezuela'),
    (10841, 'SUPRD', 5, '1998-01-20 00:00:00.000', '1998-02-17 00:00:00.000', '1998-01-29 00:00:00.000', 2, 424.3, 'Suprêmes délices', 'Boulevard Tirou 255', 'Charleroi', NULL, 'B-6000', 'Belgium'),
    (10842, 'TORTU', 1, '1998-01-20 00:00:00.000', '1998-02-17 00:00:00.000', '1998-01-29 00:00:00.000', 3, 54.42, 'Tortuga Restaurante', 'Avda. Azteca 123', 'México D.F.', NULL, '05033', 'Mexico'),
    (10843, 'VICTE', 4, '1998-01-21 00:00:00.000', '1998-02-18 00:00:00.000', '1998-01-26 00:00:00.000', 2, 9.26, 'Victuailles en stock', '2 rue du Commerce', 'Lyon', NULL, '69004', 'France'),
    (10844, 'PICCO', 8, '1998-01-21 00:00:00.000', '1998-02-18 00:00:00.000', '1998-01-26 00:00:00.000', 2, 25.22, 'Piccolo und mehr', 'Geislweg 14', 'Salzburg', NULL, '5020', 'Austria'),
    (10845, 'QUICK', 8, '1998-01-21 00:00:00.000', '1998-02-04 00:00:00.000', '1998-01-30 00:00:00.000', 1, 212.98, 'QUICK-Stop', 'Taucherstraße 10', 'Cunewalde', NULL, '01307', 'Germany'),
    (10846, 'SUPRD', 2, '1998-01-22 00:00:00.000', '1998-03-05 00:00:00.000', '1998-01-23 00:00:00.000', 3, 56.46, 'Suprêmes délices', 'Boulevard Tirou 255', 'Charleroi', NULL, 'B-6000', 'Belgium'),
    (10847, 'SAVEA', 4, '1998-01-22 00:00:00.000', '1998-02-05 00:00:00.000', '1998-02-10 00:00:00.000', 3, 487.57, 'Save-a-lot Markets', '187 Suffolk Ln.', 'Boise', 'ID', '83720', 'USA'),
    (10848, 'CONSH', 7, '1998-01-23 00:00:00.000', '1998-02-20 00:00:00.000', '1998-01-29 00:00:00.000', 2, 38.24, 'Consolidated Holdings', 'Berkeley Gardens 12  Brewery', 'London', NULL, 'WX1 6LT', 'UK'),
    (10849, 'KOENE', 9, '1998-01-23 00:00:00.000', '1998-02-20 00:00:00.000', '1998-01-30 00:00:00.000', 2, 0.56, 'Königlich Essen', 'Maubelstr. 90', 'Brandenburg', NULL, '14776', 'Germany'),
    (10850, 'VICTE', 1, '1998-01-23 00:00:00.000', '1998-03-06 00:00:00.000', '1998-01-30 00:00:00.000', 1, 49.19, 'Victuailles en stock', '2 rue du Commerce', 'Lyon', NULL, '69004', 'France'),
    (10851, 'RICAR', 5, '1998-01-26 00:00:00.000', '1998-02-23 00:00:00.000', '1998-02-02 00:00:00.000', 1, 160.55, 'Ricardo Adocicados', 'Av. Copacabana 267', 'Rio de Janeiro', 'RJ', '02389-890', 'Brazil'),
    (10852, 'RATTC', 8, '1998-01-26 00:00:00.000', '1998-02-09 00:00:00.000', '1998-01-30 00:00:00.000', 1, 174.05, 'Rattlesnake Canyon Grocery', '2817 Milton Dr.', 'Albuquerque', 'NM', '87110', 'USA'),
    (10853, 'BLAUS', 9, '1998-01-27 00:00:00.000', '1998-02-24 00:00:00.000', '1998-02-03 00:00:00.000', 2, 53.83, 'Blauer See Delikatessen', 'Forsterstr. 57', 'Mannheim', NULL, '68306', 'Germany'),
    (10854, 'ERNSH', 3, '1998-01-27 00:00:00.000', '1998-02-24 00:00:00.000', '1998-02-05 00:00:00.000', 2, 100.22, 'Ernst Handel', 'Kirchgasse 6', 'Graz', NULL, '8010', 'Austria'),
    (10855, 'OLDWO', 3, '1998-01-27 00:00:00.000', '1998-02-24 00:00:00.000', '1998-02-04 00:00:00.000', 1, 170.97, 'Old World Delicatessen', '2743 Bering St.', 'Anchorage', 'AK', '99508', 'USA'),
    (10856, 'ANTON', 3, '1998-01-28 00:00:00.000', '1998-02-25 00:00:00.000', '1998-02-10 00:00:00.000', 2, 58.43, 'Antonio Moreno Taquería', 'Mataderos  2312', 'México D.F.', NULL, '05023', 'Mexico'),
    (10857, 'BERGS', 8, '1998-01-28 00:00:00.000', '1998-02-25 00:00:00.000', '1998-02-06 00:00:00.000', 2, 188.85, 'Berglunds snabbköp', 'Berguvsvägen  8', 'Luleå', NULL, 'S-958 22', 'Sweden'),
    (10858, 'LACOR', 2, '1998-01-29 00:00:00.000', '1998-02-26 00:00:00.000', '1998-02-03 00:00:00.000', 1, 52.51, 'La corne d''abondance', '67 avenue de l''Europe', 'Versailles', NULL, '78000', 'France'),
    (10859, 'FRANK', 1, '1998-01-29 00:00:00.000', '1998-02-26 00:00:00.000', '1998-02-02 00:00:00.000', 2, 76.1, 'Frankenversand', 'Berliner Platz 43', 'München', NULL, '80805', 'Germany'),
    (10860, 'FRANR', 3, '1998-01-29 00:00:00.000', '1998-02-26 00:00:00.000', '1998-02-04 00:00:00.000', 3, 19.26, 'France restauration', '54 rue Royale', 'Nantes', NULL, '44000', 'France'),
    (10861, 'WHITC', 4, '1998-01-30 00:00:00.000', '1998-02-27 00:00:00.000', '1998-02-17 00:00:00.000', 2, 14.93, 'White Clover Markets', '1029 - 12th Ave. S.', 'Seattle', 'WA', '98124', 'USA'),
    (10862, 'LEHMS', 8, '1998-01-30 00:00:00.000', '1998-03-13 00:00:00.000', '1998-02-02 00:00:00.000', 2, 53.23, 'Lehmanns Marktstand', 'Magazinweg 7', 'Frankfurt a.M.', NULL, '60528', 'Germany'),
    (10863, 'HILAA', 4, '1998-02-02 00:00:00.000', '1998-03-02 00:00:00.000', '1998-02-17 00:00:00.000', 2, 30.26, 'HILARION-Abastos', 'Carrera 22 con Ave. Carlos Soublette #8-35', 'San Cristóbal', 'Táchira', '5022', 'Venezuela'),
    (10864, 'AROUT', 4, '1998-02-02 00:00:00.000', '1998-03-02 00:00:00.000', '1998-02-09 00:00:00.000', 2, 3.04, 'Around the Horn', 'Brook Farm Stratford St. Mary', 'Colchester', 'Essex', 'CO7 6JX', 'UK'),
    (10865, 'QUICK', 2, '1998-02-02 00:00:00.000', '1998-02-16 00:00:00.000', '1998-02-12 00:00:00.000', 1, 348.14, 'QUICK-Stop', 'Taucherstraße 10', 'Cunewalde', NULL, '01307', 'Germany'),
    (10866, 'BERGS', 5, '1998-02-03 00:00:00.000', '1998-03-03 00:00:00.000', '1998-02-12 00:00:00.000', 1, 109.11, 'Berglunds snabbköp', 'Berguvsvägen  8', 'Luleå', NULL, 'S-958 22', 'Sweden'),
    (10867, 'LONEP', 6, '1998-02-03 00:00:00.000', '1998-03-17 00:00:00.000', '1998-02-11 00:00:00.000', 1, 1.93, 'Lonesome Pine Restaurant', '89 Chiaroscuro Rd.', 'Portland', 'OR', '97219', 'USA'),
    (10868, 'QUEEN', 7, '1998-02-04 00:00:00.000', '1998-03-04 00:00:00.000', '1998-02-23 00:00:00.000', 2, 191.27, 'Queen Cozinha', 'Alameda dos Canàrios 891', 'Sao Paulo', 'SP', '05487-020', 'Brazil'),
    (10869, 'SEVES', 5, '1998-02-04 00:00:00.000', '1998-03-04 00:00:00.000', '1998-02-09 00:00:00.000', 1, 143.28, 'Seven Seas Imports', '90 Wadhurst Rd.', 'London', NULL, 'OX15 4NB', 'UK'),
    (10870, 'WOLZA', 5, '1998-02-04 00:00:00.000', '1998-03-04 00:00:00.000', '1998-02-13 00:00:00.000', 3, 12.04, 'Wolski Zajazd', 'ul. Filtrowa 68', 'Warszawa', NULL, '01-012', 'Poland'),
    (10871, 'BONAP', 9, '1998-02-05 00:00:00.000', '1998-03-05 00:00:00.000', '1998-02-10 00:00:00.000', 2, 112.27, 'Bon app''', '12 rue des Bouchers', 'Marseille', NULL, '13008', 'France'),
    (10872, 'GODOS', 5, '1998-02-05 00:00:00.000', '1998-03-05 00:00:00.000', '1998-02-09 00:00:00.000', 2, 175.32, 'Godos Cocina Típica', 'C/ Romero 33', 'Sevilla', NULL, '41101', 'Spain'),
    (10873, 'WILMK', 4, '1998-02-06 00:00:00.000', '1998-03-06 00:00:00.000', '1998-02-09 00:00:00.000', 1, 0.82, 'Wilman Kala', 'Keskuskatu 45', 'Helsinki', NULL, '21240', 'Finland'),
    (10874, 'GODOS', 5, '1998-02-06 00:00:00.000', '1998-03-06 00:00:00.000', '1998-02-11 00:00:00.000', 2, 19.58, 'Godos Cocina Típica', 'C/ Romero 33', 'Sevilla', NULL, '41101', 'Spain'),
    (10875, 'BERGS', 4, '1998-02-06 00:00:00.000', '1998-03-06 00:00:00.000', '1998-03-03 00:00:00.000', 2, 32.37, 'Berglunds snabbköp', 'Berguvsvägen  8', 'Luleå', NULL, 'S-958 22', 'Sweden'),
    (10876, 'BONAP', 7, '1998-02-09 00:00:00.000', '1998-03-09 00:00:00.000', '1998-02-12 00:00:00.000', 3, 60.42, 'Bon app''', '12 rue des Bouchers', 'Marseille', NULL, '13008', 'France'),
    (10877, 'RICAR', 1, '1998-02-09 00:00:00.000', '1998-03-09 00:00:00.000', '1998-02-19 00:00:00.000', 1, 38.06, 'Ricardo Adocicados', 'Av. Copacabana 267', 'Rio de Janeiro', 'RJ', '02389-890', 'Brazil'),
    (10878, 'QUICK', 4, '1998-02-10 00:00:00.000', '1998-03-10 00:00:00.000', '1998-02-12 00:00:00.000', 1, 46.69, 'QUICK-Stop', 'Taucherstraße 10', 'Cunewalde', NULL, '01307', 'Germany'),
    (10879, 'WILMK', 3, '1998-02-10 00:00:00.000', '1998-03-10 00:00:00.000', '1998-02-12 00:00:00.000', 3, 8.5, 'Wilman Kala', 'Keskuskatu 45', 'Helsinki', NULL, '21240', 'Finland'),
    (10880, 'FOLKO', 7, '1998-02-10 00:00:00.000', '1998-03-24 00:00:00.000', '1998-02-18 00:00:00.000', 1, 88.01, 'Folk och fä HB', 'Åkergatan 24', 'Bräcke', NULL, 'S-844 67', 'Sweden'),
    (10881, 'CACTU', 4, '1998-02-11 00:00:00.000', '1998-03-11 00:00:00.000', '1998-02-18 00:00:00.000', 1, 2.84, 'Cactus Comidas para llevar', 'Cerrito 333', 'Buenos Aires', NULL, '1010', 'Argentina'),
    (10882, 'SAVEA', 4, '1998-02-11 00:00:00.000', '1998-03-11 00:00:00.000', '1998-02-20 00:00:00.000', 3, 23.1, 'Save-a-lot Markets', '187 Suffolk Ln.', 'Boise', 'ID', '83720', 'USA'),
    (10883, 'LONEP', 8, '1998-02-12 00:00:00.000', '1998-03-12 00:00:00.000', '1998-02-20 00:00:00.000', 3, 0.53, 'Lonesome Pine Restaurant', '89 Chiaroscuro Rd.', 'Portland', 'OR', '97219', 'USA'),
    (10884, 'LETSS', 4, '1998-02-12 00:00:00.000', '1998-03-12 00:00:00.000', '1998-02-13 00:00:00.000', 2, 90.97, 'Let''s Stop N Shop', '87 Polk St. Suite 5', 'San Francisco', 'CA', '94117', 'USA'),
    (10885, 'SUPRD', 6, '1998-02-12 00:00:00.000', '1998-03-12 00:00:00.000', '1998-02-18 00:00:00.000', 3, 5.64, 'Suprêmes délices', 'Boulevard Tirou 255', 'Charleroi', NULL, 'B-6000', 'Belgium'),
    (10886, 'HANAR', 1, '1998-02-13 00:00:00.000', '1998-03-13 00:00:00.000', '1998-03-02 00:00:00.000', 1, 4.99, 'Hanari Carnes', 'Rua do Paço 67', 'Rio de Janeiro', 'RJ', '05454-876', 'Brazil'),
    (10887, 'GALED', 8, '1998-02-13 00:00:00.000', '1998-03-13 00:00:00.000', '1998-02-16 00:00:00.000', 3, 1.25, 'Galería del gastronómo', 'Rambla de Cataluña 23', 'Barcelona', NULL, '8022', 'Spain'),
    (10888, 'GODOS', 1, '1998-02-16 00:00:00.000', '1998-03-16 00:00:00.000', '1998-02-23 00:00:00.000', 2, 51.87, 'Godos Cocina Típica', 'C/ Romero 33', 'Sevilla', NULL, '41101', 'Spain'),
    (10889, 'RATTC', 9, '1998-02-16 00:00:00.000', '1998-03-16 00:00:00.000', '1998-02-23 00:00:00.000', 3, 280.61, 'Rattlesnake Canyon Grocery', '2817 Milton Dr.', 'Albuquerque', 'NM', '87110', 'USA'),
    (10890, 'DUMON', 7, '1998-02-16 00:00:00.000', '1998-03-16 00:00:00.000', '1998-02-18 00:00:00.000', 1, 32.76, 'Du monde entier', '67 rue des Cinquante Otages', 'Nantes', NULL, '44000', 'France'),
    (10891, 'LEHMS', 7, '1998-02-17 00:00:00.000', '1998-03-17 00:00:00.000', '1998-02-19 00:00:00.000', 2, 20.37, 'Lehmanns Marktstand', 'Magazinweg 7', 'Frankfurt a.M.', NULL, '60528', 'Germany'),
    (10892, 'MAISD', 4, '1998-02-17 00:00:00.000', '1998-03-17 00:00:00.000', '1998-02-19 00:00:00.000', 2, 120.27, 'Maison Dewey', 'Rue Joseph-Bens 532', 'Bruxelles', NULL, 'B-1180', 'Belgium'),
    (10893, 'KOENE', 9, '1998-02-18 00:00:00.000', '1998-03-18 00:00:00.000', '1998-02-20 00:00:00.000', 2, 77.78, 'Königlich Essen', 'Maubelstr. 90', 'Brandenburg', NULL, '14776', 'Germany'),
    (10894, 'SAVEA', 1, '1998-02-18 00:00:00.000', '1998-03-18 00:00:00.000', '1998-02-20 00:00:00.000', 1, 116.13, 'Save-a-lot Markets', '187 Suffolk Ln.', 'Boise', 'ID', '83720', 'USA'),
    (10895, 'ERNSH', 3, '1998-02-18 00:00:00.000', '1998-03-18 00:00:00.000', '1998-02-23 00:00:00.000', 1, 162.75, 'Ernst Handel', 'Kirchgasse 6', 'Graz', NULL, '8010', 'Austria'),
    (10896, 'MAISD', 7, '1998-02-19 00:00:00.000', '1998-03-19 00:00:00.000', '1998-02-27 00:00:00.000', 3, 32.45, 'Maison Dewey', 'Rue Joseph-Bens 532', 'Bruxelles', NULL, 'B-1180', 'Belgium'),
    (10897, 'HUNGO', 3, '1998-02-19 00:00:00.000', '1998-03-19 00:00:00.000', '1998-02-25 00:00:00.000', 2, 603.54, 'Hungry Owl All-Night Grocers', '8 Johnstown Road', 'Cork', 'Co. Cork', NULL, 'Ireland'),
    (10898, 'OCEAN', 4, '1998-02-20 00:00:00.000', '1998-03-20 00:00:00.000', '1998-03-06 00:00:00.000', 2, 1.27, 'Océano Atlántico Ltda.', 'Ing. Gustavo Moncada 8585 Piso 20-A', 'Buenos Aires', NULL, '1010', 'Argentina'),
    (10899, 'LILAS', 5, '1998-02-20 00:00:00.000', '1998-03-20 00:00:00.000', '1998-02-26 00:00:00.000', 3, 1.21, 'LILA-Supermercado', 'Carrera 52 con Ave. Bolívar #65-98 Llano Largo', 'Barquisimeto', 'Lara', '3508', 'Venezuela'),
    (10900, 'WELLI', 1, '1998-02-20 00:00:00.000', '1998-03-20 00:00:00.000', '1998-03-04 00:00:00.000', 2, 1.66, 'Wellington Importadora', 'Rua do Mercado 12', 'Resende', 'SP', '08737-363', 'Brazil'),
    (10901, 'HILAA', 4, '1998-02-23 00:00:00.000', '1998-03-23 00:00:00.000', '1998-02-26 00:00:00.000', 1, 62.09, 'HILARION-Abastos', 'Carrera 22 con Ave. Carlos Soublette #8-35', 'San Cristóbal', 'Táchira', '5022', 'Venezuela'),
    (10902, 'FOLKO', 1, '1998-02-23 00:00:00.000', '1998-03-23 00:00:00.000', '1998-03-03 00:00:00.000', 1, 44.15, 'Folk och fä HB', 'Åkergatan 24', 'Bräcke', NULL, 'S-844 67', 'Sweden'),
    (10903, 'HANAR', 3, '1998-02-24 00:00:00.000', '1998-03-24 00:00:00.000', '1998-03-04 00:00:00.000', 3, 36.71, 'Hanari Carnes', 'Rua do Paço 67', 'Rio de Janeiro', 'RJ', '05454-876', 'Brazil'),
    (10904, 'WHITC', 3, '1998-02-24 00:00:00.000', '1998-03-24 00:00:00.000', '1998-02-27 00:00:00.000', 3, 162.95, 'White Clover Markets', '1029 - 12th Ave. S.', 'Seattle', 'WA', '98124', 'USA'),
    (10905, 'WELLI', 9, '1998-02-24 00:00:00.000', '1998-03-24 00:00:00.000', '1998-03-06 00:00:00.000', 2, 13.72, 'Wellington Importadora', 'Rua do Mercado 12', 'Resende', 'SP', '08737-363', 'Brazil'),
    (10906, 'WOLZA', 4, '1998-02-25 00:00:00.000', '1998-03-11 00:00:00.000', '1998-03-03 00:00:00.000', 3, 26.29, 'Wolski Zajazd', 'ul. Filtrowa 68', 'Warszawa', NULL, '01-012', 'Poland'),
    (10907, 'SPECD', 6, '1998-02-25 00:00:00.000', '1998-03-25 00:00:00.000', '1998-02-27 00:00:00.000', 3, 9.19, 'Spécialités du monde', '25 rue Lauriston', 'Paris', NULL, '75016', 'France'),
    (10908, 'REGGC', 4, '1998-02-26 00:00:00.000', '1998-03-26 00:00:00.000', '1998-03-06 00:00:00.000', 2, 32.96, 'Reggiani Caseifici', 'Strada Provinciale 124', 'Reggio Emilia', NULL, '42100', 'Italy'),
    (10909, 'SANTG', 1, '1998-02-26 00:00:00.000', '1998-03-26 00:00:00.000', '1998-03-10 00:00:00.000', 2, 53.05, 'Santé Gourmet', 'Erling Skakkes gate 78', 'Stavern', NULL, '4110', 'Norway'),
    (10910, 'WILMK', 1, '1998-02-26 00:00:00.000', '1998-03-26 00:00:00.000', '1998-03-04 00:00:00.000', 3, 38.11, 'Wilman Kala', 'Keskuskatu 45', 'Helsinki', NULL, '21240', 'Finland'),
    (10911, 'GODOS', 3, '1998-02-26 00:00:00.000', '1998-03-26 00:00:00.000', '1998-03-05 00:00:00.000', 1, 38.19, 'Godos Cocina Típica', 'C/ Romero 33', 'Sevilla', NULL, '41101', 'Spain'),
    (10912, 'HUNGO', 2, '1998-02-26 00:00:00.000', '1998-03-26 00:00:00.000', '1998-03-18 00:00:00.000', 2, 580.91, 'Hungry Owl All-Night Grocers', '8 Johnstown Road', 'Cork', 'Co. Cork', NULL, 'Ireland'),
    (10913, 'QUEEN', 4, '1998-02-26 00:00:00.000', '1998-03-26 00:00:00.000', '1998-03-04 00:00:00.000', 1, 33.05, 'Queen Cozinha', 'Alameda dos Canàrios 891', 'Sao Paulo', 'SP', '05487-020', 'Brazil'),
    (10914, 'QUEEN', 6, '1998-02-27 00:00:00.000', '1998-03-27 00:00:00.000', '1998-03-02 00:00:00.000', 1, 21.19, 'Queen Cozinha', 'Alameda dos Canàrios 891', 'Sao Paulo', 'SP', '05487-020', 'Brazil'),
    (10915, 'TORTU', 2, '1998-02-27 00:00:00.000', '1998-03-27 00:00:00.000', '1998-03-02 00:00:00.000', 2, 3.51, 'Tortuga Restaurante', 'Avda. Azteca 123', 'México D.F.', NULL, '05033', 'Mexico'),
    (10916, 'RANCH', 1, '1998-02-27 00:00:00.000', '1998-03-27 00:00:00.000', '1998-03-09 00:00:00.000', 2, 63.77, 'Rancho grande', 'Av. del Libertador 900', 'Buenos Aires', NULL, '1010', 'Argentina'),
    (10917, 'ROMEY', 4, '1998-03-02 00:00:00.000', '1998-03-30 00:00:00.000', '1998-03-11 00:00:00.000', 2, 8.29, 'Romero y tomillo', 'Gran Vía 1', 'Madrid', NULL, '28001', 'Spain'),
    (10918, 'BOTTM', 3, '1998-03-02 00:00:00.000', '1998-03-30 00:00:00.000', '1998-03-11 00:00:00.000', 3, 48.83, 'Bottom-Dollar Markets', '23 Tsawassen Blvd.', 'Tsawassen', 'BC', 'T2F 8M4', 'Canada'),
    (10919, 'LINOD', 2, '1998-03-02 00:00:00.000', '1998-03-30 00:00:00.000', '1998-03-04 00:00:00.000', 2, 19.8, 'LINO-Delicateses', 'Ave. 5 de Mayo Porlamar', 'I. de Margarita', 'Nueva Esparta', '4980', 'Venezuela'),
    (10920, 'AROUT', 4, '1998-03-03 00:00:00.000', '1998-03-31 00:00:00.000', '1998-03-09 00:00:00.000', 2, 29.61, 'Around the Horn', 'Brook Farm Stratford St. Mary', 'Colchester', 'Essex', 'CO7 6JX', 'UK'),
    (10921, 'VAFFE', 1, '1998-03-03 00:00:00.000', '1998-04-14 00:00:00.000', '1998-03-09 00:00:00.000', 1, 176.48, 'Vaffeljernet', 'Smagsloget 45', 'Århus', NULL, '8200', 'Denmark'),
    (10922, 'HANAR', 5, '1998-03-03 00:00:00.000', '1998-03-31 00:00:00.000', '1998-03-05 00:00:00.000', 3, 62.74, 'Hanari Carnes', 'Rua do Paço 67', 'Rio de Janeiro', 'RJ', '05454-876', 'Brazil'),
    (10923, 'LAMAI', 7, '1998-03-03 00:00:00.000', '1998-04-14 00:00:00.000', '1998-03-13 00:00:00.000', 3, 68.26, 'La maison d''Asie', '1 rue Alsace-Lorraine', 'Toulouse', NULL, '31000', 'France'),
    (10924, 'BERGS', 3, '1998-03-04 00:00:00.000', '1998-04-01 00:00:00.000', '1998-04-08 00:00:00.000', 2, 151.52, 'Berglunds snabbköp', 'Berguvsvägen  8', 'Luleå', NULL, 'S-958 22', 'Sweden'),
    (10925, 'HANAR', 3, '1998-03-04 00:00:00.000', '1998-04-01 00:00:00.000', '1998-03-13 00:00:00.000', 1, 2.27, 'Hanari Carnes', 'Rua do Paço 67', 'Rio de Janeiro', 'RJ', '05454-876', 'Brazil'),
    (10926, 'ANATR', 4, '1998-03-04 00:00:00.000', '1998-04-01 00:00:00.000', '1998-03-11 00:00:00.000', 3, 39.92, 'Ana Trujillo Emparedados y helados', 'Avda. de la Constitución 2222', 'México D.F.', NULL, '05021', 'Mexico'),
    (10927, 'LACOR', 4, '1998-03-05 00:00:00.000', '1998-04-02 00:00:00.000', '1998-04-08 00:00:00.000', 1, 19.79, 'La corne d''abondance', '67 avenue de l''Europe', 'Versailles', NULL, '78000', 'France'),
    (10928, 'GALED', 1, '1998-03-05 00:00:00.000', '1998-04-02 00:00:00.000', '1998-03-18 00:00:00.000', 1, 1.36, 'Galería del gastronómo', 'Rambla de Cataluña 23', 'Barcelona', NULL, '8022', 'Spain'),
    (10929, 'FRANK', 6, '1998-03-05 00:00:00.000', '1998-04-02 00:00:00.000', '1998-03-12 00:00:00.000', 1, 33.93, 'Frankenversand', 'Berliner Platz 43', 'München', NULL, '80805', 'Germany'),
    (10930, 'SUPRD', 4, '1998-03-06 00:00:00.000', '1998-04-17 00:00:00.000', '1998-03-18 00:00:00.000', 3, 15.55, 'Suprêmes délices', 'Boulevard Tirou 255', 'Charleroi', NULL, 'B-6000', 'Belgium'),
    (10931, 'RICSU', 4, '1998-03-06 00:00:00.000', '1998-03-20 00:00:00.000', '1998-03-19 00:00:00.000', 2, 13.6, 'Richter Supermarkt', 'Starenweg 5', 'Genève', NULL, '1204', 'Switzerland'),
    (10932, 'BONAP', 8, '1998-03-06 00:00:00.000', '1998-04-03 00:00:00.000', '1998-03-24 00:00:00.000', 1, 134.64, 'Bon app''', '12 rue des Bouchers', 'Marseille', NULL, '13008', 'France'),
    (10933, 'ISLAT', 6, '1998-03-06 00:00:00.000', '1998-04-03 00:00:00.000', '1998-03-16 00:00:00.000', 3, 54.15, 'Island Trading', 'Garden House Crowther Way', 'Cowes', 'Isle of Wight', 'PO31 7PJ', 'UK'),
    (10934, 'LEHMS', 3, '1998-03-09 00:00:00.000', '1998-04-06 00:00:00.000', '1998-03-12 00:00:00.000', 3, 32.01, 'Lehmanns Marktstand', 'Magazinweg 7', 'Frankfurt a.M.', NULL, '60528', 'Germany'),
    (10935, 'WELLI', 4, '1998-03-09 00:00:00.000', '1998-04-06 00:00:00.000', '1998-03-18 00:00:00.000', 3, 47.59, 'Wellington Importadora', 'Rua do Mercado 12', 'Resende', 'SP', '08737-363', 'Brazil'),
    (10936, 'GREAL', 3, '1998-03-09 00:00:00.000', '1998-04-06 00:00:00.000', '1998-03-18 00:00:00.000', 2, 33.68, 'Great Lakes Food Market', '2732 Baker Blvd.', 'Eugene', 'OR', '97403', 'USA'),
    (10937, 'CACTU', 7, '1998-03-10 00:00:00.000', '1998-03-24 00:00:00.000', '1998-03-13 00:00:00.000', 3, 31.51, 'Cactus Comidas para llevar', 'Cerrito 333', 'Buenos Aires', NULL, '1010', 'Argentina'),
    (10938, 'QUICK', 3, '1998-03-10 00:00:00.000', '1998-04-07 00:00:00.000', '1998-03-16 00:00:00.000', 2, 31.89, 'QUICK-Stop', 'Taucherstraße 10', 'Cunewalde', NULL, '01307', 'Germany'),
    (10939, 'MAGAA', 2, '1998-03-10 00:00:00.000', '1998-04-07 00:00:00.000', '1998-03-13 00:00:00.000', 2, 76.33, 'Magazzini Alimentari Riuniti', 'Via Ludovico il Moro 22', 'Bergamo', NULL, '24100', 'Italy'),
    (10940, 'BONAP', 8, '1998-03-11 00:00:00.000', '1998-04-08 00:00:00.000', '1998-03-23 00:00:00.000', 3, 19.77, 'Bon app''', '12 rue des Bouchers', 'Marseille', NULL, '13008', 'France'),
    (10941, 'SAVEA', 7, '1998-03-11 00:00:00.000', '1998-04-08 00:00:00.000', '1998-03-20 00:00:00.000', 2, 400.81, 'Save-a-lot Markets', '187 Suffolk Ln.', 'Boise', 'ID', '83720', 'USA'),
    (10942, 'REGGC', 9, '1998-03-11 00:00:00.000', '1998-04-08 00:00:00.000', '1998-03-18 00:00:00.000', 3, 17.95, 'Reggiani Caseifici', 'Strada Provinciale 124', 'Reggio Emilia', NULL, '42100', 'Italy'),
    (10943, 'BSBEV', 4, '1998-03-11 00:00:00.000', '1998-04-08 00:00:00.000', '1998-03-19 00:00:00.000', 2, 2.17, 'B''s Beverages', 'Fauntleroy Circus', 'London', NULL, 'EC2 5NT', 'UK'),
    (10944, 'BOTTM', 6, '1998-03-12 00:00:00.000', '1998-03-26 00:00:00.000', '1998-03-13 00:00:00.000', 3, 52.92, 'Bottom-Dollar Markets', '23 Tsawassen Blvd.', 'Tsawassen', 'BC', 'T2F 8M4', 'Canada'),
    (10945, 'MORGK', 4, '1998-03-12 00:00:00.000', '1998-04-09 00:00:00.000', '1998-03-18 00:00:00.000', 1, 10.22, 'Morgenstern Gesundkost', 'Heerstr. 22', 'Leipzig', NULL, '04179', 'Germany'),
    (10946, 'VAFFE', 1, '1998-03-12 00:00:00.000', '1998-04-09 00:00:00.000', '1998-03-19 00:00:00.000', 2, 27.2, 'Vaffeljernet', 'Smagsloget 45', 'Århus', NULL, '8200', 'Denmark'),
    (10947, 'BSBEV', 3, '1998-03-13 00:00:00.000', '1998-04-10 00:00:00.000', '1998-03-16 00:00:00.000', 2, 3.26, 'B''s Beverages', 'Fauntleroy Circus', 'London', NULL, 'EC2 5NT', 'UK'),
    (10948, 'GODOS', 3, '1998-03-13 00:00:00.000', '1998-04-10 00:00:00.000', '1998-03-19 00:00:00.000', 3, 23.39, 'Godos Cocina Típica', 'C/ Romero 33', 'Sevilla', NULL, '41101', 'Spain'),
    (10949, 'BOTTM', 2, '1998-03-13 00:00:00.000', '1998-04-10 00:00:00.000', '1998-03-17 00:00:00.000', 3, 74.44, 'Bottom-Dollar Markets', '23 Tsawassen Blvd.', 'Tsawassen', 'BC', 'T2F 8M4', 'Canada'),
    (10950, 'MAGAA', 1, '1998-03-16 00:00:00.000', '1998-04-13 00:00:00.000', '1998-03-23 00:00:00.000', 2, 2.5, 'Magazzini Alimentari Riuniti', 'Via Ludovico il Moro 22', 'Bergamo', NULL, '24100', 'Italy'),
    (10951, 'RICSU', 9, '1998-03-16 00:00:00.000', '1998-04-27 00:00:00.000', '1998-04-07 00:00:00.000', 2, 30.85, 'Richter Supermarkt', 'Starenweg 5', 'Genève', NULL, '1204', 'Switzerland'),
    (10952, 'ALFKI', 1, '1998-03-16 00:00:00.000', '1998-04-27 00:00:00.000', '1998-03-24 00:00:00.000', 1, 40.42, 'Alfred''s Futterkiste', 'Obere Str. 57', 'Berlin', NULL, '12209', 'Germany'),
    (10953, 'AROUT', 9, '1998-03-16 00:00:00.000', '1998-03-30 00:00:00.000', '1998-03-25 00:00:00.000', 2, 23.72, 'Around the Horn', 'Brook Farm Stratford St. Mary', 'Colchester', 'Essex', 'CO7 6JX', 'UK'),
    (10954, 'LINOD', 5, '1998-03-17 00:00:00.000', '1998-04-28 00:00:00.000', '1998-03-20 00:00:00.000', 1, 27.91, 'LINO-Delicateses', 'Ave. 5 de Mayo Porlamar', 'I. de Margarita', 'Nueva Esparta', '4980', 'Venezuela'),
    (10955, 'FOLKO', 8, '1998-03-17 00:00:00.000', '1998-04-14 00:00:00.000', '1998-03-20 00:00:00.000', 2, 3.26, 'Folk och fä HB', 'Åkergatan 24', 'Bräcke', NULL, 'S-844 67', 'Sweden'),
    (10956, 'BLAUS', 6, '1998-03-17 00:00:00.000', '1998-04-28 00:00:00.000', '1998-03-20 00:00:00.000', 2, 44.65, 'Blauer See Delikatessen', 'Forsterstr. 57', 'Mannheim', NULL, '68306', 'Germany'),
    (10957, 'HILAA', 8, '1998-03-18 00:00:00.000', '1998-04-15 00:00:00.000', '1998-03-27 00:00:00.000', 3, 105.36, 'HILARION-Abastos', 'Carrera 22 con Ave. Carlos Soublette #8-35', 'San Cristóbal', 'Táchira', '5022', 'Venezuela'),
    (10958, 'OCEAN', 7, '1998-03-18 00:00:00.000', '1998-04-15 00:00:00.000', '1998-03-27 00:00:00.000', 2, 49.56, 'Océano Atlántico Ltda.', 'Ing. Gustavo Moncada 8585 Piso 20-A', 'Buenos Aires', NULL, '1010', 'Argentina'),
    (10959, 'GOURL', 6, '1998-03-18 00:00:00.000', '1998-04-29 00:00:00.000', '1998-03-23 00:00:00.000', 2, 4.98, 'Gourmet Lanchonetes', 'Av. Brasil 442', 'Campinas', 'SP', '04876-786', 'Brazil'),
    (10960, 'HILAA', 3, '1998-03-19 00:00:00.000', '1998-04-02 00:00:00.000', '1998-04-08 00:00:00.000', 1, 2.08, 'HILARION-Abastos', 'Carrera 22 con Ave. Carlos Soublette #8-35', 'San Cristóbal', 'Táchira', '5022', 'Venezuela'),
    (10961, 'QUEEN', 8, '1998-03-19 00:00:00.000', '1998-04-16 00:00:00.000', '1998-03-30 00:00:00.000', 1, 104.47, 'Queen Cozinha', 'Alameda dos Canàrios 891', 'Sao Paulo', 'SP', '05487-020', 'Brazil'),
    (10962, 'QUICK', 8, '1998-03-19 00:00:00.000', '1998-04-16 00:00:00.000', '1998-03-23 00:00:00.000', 2, 275.79, 'QUICK-Stop', 'Taucherstraße 10', 'Cunewalde', NULL, '01307', 'Germany'),
    (10963, 'FURIB', 9, '1998-03-19 00:00:00.000', '1998-04-16 00:00:00.000', '1998-03-26 00:00:00.000', 3, 2.7, 'Furia Bacalhau e Frutos do Mar', 'Jardim das rosas n. 32', 'Lisboa', NULL, '1675', 'Portugal'),
    (10964, 'SPECD', 3, '1998-03-20 00:00:00.000', '1998-04-17 00:00:00.000', '1998-03-24 00:00:00.000', 2, 87.38, 'Spécialités du monde', '25 rue Lauriston', 'Paris', NULL, '75016', 'France'),
    (10965, 'OLDWO', 6, '1998-03-20 00:00:00.000', '1998-04-17 00:00:00.000', '1998-03-30 00:00:00.000', 3, 144.38, 'Old World Delicatessen', '2743 Bering St.', 'Anchorage', 'AK', '99508', 'USA'),
    (10966, 'CHOPS', 4, '1998-03-20 00:00:00.000', '1998-04-17 00:00:00.000', '1998-04-08 00:00:00.000', 1, 27.19, 'Chop-suey Chinese', 'Hauptstr. 31', 'Bern', NULL, '3012', 'Switzerland'),
    (10967, 'TOMSP', 2, '1998-03-23 00:00:00.000', '1998-04-20 00:00:00.000', '1998-04-02 00:00:00.000', 2, 62.22, 'Toms Spezialitäten', 'Luisenstr. 48', 'Münster', NULL, '44087', 'Germany'),
    (10968, 'ERNSH', 1, '1998-03-23 00:00:00.000', '1998-04-20 00:00:00.000', '1998-04-01 00:00:00.000', 3, 74.6, 'Ernst Handel', 'Kirchgasse 6', 'Graz', NULL, '8010', 'Austria'),
    (10969, 'COMMI', 1, '1998-03-23 00:00:00.000', '1998-04-20 00:00:00.000', '1998-03-30 00:00:00.000', 2, 0.21, 'Comércio Mineiro', 'Av. dos Lusíadas 23', 'Sao Paulo', 'SP', '05432-043', 'Brazil'),
    (10970, 'BOLID', 9, '1998-03-24 00:00:00.000', '1998-04-07 00:00:00.000', '1998-04-24 00:00:00.000', 1, 16.16, 'Bólido Comidas preparadas', 'C/ Araquil 67', 'Madrid', NULL, '28023', 'Spain'),
    (10971, 'FRANR', 2, '1998-03-24 00:00:00.000', '1998-04-21 00:00:00.000', '1998-04-02 00:00:00.000', 2, 121.82, 'France restauration', '54 rue Royale', 'Nantes', NULL, '44000', 'France'),
    (10972, 'LACOR', 4, '1998-03-24 00:00:00.000', '1998-04-21 00:00:00.000', '1998-03-26 00:00:00.000', 2, 0.02, 'La corne d''abondance', '67 avenue de l''Europe', 'Versailles', NULL, '78000', 'France'),
    (10973, 'LACOR', 6, '1998-03-24 00:00:00.000', '1998-04-21 00:00:00.000', '1998-03-27 00:00:00.000', 2, 15.17, 'La corne d''abondance', '67 avenue de l''Europe', 'Versailles', NULL, '78000', 'France'),
    (10974, 'SPLIR', 3, '1998-03-25 00:00:00.000', '1998-04-08 00:00:00.000', '1998-04-03 00:00:00.000', 3, 12.96, 'Split Rail Beer & Ale', 'P.O. Box 555', 'Lander', 'WY', '82520', 'USA'),
    (10975, 'BOTTM', 1, '1998-03-25 00:00:00.000', '1998-04-22 00:00:00.000', '1998-03-27 00:00:00.000', 3, 32.27, 'Bottom-Dollar Markets', '23 Tsawassen Blvd.', 'Tsawassen', 'BC', 'T2F 8M4', 'Canada'),
    (10976, 'HILAA', 1, '1998-03-25 00:00:00.000', '1998-05-06 00:00:00.000', '1998-04-03 00:00:00.000', 1, 37.97, 'HILARION-Abastos', 'Carrera 22 con Ave. Carlos Soublette #8-35', 'San Cristóbal', 'Táchira', '5022', 'Venezuela'),
    (10977, 'FOLKO', 8, '1998-03-26 00:00:00.000', '1998-04-23 00:00:00.000', '1998-04-10 00:00:00.000', 3, 208.5, 'Folk och fä HB', 'Åkergatan 24', 'Bräcke', NULL, 'S-844 67', 'Sweden'),
    (10978, 'MAISD', 9, '1998-03-26 00:00:00.000', '1998-04-23 00:00:00.000', '1998-04-23 00:00:00.000', 2, 32.82, 'Maison Dewey', 'Rue Joseph-Bens 532', 'Bruxelles', NULL, 'B-1180', 'Belgium'),
    (10979, 'ERNSH', 8, '1998-03-26 00:00:00.000', '1998-04-23 00:00:00.000', '1998-03-31 00:00:00.000', 2, 353.07, 'Ernst Handel', 'Kirchgasse 6', 'Graz', NULL, '8010', 'Austria'),
    (10980, 'FOLKO', 4, '1998-03-27 00:00:00.000', '1998-05-08 00:00:00.000', '1998-04-17 00:00:00.000', 1, 1.26, 'Folk och fä HB', 'Åkergatan 24', 'Bräcke', NULL, 'S-844 67', 'Sweden'),
    (10981, 'HANAR', 1, '1998-03-27 00:00:00.000', '1998-04-24 00:00:00.000', '1998-04-02 00:00:00.000', 2, 193.37, 'Hanari Carnes', 'Rua do Paço 67', 'Rio de Janeiro', 'RJ', '05454-876', 'Brazil'),
    (10982, 'BOTTM', 2, '1998-03-27 00:00:00.000', '1998-04-24 00:00:00.000', '1998-04-08 00:00:00.000', 1, 14.01, 'Bottom-Dollar Markets', '23 Tsawassen Blvd.', 'Tsawassen', 'BC', 'T2F 8M4', 'Canada'),
    (10983, 'SAVEA', 2, '1998-03-27 00:00:00.000', '1998-04-24 00:00:00.000', '1998-04-06 00:00:00.000', 2, 657.54, 'Save-a-lot Markets', '187 Suffolk Ln.', 'Boise', 'ID', '83720', 'USA'),
    (10984, 'SAVEA', 1, '1998-03-30 00:00:00.000', '1998-04-27 00:00:00.000', '1998-04-03 00:00:00.000', 3, 211.22, 'Save-a-lot Markets', '187 Suffolk Ln.', 'Boise', 'ID', '83720', 'USA'),
    (10985, 'HUNGO', 2, '1998-03-30 00:00:00.000', '1998-04-27 00:00:00.000', '1998-04-02 00:00:00.000', 1, 91.51, 'Hungry Owl All-Night Grocers', '8 Johnstown Road', 'Cork', 'Co. Cork', NULL, 'Ireland'),
    (10986, 'OCEAN', 8, '1998-03-30 00:00:00.000', '1998-04-27 00:00:00.000', '1998-04-21 00:00:00.000', 2, 217.86, 'Océano Atlántico Ltda.', 'Ing. Gustavo Moncada 8585 Piso 20-A', 'Buenos Aires', NULL, '1010', 'Argentina'),
    (10987, 'EASTC', 8, '1998-03-31 00:00:00.000', '1998-04-28 00:00:00.000', '1998-04-06 00:00:00.000', 1, 185.48, 'Eastern Connection', '35 King George', 'London', NULL, 'WX3 6FW', 'UK'),
    (10988, 'RATTC', 3, '1998-03-31 00:00:00.000', '1998-04-28 00:00:00.000', '1998-04-10 00:00:00.000', 2, 61.14, 'Rattlesnake Canyon Grocery', '2817 Milton Dr.', 'Albuquerque', 'NM', '87110', 'USA'),
    (10989, 'QUEDE', 2, '1998-03-31 00:00:00.000', '1998-04-28 00:00:00.000', '1998-04-02 00:00:00.000', 1, 34.76, 'Que Delícia', 'Rua da Panificadora 12', 'Rio de Janeiro', 'RJ', '02389-673', 'Brazil'),
    (10990, 'ERNSH', 2, '1998-04-01 00:00:00.000', '1998-05-13 00:00:00.000', '1998-04-07 00:00:00.000', 3, 117.61, 'Ernst Handel', 'Kirchgasse 6', 'Graz', NULL, '8010', 'Austria'),
    (10991, 'QUICK', 1, '1998-04-01 00:00:00.000', '1998-04-29 00:00:00.000', '1998-04-07 00:00:00.000', 1, 38.51, 'QUICK-Stop', 'Taucherstraße 10', 'Cunewalde', NULL, '01307', 'Germany'),
    (10992, 'THEBI', 1, '1998-04-01 00:00:00.000', '1998-04-29 00:00:00.000', '1998-04-03 00:00:00.000', 3, 4.27, 'The Big Cheese', '89 Jefferson Way Suite 2', 'Portland', 'OR', '97201', 'USA'),
    (10993, 'FOLKO', 7, '1998-04-01 00:00:00.000', '1998-04-29 00:00:00.000', '1998-04-10 00:00:00.000', 3, 8.81, 'Folk och fä HB', 'Åkergatan 24', 'Bräcke', NULL, 'S-844 67', 'Sweden'),
    (10994, 'VAFFE', 2, '1998-04-02 00:00:00.000', '1998-04-16 00:00:00.000', '1998-04-09 00:00:00.000', 3, 65.53, 'Vaffeljernet', 'Smagsloget 45', 'Århus', NULL, '8200', 'Denmark'),
    (10995, 'PERIC', 1, '1998-04-02 00:00:00.000', '1998-04-30 00:00:00.000', '1998-04-06 00:00:00.000', 3, 46.0, 'Pericles Comidas clásicas', 'Calle Dr. Jorge Cash 321', 'México D.F.', NULL, '05033', 'Mexico'),
    (10996, 'QUICK', 4, '1998-04-02 00:00:00.000', '1998-04-30 00:00:00.000', '1998-04-10 00:00:00.000', 2, 1.12, 'QUICK-Stop', 'Taucherstraße 10', 'Cunewalde', NULL, '01307', 'Germany'),
    (10997, 'LILAS', 8, '1998-04-03 00:00:00.000', '1998-05-15 00:00:00.000', '1998-04-13 00:00:00.000', 2, 73.91, 'LILA-Supermercado', 'Carrera 52 con Ave. Bolívar #65-98 Llano Largo', 'Barquisimeto', 'Lara', '3508', 'Venezuela'),
    (10998, 'WOLZA', 8, '1998-04-03 00:00:00.000', '1998-04-17 00:00:00.000', '1998-04-17 00:00:00.000', 2, 20.31, 'Wolski Zajazd', 'ul. Filtrowa 68', 'Warszawa', NULL, '01-012', 'Poland'),
    (10999, 'OTTIK', 6, '1998-04-03 00:00:00.000', '1998-05-01 00:00:00.000', '1998-04-10 00:00:00.000', 2, 96.35, 'Ottilies Käseladen', 'Mehrheimerstr. 369', 'Köln', NULL, '50739', 'Germany'),
    (11000, 'RATTC', 2, '1998-04-06 00:00:00.000', '1998-05-04 00:00:00.000', '1998-04-14 00:00:00.000', 3, 55.12, 'Rattlesnake Canyon Grocery', '2817 Milton Dr.', 'Albuquerque', 'NM', '87110', 'USA'),
    (11001, 'FOLKO', 2, '1998-04-06 00:00:00.000', '1998-05-04 00:00:00.000', '1998-04-14 00:00:00.000', 2, 197.3, 'Folk och fä HB', 'Åkergatan 24', 'Bräcke', NULL, 'S-844 67', 'Sweden'),
    (11002, 'SAVEA', 4, '1998-04-06 00:00:00.000', '1998-05-04 00:00:00.000', '1998-04-16 00:00:00.000', 1, 141.16, 'Save-a-lot Markets', '187 Suffolk Ln.', 'Boise', 'ID', '83720', 'USA'),
    (11003, 'THECR', 3, '1998-04-06 00:00:00.000', '1998-05-04 00:00:00.000', '1998-04-08 00:00:00.000', 3, 14.91, 'The Cracker Box', '55 Grizzly Peak Rd.', 'Butte', 'MT', '59801', 'USA'),
    (11004, 'MAISD', 3, '1998-04-07 00:00:00.000', '1998-05-05 00:00:00.000', '1998-04-20 00:00:00.000', 1, 44.84, 'Maison Dewey', 'Rue Joseph-Bens 532', 'Bruxelles', NULL, 'B-1180', 'Belgium'),
    (11005, 'WILMK', 2, '1998-04-07 00:00:00.000', '1998-05-05 00:00:00.000', '1998-04-10 00:00:00.000', 1, 0.75, 'Wilman Kala', 'Keskuskatu 45', 'Helsinki', NULL, '21240', 'Finland'),
    (11006, 'GREAL', 3, '1998-04-07 00:00:00.000', '1998-05-05 00:00:00.000', '1998-04-15 00:00:00.000', 2, 25.19, 'Great Lakes Food Market', '2732 Baker Blvd.', 'Eugene', 'OR', '97403', 'USA'),
    (11007, 'PRINI', 8, '1998-04-08 00:00:00.000', '1998-05-06 00:00:00.000', '1998-04-13 00:00:00.000', 2, 202.24, 'Princesa Isabel Vinhos', 'Estrada da saúde n. 58', 'Lisboa', NULL, '1756', 'Portugal'),
    (11008, 'ERNSH', 7, '1998-04-08 00:00:00.000', '1998-05-06 00:00:00.000', NULL, 3, 79.46, 'Ernst Handel', 'Kirchgasse 6', 'Graz', NULL, '8010', 'Austria'),
    (11009, 'GODOS', 2, '1998-04-08 00:00:00.000', '1998-05-06 00:00:00.000', '1998-04-10 00:00:00.000', 1, 59.11, 'Godos Cocina Típica', 'C/ Romero 33', 'Sevilla', NULL, '41101', 'Spain'),
    (11010, 'REGGC', 2, '1998-04-09 00:00:00.000', '1998-05-07 00:00:00.000', '1998-04-21 00:00:00.000', 2, 28.71, 'Reggiani Caseifici', 'Strada Provinciale 124', 'Reggio Emilia', NULL, '42100', 'Italy'),
    (11011, 'ALFKI', 3, '1998-04-09 00:00:00.000', '1998-05-07 00:00:00.000', '1998-04-13 00:00:00.000', 1, 1.21, 'Alfred''s Futterkiste', 'Obere Str. 57', 'Berlin', NULL, '12209', 'Germany'),
    (11012, 'FRANK', 1, '1998-04-09 00:00:00.000', '1998-04-23 00:00:00.000', '1998-04-17 00:00:00.000', 3, 242.95, 'Frankenversand', 'Berliner Platz 43', 'München', NULL, '80805', 'Germany'),
    (11013, 'ROMEY', 2, '1998-04-09 00:00:00.000', '1998-05-07 00:00:00.000', '1998-04-10 00:00:00.000', 1, 32.99, 'Romero y tomillo', 'Gran Vía 1', 'Madrid', NULL, '28001', 'Spain'),
    (11014, 'LINOD', 2, '1998-04-10 00:00:00.000', '1998-05-08 00:00:00.000', '1998-04-15 00:00:00.000', 3, 23.6, 'LINO-Delicateses', 'Ave. 5 de Mayo Porlamar', 'I. de Margarita', 'Nueva Esparta', '4980', 'Venezuela'),
    (11015, 'SANTG', 2, '1998-04-10 00:00:00.000', '1998-04-24 00:00:00.000', '1998-04-20 00:00:00.000', 2, 4.62, 'Santé Gourmet', 'Erling Skakkes gate 78', 'Stavern', NULL, '4110', 'Norway'),
    (11016, 'AROUT', 9, '1998-04-10 00:00:00.000', '1998-05-08 00:00:00.000', '1998-04-13 00:00:00.000', 2, 33.8, 'Around the Horn', 'Brook Farm Stratford St. Mary', 'Colchester', 'Essex', 'CO7 6JX', 'UK'),
    (11017, 'ERNSH', 9, '1998-04-13 00:00:00.000', '1998-05-11 00:00:00.000', '1998-04-20 00:00:00.000', 2, 754.26, 'Ernst Handel', 'Kirchgasse 6', 'Graz', NULL, '8010', 'Austria'),
    (11018, 'LONEP', 4, '1998-04-13 00:00:00.000', '1998-05-11 00:00:00.000', '1998-04-16 00:00:00.000', 2, 11.65, 'Lonesome Pine Restaurant', '89 Chiaroscuro Rd.', 'Portland', 'OR', '97219', 'USA'),
    (11019, 'RANCH', 6, '1998-04-13 00:00:00.000', '1998-05-11 00:00:00.000', NULL, 3, 3.17, 'Rancho grande', 'Av. del Libertador 900', 'Buenos Aires', NULL, '1010', 'Argentina'),
    (11020, 'OTTIK', 2, '1998-04-14 00:00:00.000', '1998-05-12 00:00:00.000', '1998-04-16 00:00:00.000', 2, 43.3, 'Ottilies Käseladen', 'Mehrheimerstr. 369', 'Köln', NULL, '50739', 'Germany'),
    (11021, 'QUICK', 3, '1998-04-14 00:00:00.000', '1998-05-12 00:00:00.000', '1998-04-21 00:00:00.000', 1, 297.18, 'QUICK-Stop', 'Taucherstraße 10', 'Cunewalde', NULL, '01307', 'Germany'),
    (11022, 'HANAR', 9, '1998-04-14 00:00:00.000', '1998-05-12 00:00:00.000', '1998-05-04 00:00:00.000', 2, 6.27, 'Hanari Carnes', 'Rua do Paço 67', 'Rio de Janeiro', 'RJ', '05454-876', 'Brazil'),
    (11023, 'BSBEV', 1, '1998-04-14 00:00:00.000', '1998-04-28 00:00:00.000', '1998-04-24 00:00:00.000', 2, 123.83, 'B''s Beverages', 'Fauntleroy Circus', 'London', NULL, 'EC2 5NT', 'UK'),
    (11024, 'EASTC', 4, '1998-04-15 00:00:00.000', '1998-05-13 00:00:00.000', '1998-04-20 00:00:00.000', 1, 74.36, 'Eastern Connection', '35 King George', 'London', NULL, 'WX3 6FW', 'UK'),
    (11025, 'WARTH', 6, '1998-04-15 00:00:00.000', '1998-05-13 00:00:00.000', '1998-04-24 00:00:00.000', 3, 29.17, 'Wartian Herkku', 'Torikatu 38', 'Oulu', NULL, '90110', 'Finland'),
    (11026, 'FRANS', 4, '1998-04-15 00:00:00.000', '1998-05-13 00:00:00.000', '1998-04-28 00:00:00.000', 1, 47.09, 'Franchi S.p.A.', 'Via Monte Bianco 34', 'Torino', NULL, '10100', 'Italy'),
    (11027, 'BOTTM', 1, '1998-04-16 00:00:00.000', '1998-05-14 00:00:00.000', '1998-04-20 00:00:00.000', 1, 52.52, 'Bottom-Dollar Markets', '23 Tsawassen Blvd.', 'Tsawassen', 'BC', 'T2F 8M4', 'Canada'),
    (11028, 'KOENE', 2, '1998-04-16 00:00:00.000', '1998-05-14 00:00:00.000', '1998-04-22 00:00:00.000', 1, 29.59, 'Königlich Essen', 'Maubelstr. 90', 'Brandenburg', NULL, '14776', 'Germany'),
    (11029, 'CHOPS', 4, '1998-04-16 00:00:00.000', '1998-05-14 00:00:00.000', '1998-04-27 00:00:00.000', 1, 47.84, 'Chop-suey Chinese', 'Hauptstr. 31', 'Bern', NULL, '3012', 'Switzerland'),
    (11030, 'SAVEA', 7, '1998-04-17 00:00:00.000', '1998-05-15 00:00:00.000', '1998-04-27 00:00:00.000', 2, 830.75, 'Save-a-lot Markets', '187 Suffolk Ln.', 'Boise', 'ID', '83720', 'USA'),
    (11031, 'SAVEA', 6, '1998-04-17 00:00:00.000', '1998-05-15 00:00:00.000', '1998-04-24 00:00:00.000', 2, 227.22, 'Save-a-lot Markets', '187 Suffolk Ln.', 'Boise', 'ID', '83720', 'USA'),
    (11032, 'WHITC', 2, '1998-04-17 00:00:00.000', '1998-05-15 00:00:00.000', '1998-04-23 00:00:00.000', 3, 606.19, 'White Clover Markets', '1029 - 12th Ave. S.', 'Seattle', 'WA', '98124', 'USA'),
    (11033, 'RICSU', 7, '1998-04-17 00:00:00.000', '1998-05-15 00:00:00.000', '1998-04-23 00:00:00.000', 3, 84.74, 'Richter Supermarkt', 'Starenweg 5', 'Genève', NULL, '1204', 'Switzerland'),
    (11034, 'OLDWO', 8, '1998-04-20 00:00:00.000', '1998-06-01 00:00:00.000', '1998-04-27 00:00:00.000', 1, 40.32, 'Old World Delicatessen', '2743 Bering St.', 'Anchorage', 'AK', '99508', 'USA'),
    (11035, 'SUPRD', 2, '1998-04-20 00:00:00.000', '1998-05-18 00:00:00.000', '1998-04-24 00:00:00.000', 2, 0.17, 'Suprêmes délices', 'Boulevard Tirou 255', 'Charleroi', NULL, 'B-6000', 'Belgium'),
    (11036, 'DRACD', 8, '1998-04-20 00:00:00.000', '1998-05-18 00:00:00.000', '1998-04-22 00:00:00.000', 3, 149.47, 'Drachenblut Delikatessen', 'Walserweg 21', 'Aachen', NULL, '52066', 'Germany'),
    (11037, 'GODOS', 7, '1998-04-21 00:00:00.000', '1998-05-19 00:00:00.000', '1998-04-27 00:00:00.000', 1, 3.2, 'Godos Cocina Típica', 'C/ Romero 33', 'Sevilla', NULL, '41101', 'Spain'),
    (11038, 'SUPRD', 1, '1998-04-21 00:00:00.000', '1998-05-19 00:00:00.000', '1998-04-30 00:00:00.000', 2, 29.59, 'Suprêmes délices', 'Boulevard Tirou 255', 'Charleroi', NULL, 'B-6000', 'Belgium'),
    (11039, 'LINOD', 1, '1998-04-21 00:00:00.000', '1998-05-19 00:00:00.000', NULL, 2, 65.0, 'LINO-Delicateses', 'Ave. 5 de Mayo Porlamar', 'I. de Margarita', 'Nueva Esparta', '4980', 'Venezuela'),
    (11040, 'GREAL', 4, '1998-04-22 00:00:00.000', '1998-05-20 00:00:00.000', NULL, 3, 18.84, 'Great Lakes Food Market', '2732 Baker Blvd.', 'Eugene', 'OR', '97403', 'USA'),
    (11041, 'CHOPS', 3, '1998-04-22 00:00:00.000', '1998-05-20 00:00:00.000', '1998-04-28 00:00:00.000', 2, 48.22, 'Chop-suey Chinese', 'Hauptstr. 31', 'Bern', NULL, '3012', 'Switzerland'),
    (11042, 'COMMI', 2, '1998-04-22 00:00:00.000', '1998-05-06 00:00:00.000', '1998-05-01 00:00:00.000', 1, 29.99, 'Comércio Mineiro', 'Av. dos Lusíadas 23', 'Sao Paulo', 'SP', '05432-043', 'Brazil'),
    (11043, 'SPECD', 5, '1998-04-22 00:00:00.000', '1998-05-20 00:00:00.000', '1998-04-29 00:00:00.000', 2, 8.8, 'Spécialités du monde', '25 rue Lauriston', 'Paris', NULL, '75016', 'France'),
    (11044, 'WOLZA', 4, '1998-04-23 00:00:00.000', '1998-05-21 00:00:00.000', '1998-05-01 00:00:00.000', 1, 8.72, 'Wolski Zajazd', 'ul. Filtrowa 68', 'Warszawa', NULL, '01-012', 'Poland'),
    (11045, 'BOTTM', 6, '1998-04-23 00:00:00.000', '1998-05-21 00:00:00.000', NULL, 2, 70.58, 'Bottom-Dollar Markets', '23 Tsawassen Blvd.', 'Tsawassen', 'BC', 'T2F 8M4', 'Canada'),
    (11046, 'WANDK', 8, '1998-04-23 00:00:00.000', '1998-05-21 00:00:00.000', '1998-04-24 00:00:00.000', 2, 71.64, 'Die Wandernde Kuh', 'Adenauerallee 900', 'Stuttgart', NULL, '70563', 'Germany'),
    (11047, 'EASTC', 7, '1998-04-24 00:00:00.000', '1998-05-22 00:00:00.000', '1998-05-01 00:00:00.000', 3, 46.62, 'Eastern Connection', '35 King George', 'London', NULL, 'WX3 6FW', 'UK'),
    (11048, 'BOTTM', 7, '1998-04-24 00:00:00.000', '1998-05-22 00:00:00.000', '1998-04-30 00:00:00.000', 3, 24.12, 'Bottom-Dollar Markets', '23 Tsawassen Blvd.', 'Tsawassen', 'BC', 'T2F 8M4', 'Canada'),
    (11049, 'GOURL', 3, '1998-04-24 00:00:00.000', '1998-05-22 00:00:00.000', '1998-05-04 00:00:00.000', 1, 8.34, 'Gourmet Lanchonetes', 'Av. Brasil 442', 'Campinas', 'SP', '04876-786', 'Brazil'),
    (11050, 'FOLKO', 8, '1998-04-27 00:00:00.000', '1998-05-25 00:00:00.000', '1998-05-05 00:00:00.000', 2, 59.41, 'Folk och fä HB', 'Åkergatan 24', 'Bräcke', NULL, 'S-844 67', 'Sweden'),
    (11051, 'LAMAI', 7, '1998-04-27 00:00:00.000', '1998-05-25 00:00:00.000', NULL, 3, 2.79, 'La maison d''Asie', '1 rue Alsace-Lorraine', 'Toulouse', NULL, '31000', 'France'),
    (11052, 'HANAR', 3, '1998-04-27 00:00:00.000', '1998-05-25 00:00:00.000', '1998-05-01 00:00:00.000', 1, 67.26, 'Hanari Carnes', 'Rua do Paço 67', 'Rio de Janeiro', 'RJ', '05454-876', 'Brazil'),
    (11053, 'PICCO', 2, '1998-04-27 00:00:00.000', '1998-05-25 00:00:00.000', '1998-04-29 00:00:00.000', 2, 53.05, 'Piccolo und mehr', 'Geislweg 14', 'Salzburg', NULL, '5020', 'Austria'),
    (11054, 'CACTU', 8, '1998-04-28 00:00:00.000', '1998-05-26 00:00:00.000', NULL, 1, 0.33, 'Cactus Comidas para llevar', 'Cerrito 333', 'Buenos Aires', NULL, '1010', 'Argentina'),
    (11055, 'HILAA', 7, '1998-04-28 00:00:00.000', '1998-05-26 00:00:00.000', '1998-05-05 00:00:00.000', 2, 120.92, 'HILARION-Abastos', 'Carrera 22 con Ave. Carlos Soublette #8-35', 'San Cristóbal', 'Táchira', '5022', 'Venezuela'),
    (11056, 'EASTC', 8, '1998-04-28 00:00:00.000', '1998-05-12 00:00:00.000', '1998-05-01 00:00:00.000', 2, 278.96, 'Eastern Connection', '35 King George', 'London', NULL, 'WX3 6FW', 'UK'),
    (11057, 'NORTS', 3, '1998-04-29 00:00:00.000', '1998-05-27 00:00:00.000', '1998-05-01 00:00:00.000', 3, 4.13, 'North/South', 'South House 300 Queensbridge', 'London', NULL, 'SW7 1RZ', 'UK'),
    (11058, 'BLAUS', 9, '1998-04-29 00:00:00.000', '1998-05-27 00:00:00.000', NULL, 3, 31.14, 'Blauer See Delikatessen', 'Forsterstr. 57', 'Mannheim', NULL, '68306', 'Germany'),
    (11059, 'RICAR', 2, '1998-04-29 00:00:00.000', '1998-06-10 00:00:00.000', NULL, 2, 85.8, 'Ricardo Adocicados', 'Av. Copacabana 267', 'Rio de Janeiro', 'RJ', '02389-890', 'Brazil'),
    (11060, 'FRANS', 2, '1998-04-30 00:00:00.000', '1998-05-28 00:00:00.000', '1998-05-04 00:00:00.000', 2, 10.98, 'Franchi S.p.A.', 'Via Monte Bianco 34', 'Torino', NULL, '10100', 'Italy'),
    (11061, 'GREAL', 4, '1998-04-30 00:00:00.000', '1998-06-11 00:00:00.000', NULL, 3, 14.01, 'Great Lakes Food Market', '2732 Baker Blvd.', 'Eugene', 'OR', '97403', 'USA'),
    (11062, 'REGGC', 4, '1998-04-30 00:00:00.000', '1998-05-28 00:00:00.000', NULL, 2, 29.93, 'Reggiani Caseifici', 'Strada Provinciale 124', 'Reggio Emilia', NULL, '42100', 'Italy'),
    (11063, 'HUNGO', 3, '1998-04-30 00:00:00.000', '1998-05-28 00:00:00.000', '1998-05-06 00:00:00.000', 2, 81.73, 'Hungry Owl All-Night Grocers', '8 Johnstown Road', 'Cork', 'Co. Cork', NULL, 'Ireland'),
    (11064, 'SAVEA', 1, '1998-05-01 00:00:00.000', '1998-05-29 00:00:00.000', '1998-05-04 00:00:00.000', 1, 30.09, 'Save-a-lot Markets', '187 Suffolk Ln.', 'Boise', 'ID', '83720', 'USA'),
    (11065, 'LILAS', 8, '1998-05-01 00:00:00.000', '1998-05-29 00:00:00.000', NULL, 1, 12.91, 'LILA-Supermercado', 'Carrera 52 con Ave. Bolívar #65-98 Llano Largo', 'Barquisimeto', 'Lara', '3508', 'Venezuela'),
    (11066, 'WHITC', 7, '1998-05-01 00:00:00.000', '1998-05-29 00:00:00.000', '1998-05-04 00:00:00.000', 2, 44.72, 'White Clover Markets', '1029 - 12th Ave. S.', 'Seattle', 'WA', '98124', 'USA'),
    (11067, 'DRACD', 1, '1998-05-04 00:00:00.000', '1998-05-18 00:00:00.000', '1998-05-06 00:00:00.000', 2, 7.98, 'Drachenblut Delikatessen', 'Walserweg 21', 'Aachen', NULL, '52066', 'Germany'),
    (11068, 'QUEEN', 8, '1998-05-04 00:00:00.000', '1998-06-01 00:00:00.000', NULL, 2, 81.75, 'Queen Cozinha', 'Alameda dos Canàrios 891', 'Sao Paulo', 'SP', '05487-020', 'Brazil'),
    (11069, 'TORTU', 1, '1998-05-04 00:00:00.000', '1998-06-01 00:00:00.000', '1998-05-06 00:00:00.000', 2, 15.67, 'Tortuga Restaurante', 'Avda. Azteca 123', 'México D.F.', NULL, '05033', 'Mexico'),
    (11070, 'LEHMS', 2, '1998-05-05 00:00:00.000', '1998-06-02 00:00:00.000', NULL, 1, 136.0, 'Lehmanns Marktstand', 'Magazinweg 7', 'Frankfurt a.M.', NULL, '60528', 'Germany'),
    (11071, 'LILAS', 1, '1998-05-05 00:00:00.000', '1998-06-02 00:00:00.000', NULL, 1, 0.93, 'LILA-Supermercado', 'Carrera 52 con Ave. Bolívar #65-98 Llano Largo', 'Barquisimeto', 'Lara', '3508', 'Venezuela'),
    (11072, 'ERNSH', 4, '1998-05-05 00:00:00.000', '1998-06-02 00:00:00.000', NULL, 2, 258.64, 'Ernst Handel', 'Kirchgasse 6', 'Graz', NULL, '8010', 'Austria'),
    (11073, 'PERIC', 2, '1998-05-05 00:00:00.000', '1998-06-02 00:00:00.000', NULL, 2, 24.95, 'Pericles Comidas clásicas', 'Calle Dr. Jorge Cash 321', 'México D.F.', NULL, '05033', 'Mexico'),
    (11074, 'SIMOB', 7, '1998-05-06 00:00:00.000', '1998-06-03 00:00:00.000', NULL, 2, 18.44, 'Simons bistro', 'Vinbæltet 34', 'Kobenhavn', NULL, '1734', 'Denmark'),
    (11075, 'RICSU', 8, '1998-05-06 00:00:00.000', '1998-06-03 00:00:00.000', NULL, 2, 6.19, 'Richter Supermarkt', 'Starenweg 5', 'Genève', NULL, '1204', 'Switzerland'),
    (11076, 'BONAP', 4, '1998-05-06 00:00:00.000', '1998-06-03 00:00:00.000', NULL, 2, 38.28, 'Bon app''', '12 rue des Bouchers', 'Marseille', NULL, '13008', 'France'),
    (11077, 'RATTC', 1, '1998-05-06 00:00:00.000', '1998-06-03 00:00:00.000', NULL, 2, 8.53, 'Rattlesnake Canyon Grocery', '2817 Milton Dr.', 'Albuquerque', 'NM', '87110', 'USA');

-- Insert statements for table: products
INSERT INTO products (productID, productName, supplierID, categoryID, quantityPerUnit, unitPrice, unitsInStock, unitsOnOrder, reorderLevel, discontinued) VALUES
    (1, 'Chai', 1, 1, '10 boxes x 20 bags', 18.0, 39, 0, 10, 0),
    (2, 'Chang', 1, 1, '24 - 12 oz bottles', 19.0, 17, 40, 25, 0),
    (3, 'Aniseed Syrup', 1, 2, '12 - 550 ml bottles', 10.0, 13, 70, 25, 0),
    (4, 'Chef Anton''s Cajun Seasoning', 2, 2, '48 - 6 oz jars', 22.0, 53, 0, 0, 0),
    (5, 'Chef Anton''s Gumbo Mix', 2, 2, '36 boxes', 21.35, 0, 0, 0, 1),
    (6, 'Grandma''s Boysenberry Spread', 3, 2, '12 - 8 oz jars', 25.0, 120, 0, 25, 0),
    (7, 'Uncle Bob''s Organic Dried Pears', 3, 7, '12 - 1 lb pkgs.', 30.0, 15, 0, 10, 0),
    (8, 'Northwoods Cranberry Sauce', 3, 2, '12 - 12 oz jars', 40.0, 6, 0, 0, 0),
    (9, 'Mishi Kobe Niku', 4, 6, '18 - 500 g pkgs.', 97.0, 29, 0, 0, 1),
    (10, 'Ikura', 4, 8, '12 - 200 ml jars', 31.0, 31, 0, 0, 0),
    (11, 'Queso Cabrales', 5, 4, '1 kg pkg.', 21.0, 22, 30, 30, 0),
    (12, 'Queso Manchego La Pastora', 5, 4, '10 - 500 g pkgs.', 38.0, 86, 0, 0, 0),
    (13, 'Konbu', 6, 8, '2 kg box', 6.0, 24, 0, 5, 0),
    (14, 'Tofu', 6, 7, '40 - 100 g pkgs.', 23.25, 35, 0, 0, 0),
    (15, 'Genen Shouyu', 6, 2, '24 - 250 ml bottles', 15.5, 39, 0, 5, 0),
    (16, 'Pavlova', 7, 3, '32 - 500 g boxes', 17.45, 29, 0, 10, 0),
    (17, 'Alice Mutton', 7, 6, '20 - 1 kg tins', 39.0, 0, 0, 0, 1),
    (18, 'Carnarvon Tigers', 7, 8, '16 kg pkg.', 62.5, 42, 0, 0, 0),
    (19, 'Teatime Chocolate Biscuits', 8, 3, '10 boxes x 12 pieces', 9.2, 25, 0, 5, 0),
    (20, 'Sir Rodney''s Marmalade', 8, 3, '30 gift boxes', 81.0, 40, 0, 0, 0),
    (21, 'Sir Rodney''s Scones', 8, 3, '24 pkgs. x 4 pieces', 10.0, 3, 40, 5, 0),
    (22, 'Gustaf''s Knäckebröd', 9, 5, '24 - 500 g pkgs.', 21.0, 104, 0, 25, 0),
    (23, 'Tunnbröd', 9, 5, '12 - 250 g pkgs.', 9.0, 61, 0, 25, 0),
    (24, 'Guaraná Fantástica', 10, 1, '12 - 355 ml cans', 4.5, 20, 0, 0, 1),
    (25, 'NuNuCa Nuß-Nougat-Creme', 11, 3, '20 - 450 g glasses', 14.0, 76, 0, 30, 0),
    (26, 'Gumbär Gummibärchen', 11, 3, '100 - 250 g bags', 31.23, 15, 0, 0, 0),
    (27, 'Schoggi Schokolade', 11, 3, '100 - 100 g pieces', 43.9, 49, 0, 30, 0),
    (28, 'Rössle Sauerkraut', 12, 7, '25 - 825 g cans', 45.6, 26, 0, 0, 1),
    (29, 'Thüringer Rostbratwurst', 12, 6, '50 bags x 30 sausgs.', 123.79, 0, 0, 0, 1),
    (30, 'Nord-Ost Matjeshering', 13, 8, '10 - 200 g glasses', 25.89, 10, 0, 15, 0),
    (31, 'Gorgonzola Telino', 14, 4, '12 - 100 g pkgs', 12.5, 0, 70, 20, 0),
    (32, 'Mascarpone Fabioli', 14, 4, '24 - 200 g pkgs.', 32.0, 9, 40, 25, 0),
    (33, 'Geitost', 15, 4, '500 g', 2.5, 112, 0, 20, 0),
    (34, 'Sasquatch Ale', 16, 1, '24 - 12 oz bottles', 14.0, 111, 0, 15, 0),
    (35, 'Steeleye Stout', 16, 1, '24 - 12 oz bottles', 18.0, 20, 0, 15, 0),
    (36, 'Inlagd Sill', 17, 8, '24 - 250 g  jars', 19.0, 112, 0, 20, 0),
    (37, 'Gravad lax', 17, 8, '12 - 500 g pkgs.', 26.0, 11, 50, 25, 0),
    (38, 'Côte de Blaye', 18, 1, '12 - 75 cl bottles', 263.5, 17, 0, 15, 0),
    (39, 'Chartreuse verte', 18, 1, '750 cc per bottle', 18.0, 69, 0, 5, 0),
    (40, 'Boston Crab Meat', 19, 8, '24 - 4 oz tins', 18.4, 123, 0, 30, 0),
    (41, 'Jack''s New England Clam Chowder', 19, 8, '12 - 12 oz cans', 9.65, 85, 0, 10, 0),
    (42, 'Singaporean Hokkien Fried Mee', 20, 5, '32 - 1 kg pkgs.', 14.0, 26, 0, 0, 1),
    (43, 'Ipoh Coffee', 20, 1, '16 - 500 g tins', 46.0, 17, 10, 25, 0),
    (44, 'Gula Malacca', 20, 2, '20 - 2 kg bags', 19.45, 27, 0, 15, 0),
    (45, 'Rogede sild', 21, 8, '1k pkg.', 9.5, 5, 70, 15, 0),
    (46, 'Spegesild', 21, 8, '4 - 450 g glasses', 12.0, 95, 0, 0, 0),
    (47, 'Zaanse koeken', 22, 3, '10 - 4 oz boxes', 9.5, 36, 0, 0, 0),
    (48, 'Chocolade', 22, 3, '10 pkgs.', 12.75, 15, 70, 25, 0),
    (49, 'Maxilaku', 23, 3, '24 - 50 g pkgs.', 20.0, 10, 60, 15, 0),
    (50, 'Valkoinen suklaa', 23, 3, '12 - 100 g bars', 16.25, 65, 0, 30, 0),
    (51, 'Manjimup Dried Apples', 24, 7, '50 - 300 g pkgs.', 53.0, 20, 0, 10, 0),
    (52, 'Filo Mix', 24, 5, '16 - 2 kg boxes', 7.0, 38, 0, 25, 0),
    (53, 'Perth Pasties', 24, 6, '48 pieces', 32.8, 0, 0, 0, 1),
    (54, 'Tourtière', 25, 6, '16 pies', 7.45, 21, 0, 10, 0),
    (55, 'Pâté chinois', 25, 6, '24 boxes x 2 pies', 24.0, 115, 0, 20, 0),
    (56, 'Gnocchi di nonna Alice', 26, 5, '24 - 250 g pkgs.', 38.0, 21, 10, 30, 0),
    (57, 'Ravioli Angelo', 26, 5, '24 - 250 g pkgs.', 19.5, 36, 0, 20, 0),
    (58, 'Escargots de Bourgogne', 27, 8, '24 pieces', 13.25, 62, 0, 20, 0),
    (59, 'Raclette Courdavault', 28, 4, '5 kg pkg.', 55.0, 79, 0, 0, 0),
    (60, 'Camembert Pierrot', 28, 4, '15 - 300 g rounds', 34.0, 19, 0, 0, 0),
    (61, 'Sirop d''érable', 29, 2, '24 - 500 ml bottles', 28.5, 113, 0, 25, 0),
    (62, 'Tarte au sucre', 29, 3, '48 pies', 49.3, 17, 0, 0, 0),
    (63, 'Vegie-spread', 7, 2, '15 - 625 g jars', 43.9, 24, 0, 5, 0),
    (64, 'Wimmers gute Semmelknödel', 12, 5, '20 bags x 4 pieces', 33.25, 22, 80, 30, 0),
    (65, 'Louisiana Fiery Hot Pepper Sauce', 2, 2, '32 - 8 oz bottles', 21.05, 76, 0, 0, 0),
    (66, 'Louisiana Hot Spiced Okra', 2, 2, '24 - 8 oz jars', 17.0, 4, 100, 20, 0),
    (67, 'Laughing Lumberjack Lager', 16, 1, '24 - 12 oz bottles', 14.0, 52, 0, 10, 0),
    (68, 'Scottish Longbreads', 8, 3, '10 boxes x 8 pieces', 12.5, 6, 10, 15, 0),
    (69, 'Gudbrandsdalsost', 15, 4, '10 kg pkg.', 36.0, 26, 0, 15, 0),
    (70, 'Outback Lager', 7, 1, '24 - 355 ml bottles', 15.0, 15, 10, 30, 0),
    (71, 'Flotemysost', 15, 4, '10 - 500 g pkgs.', 21.5, 26, 0, 0, 0),
    (72, 'Mozzarella di Giovanni', 14, 4, '24 - 200 g pkgs.', 34.8, 14, 0, 0, 0),
    (73, 'Röd Kaviar', 17, 8, '24 - 150 g jars', 15.0, 101, 0, 5, 0),
    (74, 'Longlife Tofu', 4, 7, '5 kg pkg.', 10.0, 4, 20, 5, 0),
    (75, 'Rhönbräu Klosterbier', 12, 1, '24 - 0.5 l bottles', 7.75, 125, 0, 25, 0),
    (76, 'Lakkalikööri', 23, 1, '500 ml', 18.0, 57, 0, 20, 0),
    (77, 'Original Frankfurter grüne Soße', 12, 2, '12 boxes', 13.0, 32, 0, 15, 0);

-- Insert statements for table: regions
INSERT INTO regions (regionID, regionDescription) VALUES
    (1, 'Eastern'),
    (2, 'Western'),
    (3, 'Northern'),
    (4, 'Southern');

-- Insert statements for table: shippers
INSERT INTO shippers (shipperID, companyName, phone) VALUES
    (1, 'Speedy Express', '(503) 555-9831'),
    (2, 'United Package', '(503) 555-3199'),
    (3, 'Federal Shipping', '(503) 555-9931');

-- Insert statements for table: suppliers
INSERT INTO suppliers (supplierID, companyName, contactName, contactTitle, address, city, region, postalCode, country, phone, fax, homePage) VALUES
    (1, 'Exotic Liquids', 'Charlotte Cooper', 'Purchasing Manager', '49 Gilbert St.', 'London', NULL, 'EC1 4SD', 'UK', '(171) 555-2222', NULL, NULL),
    (2, 'New Orleans Cajun Delights', 'Shelley Burke', 'Order Administrator', 'P.O. Box 78934', 'New Orleans', 'LA', '70117', 'USA', '(100) 555-4822', NULL, '#CAJUN.HTM#'),
    (3, 'Grandma Kelly''s Homestead', 'Regina Murphy', 'Sales Representative', '707 Oxford Rd.', 'Ann Arbor', 'MI', '48104', 'USA', '(313) 555-5735', '(313) 555-3349', NULL),
    (4, 'Tokyo Traders', 'Yoshi Nagase', 'Marketing Manager', '9-8 Sekimai Musashino-shi', 'Tokyo', NULL, '100', 'Japan', '(03) 3555-5011', NULL, NULL),
    (5, 'Cooperativa de Quesos ''Las Cabras''', 'Antonio del Valle Saavedra', 'Export Administrator', 'Calle del Rosal 4', 'Oviedo', 'Asturias', '33007', 'Spain', '(98) 598 76 54', NULL, NULL),
    (6, 'Mayumi''s', 'Mayumi Ohno', 'Marketing Representative', '92 Setsuko Chuo-ku', 'Osaka', NULL, '545', 'Japan', '(06) 431-7877', NULL, 'Mayumi''s (on the World Wide Web)#http://www.microsoft.com/accessdev/sampleapps/mayumi.htm#'),
    (7, 'Pavlova Ltd.', 'Ian Devling', 'Marketing Manager', '74 Rose St. Moonie Ponds', 'Melbourne', 'Victoria', '3058', 'Australia', '(03) 444-2343', '(03) 444-6588', NULL),
    (8, 'Specialty Biscuits Ltd.', 'Peter Wilson', 'Sales Representative', '29 King''s Way', 'Manchester', NULL, 'M14 GSD', 'UK', '(161) 555-4448', NULL, NULL),
    (9, 'PB Knäckebröd AB', 'Lars Peterson', 'Sales Agent', 'Kaloadagatan 13', 'Göteborg', NULL, 'S-345 67', 'Sweden', '031-987 65 43', '031-987 65 91', NULL),
    (10, 'Refrescos Americanas LTDA', 'Carlos Diaz', 'Marketing Manager', 'Av. das Americanas 12.890', 'Sao Paulo', NULL, '5442', 'Brazil', '(11) 555 4640', NULL, NULL),
    (11, 'Heli Süßwaren GmbH & Co. KG', 'Petra Winkler', 'Sales Manager', 'Tiergartenstraße 5', 'Berlin', NULL, '10785', 'Germany', '(010) 9984510', NULL, NULL),
    (12, 'Plutzer Lebensmittelgroßmärkte AG', 'Martin Bein', 'International Marketing Mgr.', 'Bogenallee 51', 'Frankfurt', NULL, '60439', 'Germany', '(069) 992755', NULL, 'Plutzer (on the World Wide Web)#http://www.microsoft.com/accessdev/sampleapps/plutzer.htm#'),
    (13, 'Nord-Ost-Fisch Handelsgesellschaft mbH', 'Sven Petersen', 'Coordinator Foreign Markets', 'Frahmredder 112a', 'Cuxhaven', NULL, '27478', 'Germany', '(04721) 8713', '(04721) 8714', NULL),
    (14, 'Formaggi Fortini s.r.l.', 'Elio Rossi', 'Sales Representative', 'Viale Dante 75', 'Ravenna', NULL, '48100', 'Italy', '(0544) 60323', '(0544) 60603', '#FORMAGGI.HTM#'),
    (15, 'Norske Meierier', 'Beate Vileid', 'Marketing Manager', 'Hatlevegen 5', 'Sandvika', NULL, '1320', 'Norway', '(0)2-953010', NULL, NULL),
    (16, 'Bigfoot Breweries', 'Cheryl Saylor', 'Regional Account Rep.', '3400 - 8th Avenue Suite 210', 'Bend', 'OR', '97101', 'USA', '(503) 555-9931', NULL, NULL),
    (17, 'Svensk Sjöföda AB', 'Michael Björn', 'Sales Representative', 'Brovallavägen 231', 'Stockholm', NULL, 'S-123 45', 'Sweden', '08-123 45 67', NULL, NULL),
    (18, 'Aux joyeux ecclésiastiques', 'Guylène Nodier', 'Sales Manager', '203 Rue des Francs-Bourgeois', 'Paris', NULL, '75004', 'France', '(1) 03.83.00.68', '(1) 03.83.00.62', NULL),
    (19, 'New England Seafood Cannery', 'Robb Merchant', 'Wholesale Account Agent', 'Order Processing Dept. 2100 Paul Revere Blvd.', 'Boston', 'MA', '02134', 'USA', '(617) 555-3267', '(617) 555-3389', NULL),
    (20, 'Leka Trading', 'Chandra Leka', 'Owner', '471 Serangoon Loop Suite #402', 'Singapore', NULL, '0512', 'Singapore', '555-8787', NULL, NULL),
    (21, 'Lyngbysild', 'Niels Petersen', 'Sales Manager', 'Lyngbysild Fiskebakken 10', 'Lyngby', NULL, '2800', 'Denmark', '43844108', '43844115', NULL),
    (22, 'Zaanse Snoepfabriek', 'Dirk Luchte', 'Accounting Manager', 'Verkoop Rijnweg 22', 'Zaandam', NULL, '9999 ZZ', 'Netherlands', '(12345) 1212', '(12345) 1210', NULL),
    (23, 'Karkki Oy', 'Anne Heikkonen', 'Product Manager', 'Valtakatu 12', 'Lappeenranta', NULL, '53120', 'Finland', '(953) 10956', NULL, NULL),
    (24, 'G''day Mate', 'Wendy Mackenzie', 'Sales Representative', '170 Prince Edward Parade Hunter''s Hill', 'Sydney', 'NSW', '2042', 'Australia', '(02) 555-5914', '(02) 555-4873', 'G''day Mate (on the World Wide Web)#http://www.microsoft.com/accessdev/sampleapps/gdaymate.htm#'),
    (25, 'Ma Maison', 'Jean-Guy Lauzon', 'Marketing Manager', '2960 Rue St. Laurent', 'Montréal', 'Québec', 'H1J 1C3', 'Canada', '(514) 555-9022', NULL, NULL),
    (26, 'Pasta Buttini s.r.l.', 'Giovanni Giudici', 'Order Administrator', 'Via dei Gelsomini 153', 'Salerno', NULL, '84100', 'Italy', '(089) 6547665', '(089) 6547667', NULL),
    (27, 'Escargots Nouveaux', 'Marie Delamare', 'Sales Manager', '22 rue H. Voiron', 'Montceau', NULL, '71300', 'France', '85.57.00.07', NULL, NULL),
    (28, 'Gai pâturage', 'Eliane Noz', 'Sales Representative', 'Bat. B 3 rue des Alpes', 'Annecy', NULL, '74000', 'France', '38.76.98.06', '38.76.98.58', NULL),
    (29, 'Forêts d''érables', 'Chantal Goulet', 'Accounting Manager', '148 rue Chasseur', 'Ste-Hyacinthe', 'Québec', 'J2S 7S8', 'Canada', '(514) 555-2955', '(514) 555-2921', NULL);

-- Insert statements for table: territories
INSERT INTO territories (territoryID, territoryDescription, regionID) VALUES
    (1581, 'Westboro', 1),
    (1730, 'Bedford', 1),
    (1833, 'Georgetow', 1),
    (2116, 'Boston', 1),
    (2139, 'Cambridge', 1),
    (2184, 'Braintree', 1),
    (2903, 'Providence', 1),
    (3049, 'Hollis', 3),
    (3801, 'Portsmouth', 3),
    (6897, 'Wilton', 1),
    (7960, 'Morristown', 1),
    (8837, 'Edison', 1),
    (10019, 'NewYork', 1),
    (10038, 'NewYork', 1),
    (11747, 'Mellvile', 1),
    (14450, 'Fairport', 1),
    (19428, 'Philadelphia', 3),
    (19713, 'Neward', 1),
    (20852, 'Rockville', 1),
    (27403, 'Greensboro', 1),
    (27511, 'Cary', 1),
    (29202, 'Columbia', 4),
    (30346, 'Atlanta', 4),
    (31406, 'Savannah', 4),
    (32859, 'Orlando', 4),
    (33607, 'Tampa', 4),
    (40222, 'Louisville', 1),
    (44122, 'Beachwood', 3),
    (45839, 'Findlay', 3),
    (48075, 'Southfield', 3),
    (48084, 'Troy', 3),
    (48304, 'BloomfieldHills', 3),
    (53404, 'Racine', 3),
    (55113, 'Roseville', 3),
    (55439, 'Minneapolis', 3),
    (60179, 'HoffmanEstates', 2),
    (60601, 'Chicago', 2),
    (72716, 'Bentonville', 4),
    (75234, 'Dallas', 4),
    (78759, 'Austin', 4),
    (80202, 'Denver', 2),
    (80909, 'ColoradoSprings', 2),
    (85014, 'Phoenix', 2),
    (85251, 'Scottsdale', 2),
    (90405, 'SantaMonica', 2),
    (94025, 'MenloPark', 2),
    (94105, 'SanFrancisco', 2),
    (95008, 'Campbell', 2),
    (95054, 'SantaClara', 2),
    (95060, 'SantaCruz', 2),
    (98004, 'Bellevue', 2),
    (98052, 'Redmond', 2),
    (98104, 'Seattle', 2);

